Customer_ID,Age,Gender,Category,Product,Purchase_Amount,Quantity,Discount_Applied,Subscription_Status,Payment_Method,Purchase_Date,Location,Review_Rating
C00087,24,Male,Books,Technology,154.66,1,No,Inactive,Debit Card,2025-05-15,Hyderabad,4.8
C01503,46,Female,Electronics,Smartwatch,53480.33,3,Yes,Active,Net Banking,2025-01-28,Mumbai,4.3
C01253,47,Male,Beauty,Skin Serum,3038.76,3,No,Active,UPI,2025-04-27,Bengaluru,5.0
C00201,48,Male,Electronics,Smartwatch,21968.57,1,Yes,Active,Credit Card,2024-02-18,Bengaluru,3.6
C01581,63,Female,Beauty,Perfume,3462.99,1,No,Active,Net Banking,2024-07-09,Jaipur,3.8
C00930,55,Male,Electronics,Speaker,31870.38,1,No,Inactive,UPI,2024-07-21,Pune,3.3
C00264,20,Male,Beauty,Lipstick,1398.38,1,No,Inactive,UPI,2024-03-19,Chennai,4.8
C01752,48,Female,Clothing,Jacket,1426.02,1,No,Active,Credit Card,2025-12-16,Mumbai,3.5
C01338,20,Female,Beauty,Skin Serum,2130.94,1,Yes,Inactive,UPI,2025-07-20,Delhi,4.5
C00750,31,Male,Clothing,Sneakers,3249.65,1,Yes,Inactive,Cash,2024-11-11,Chandigarh,4.2
C00620,21,Female,Beauty,Skin Serum,2233.64,2,Yes,Inactive,Debit Card,2024-11-29,Kolkata,3.7
C01269,31,Male,Clothing,T-Shirt,1718.91,2,No,Active,Cash,2024-03-27,Hyderabad,4.3
C01819,59,Other,Electronics,Headphones,86169.99,1,No,Inactive,UPI,2025-06-16,Hyderabad,3.1
C00279,28,Female,Books,Comics,437.68,2,Yes,Inactive,Debit Card,2025-06-01,Kolkata,3.4
C01601,33,Male,Electronics,Headphones,18484.51,3,Yes,Inactive,UPI,2025-10-07,Mumbai,4.8
C01261,27,Female,Home & Kitchen,Coffee Maker,9855.0,2,No,Active,Net Banking,2024-02-29,Hyderabad,4.2
C01127,62,Male,Electronics,Speaker,61390.11,2,Yes,Inactive,Debit Card,2025-09-19,Ahmedabad,3.1
C00825,29,Female,Electronics,Speaker,20640.05,3,No,Inactive,Debit Card,2024-08-14,Pune,2.9
C01854,18,Male,Home & Kitchen,Cookware,3939.67,3,No,Active,UPI,2025-09-23,Kolkata,4.1
C01919,46,Male,Sports,Running Shoes,1116.75,1,No,Active,Debit Card,2024-10-31,Ahmedabad,3.3
C00410,44,Male,Clothing,Sneakers,645.63,4,No,Active,Credit Card,2025-10-05,Jaipur,4.3
C01369,53,Male,Clothing,Jeans,930.56,2,Yes,Inactive,Net Banking,2025-11-22,Chandigarh,4.4
C01054,30,Male,Home & Kitchen,Bedsheet,14134.7,4,No,Active,Debit Card,2024-01-11,Delhi,4.1
C00413,26,Male,Clothing,Jacket,3632.72,1,No,Active,Credit Card,2025-07-12,Bengaluru,3.1
C01573,44,Female,Beauty,Lipstick,1912.49,3,No,Inactive,Debit Card,2025-06-22,Mumbai,3.7
C00070,51,Male,Clothing,T-Shirt,367.85,1,No,Inactive,UPI,2025-04-26,Bengaluru,4.9
C00661,29,Male,Electronics,Laptop,20079.35,1,Yes,Active,Debit Card,2025-03-22,Jaipur,3.7
C01244,47,Male,Electronics,Laptop,3603.72,2,No,Inactive,Credit Card,2024-09-12,Bengaluru,4.1
C01504,55,Male,Electronics,Smartphone,56031.04,2,No,Inactive,Debit Card,2024-07-06,Jaipur,3.3
C00872,58,Female,Sports,Cricket Bat,11254.24,1,Yes,Inactive,UPI,2024-04-27,Mumbai,4.3
C01535,51,Female,Books,Business,1579.66,3,Yes,Inactive,UPI,2025-05-14,Bengaluru,5.0
C00293,27,Male,Clothing,Jeans,588.93,5,No,Active,Credit Card,2024-05-07,Jaipur,3.7
C01432,33,Male,Sports,Cricket Bat,2127.15,1,Yes,Inactive,UPI,2024-05-01,Jaipur,3.5
C00911,25,Female,Sports,Football,4465.02,1,Yes,Active,UPI,2025-08-19,Chandigarh,4.3
C00576,36,Female,Books,Self-Help,1143.97,3,No,Active,UPI,2024-10-01,Pune,4.4
C00663,34,Female,Clothing,Sneakers,4224.41,2,Yes,Inactive,Wallet,2024-04-20,Jaipur,4.3
C00651,23,Male,Sports,Cricket Bat,5140.58,5,No,Active,UPI,2025-02-26,Bengaluru,4.4
C01383,22,Female,Electronics,Laptop,52536.89,2,No,Active,Credit Card,2024-03-27,Pune,4.4
C01732,54,Male,Sports,Running Shoes,10850.75,1,No,Inactive,Debit Card,2024-02-22,Mumbai,4.6
C01938,64,Male,Beauty,Perfume,1119.41,3,No,Inactive,Credit Card,2024-06-18,Delhi,2.9
C01635,25,Female,Clothing,Jacket,3838.32,2,No,Inactive,Net Banking,2024-11-28,Jaipur,4.0
C00253,43,Male,Electronics,Speaker,9377.62,3,No,Active,Cash,2025-11-13,Jaipur,3.8
C00502,44,Male,Sports,Cricket Bat,1220.31,2,No,Active,UPI,2025-11-09,Ahmedabad,4.3
C01720,47,Female,Beauty,Skin Serum,3106.71,3,No,Inactive,Net Banking,2024-11-22,Kolkata,3.9
C01868,45,Female,Beauty,Perfume,2591.99,4,Yes,Active,Debit Card,2024-01-07,Ahmedabad,5.0
C00475,40,Male,Clothing,Dress,4829.92,2,Yes,Active,Net Banking,2025-10-08,Bengaluru,4.3
C01683,64,Female,Electronics,Smartphone,39557.7,4,No,Active,UPI,2025-03-14,Pune,3.9
C00425,56,Female,Electronics,Speaker,79399.68,1,Yes,Inactive,Debit Card,2025-07-05,Mumbai,3.6
C01697,23,Female,Home & Kitchen,Bedsheet,4400.18,2,No,Active,Debit Card,2024-01-29,Pune,4.8
C00994,32,Female,Books,Technology,1407.92,1,No,Inactive,UPI,2025-06-21,Hyderabad,4.1
C00587,26,Female,Home & Kitchen,Lamp,803.46,3,No,Inactive,Debit Card,2024-03-08,Mumbai,3.7
C00305,35,Male,Electronics,Smartphone,20782.64,2,Yes,Inactive,Net Banking,2025-07-09,Ahmedabad,4.0
C00162,50,Female,Electronics,Smartphone,17739.75,2,No,Inactive,Debit Card,2024-02-05,Chennai,4.0
C01535,18,Male,Sports,Dumbbells,4494.12,2,No,Inactive,Debit Card,2024-10-12,Chennai,4.5
C01050,64,Male,Home & Kitchen,Lamp,6961.43,2,No,Active,Credit Card,2024-12-25,Delhi,3.9
C01132,32,Other,Beauty,Face Cream,4756.29,1,No,Inactive,UPI,2024-09-17,Pune,
C01661,57,Female,Sports,Dumbbells,7029.2,2,No,Inactive,UPI,2024-05-26,Kolkata,3.9
C00666,59,Male,Home & Kitchen,Cookware,11541.9,3,No,Active,Debit Card,2025-09-11,Chennai,4.5
C01288,30,Male,Beauty,Face Cream,1966.03,2,No,Active,UPI,2024-07-29,Chennai,4.0
C00288,33,Female,Home & Kitchen,Bedsheet,382.57,3,No,Inactive,UPI,2025-12-29,Jaipur,4.2
C00346,32,Male,Electronics,Smartwatch,28135.24,4,No,Active,Debit Card,2024-02-27,Chennai,4.5
C01405,35,Female,Electronics,Smartphone,56198.16,3,No,Inactive,Credit Card,2024-11-07,Pune,2.1
C00151,35,Male,Home & Kitchen,Storage Box,9609.55,1,No,Active,Wallet,2024-09-22,Ahmedabad,4.2
C01887,59,Female,Clothing,T-Shirt,4689.6,1,Yes,Inactive,UPI,2024-07-17,Ahmedabad,3.4
C00823,37,Male,Sports,Dumbbells,881.14,1,Yes,Inactive,UPI,2024-10-23,Hyderabad,3.6
C01811,44,Female,Sports,Football,7517.6,2,No,Active,Credit Card,2024-12-01,Chandigarh,
C01940,30,Male,Books,Fiction,684.29,3,Yes,Inactive,Credit Card,2025-12-05,Jaipur,4.7
C01363,53,Female,Beauty,Face Cream,3572.66,4,Yes,Inactive,Debit Card,2025-05-26,Chandigarh,2.6
C00622,44,Female,Electronics,Smartphone,1651.95,3,No,Active,UPI,2024-04-11,Jaipur,2.4
C01668,40,Female,Electronics,Speaker,54497.57,1,Yes,Active,Wallet,2024-01-17,Jaipur,3.1
C00610,27,Other,Books,Self-Help,370.74,5,No,Inactive,UPI,2025-03-02,Chandigarh,5.0
C00265,46,Female,Sports,Football,7311.42,1,No,Active,Credit Card,2025-10-21,Bengaluru,5.0
C00652,20,Male,Sports,Yoga Mat,6419.3,1,Yes,Inactive,Credit Card,2024-06-01,Bengaluru,3.4
C01679,60,Female,Home & Kitchen,Bedsheet,3778.89,1,Yes,Active,Debit Card,2024-12-01,Jaipur,4.0
C01948,34,Female,Clothing,Jeans,618.17,2,Yes,Active,Net Banking,2025-12-24,Mumbai,4.5
C01388,62,Male,Books,Self-Help,1495.18,3,Yes,Inactive,Debit Card,2025-03-13,Chennai,3.7
C01340,22,Female,Clothing,Dress,1551.31,3,Yes,Active,Net Banking,2024-12-06,Mumbai,4.3
C01379,38,Male,Clothing,Jacket,934.75,2,No,Active,Credit Card,2025-03-01,Jaipur,3.7
C00113,52,Male,Books,Comics,742.01,1,Yes,Inactive,Cash,2025-11-27,Hyderabad,4.5
C00620,61,Female,Home & Kitchen,Lamp,1727.34,2,Yes,Inactive,Wallet,2025-09-21,Chennai,4.4
C01895,31,Female,Clothing,Jacket,1470.51,1,Yes,Active,UPI,2024-07-10,Mumbai,5.0
C01977,58,Female,Clothing,Sneakers,4880.34,2,No,Inactive,Wallet,2025-03-06,Bengaluru,3.8
C01325,45,Female,Beauty,Perfume,1705.66,1,No,Inactive,UPI,2024-03-12,Delhi,3.7
C01326,25,Female,Electronics,Smartwatch,74175.13,4,No,Inactive,Debit Card,2024-08-29,Pune,4.4
C01650,52,Female,Home & Kitchen,Storage Box,7715.93,2,No,Inactive,Wallet,2024-11-23,Ahmedabad,3.2
C00067,18,Female,Clothing,Jeans,694.29,1,Yes,Inactive,Credit Card,2025-12-26,Hyderabad,3.0
C01677,46,Male,Clothing,Jacket,542.69,1,Yes,Active,UPI,2024-06-23,Bengaluru,3.4
C01265,56,Male,Beauty,Lipstick,3179.94,3,Yes,Inactive,Net Banking,2024-04-10,Hyderabad,4.0
C00305,63,Female,Electronics,Headphones,79372.27,1,No,Inactive,Debit Card,2025-01-13,Jaipur,3.7
C00141,44,Female,Sports,Football,8442.24,2,No,Active,Debit Card,2025-04-04,Jaipur,5.0
C00857,53,Male,Clothing,Dress,3199.0,3,Yes,Inactive,Credit Card,2025-08-02,Bengaluru,4.7
C01320,38,Male,Books,Technology,403.39,2,No,Inactive,UPI,2024-06-24,Jaipur,4.7
C01633,28,Male,Sports,Football,9557.82,5,Yes,Inactive,Debit Card,2025-05-21,Hyderabad,3.2
C00001,59,Male,Home & Kitchen,Coffee Maker,7070.49,3,No,Inactive,Credit Card,2025-09-21,Delhi,4.0
C00727,55,Female,Books,Self-Help,1677.4,2,Yes,Inactive,Cash,2025-09-19,Ahmedabad,4.7
C00664,26,Male,Books,Technology,494.34,2,No,Inactive,UPI,2024-06-05,Bengaluru,3.4
C01046,65,Other,Electronics,Speaker,35129.69,1,No,Active,UPI,2025-02-08,Chennai,5.0
C00224,38,Male,Sports,Cricket Bat,7814.05,1,No,Inactive,Wallet,2024-06-29,Chandigarh,4.6
C01341,33,Female,Beauty,Skin Serum,2560.29,4,No,Active,Debit Card,2025-12-18,Delhi,5.0
C01052,32,Male,Sports,Dumbbells,870.68,1,No,Active,Wallet,2025-02-05,Hyderabad,5.0
C01572,32,Male,Clothing,Jacket,508.41,1,Yes,Inactive,UPI,2024-03-18,Hyderabad,4.0
C01255,47,Female,Clothing,Jacket,2841.49,3,No,Active,Credit Card,2025-04-27,Kolkata,5.0
C01037,48,Male,Clothing,T-Shirt,4438.79,3,No,Active,Net Banking,2024-12-12,Kolkata,4.2
C00495,29,Female,Electronics,Speaker,81292.29,1,No,Active,Net Banking,2025-07-15,Pune,3.1
C01258,19,Female,Clothing,Sneakers,2446.4,1,Yes,Active,Cash,2025-07-10,Chandigarh,3.5
C00216,20,Female,Electronics,Speaker,4494.71,2,No,Active,Cash,2024-02-13,Delhi,3.8
C00455,56,Female,Beauty,Skin Serum,2466.54,1,No,Inactive,Credit Card,2024-12-18,Jaipur,3.2
C01939,41,Female,Electronics,Speaker,33251.98,3,No,Active,Wallet,2025-11-19,Delhi,5.0
C00663,29,Male,Electronics,Headphones,54345.75,2,Yes,Inactive,Net Banking,2024-09-26,Pune,4.1
C01251,39,Female,Sports,Cricket Bat,7472.71,3,No,Inactive,UPI,2024-09-04,Jaipur,3.1
C00740,34,Female,Home & Kitchen,Bedsheet,13488.76,4,Yes,Active,Net Banking,2024-03-15,Chandigarh,4.6
C00471,55,Male,Sports,Football,7136.47,2,No,Active,UPI,2024-05-10,Kolkata,3.9
C01538,30,Male,Electronics,Headphones,55956.5,2,No,Active,Credit Card,2025-03-10,Delhi,4.9
C01130,24,Female,Home & Kitchen,Coffee Maker,11626.49,1,No,Inactive,Debit Card,2024-09-13,Mumbai,3.3
C01367,32,Female,Sports,Dumbbells,10129.55,3,No,Active,Credit Card,2025-01-26,Chennai,2.6
C01405,20,Female,Electronics,Smartwatch,34614.43,1,No,Inactive,Credit Card,2025-12-05,Pune,3.3
C01425,18,Male,Electronics,Smartphone,74204.32,2,Yes,Active,UPI,2024-08-20,Pune,5.0
C00978,47,Female,Home & Kitchen,Bedsheet,809.1,1,Yes,Inactive,Net Banking,2025-07-30,Mumbai,5.0
C01031,47,Female,Sports,Cricket Bat,8192.41,2,No,Active,Credit Card,2024-03-01,Chennai,3.9
C01815,45,Female,Beauty,Face Cream,2883.54,1,No,Active,Debit Card,2024-01-27,Pune,3.4
C00139,33,Male,Clothing,Dress,1206.2,2,No,Inactive,Net Banking,2025-09-25,Ahmedabad,3.7
C00279,41,Female,Clothing,T-Shirt,862.86,4,No,Inactive,Cash,2024-07-27,Pune,3.5
C00881,61,Female,Home & Kitchen,Storage Box,3874.06,1,Yes,Active,Cash,2024-01-16,Chennai,3.7
C00553,38,Female,Electronics,Smartphone,69778.47,3,Yes,Inactive,Debit Card,2024-08-24,Chennai,3.7
C01277,49,Female,Clothing,Jeans,1962.14,4,Yes,Active,UPI,2025-08-12,Chennai,3.8
C01712,30,Female,Clothing,Jeans,3870.2,2,No,Inactive,Debit Card,2024-05-11,Kolkata,4.4
C01765,19,Male,Sports,Cricket Bat,10314.84,1,No,Inactive,Debit Card,2025-11-30,Delhi,4.2
C00268,42,Female,Clothing,Jeans,2094.77,2,No,Inactive,Debit Card,2025-02-21,Chandigarh,2.3
C01952,61,Female,Clothing,Sneakers,1897.91,1,Yes,Inactive,Credit Card,2024-08-06,Delhi,4.0
C00474,65,Female,Clothing,Dress,332.79,5,No,Active,Debit Card,2025-03-16,Ahmedabad,3.7
C00416,65,Male,Clothing,Sneakers,1260.79,3,No,Inactive,UPI,2025-07-09,Ahmedabad,4.4
C01923,53,Female,Books,Comics,1788.81,4,Yes,Inactive,Wallet,2024-12-30,Pune,5.0
C01687,36,Female,Electronics,Laptop,53784.18,3,No,Active,Credit Card,2025-08-20,Mumbai,4.1
C00963,47,Female,Clothing,Dress,2283.94,1,Yes,Inactive,Debit Card,2024-12-19,Ahmedabad,3.7
C01645,40,Male,Clothing,T-Shirt,3170.52,2,No,Active,UPI,2024-03-19,Pune,3.9
C01186,45,Male,Electronics,Headphones,20536.26,2,No,Active,Net Banking,2024-03-13,Kolkata,4.0
C01846,26,Female,Beauty,Face Cream,1092.83,3,Yes,Active,Credit Card,2025-08-07,Chandigarh,3.2
C01952,50,Male,Books,Technology,1733.75,1,No,Active,Credit Card,2025-08-11,Bengaluru,4.8
C00948,53,Male,Home & Kitchen,Coffee Maker,13957.55,3,No,Active,UPI,2024-04-29,Mumbai,4.3
C01522,28,Female,Sports,Dumbbells,814.87,1,No,Inactive,Wallet,2025-01-23,Chennai,3.1
C01773,54,Male,Electronics,Smartphone,1798.91,2,Yes,Active,Wallet,2025-08-11,Mumbai,3.0
C00926,28,Male,Home & Kitchen,Coffee Maker,11736.16,3,No,Active,Wallet,2025-07-07,Mumbai,4.1
C01813,53,Male,Beauty,Shampoo,571.36,5,No,Inactive,Debit Card,2025-07-22,Kolkata,2.6
C01338,24,Male,Electronics,Speaker,12068.96,3,No,Inactive,Cash,2025-12-03,Chandigarh,3.6
C00163,20,Male,Clothing,Dress,1318.38,1,No,Inactive,Credit Card,2024-12-05,Hyderabad,4.1
C00952,50,Male,Clothing,Jeans,3964.6,1,No,Inactive,UPI,2024-05-07,Pune,4.0
C00990,41,Other,Books,Fiction,1604.78,1,No,Inactive,UPI,2025-06-13,Ahmedabad,4.2
C00095,20,Male,Clothing,Jeans,3075.61,3,Yes,Inactive,Net Banking,2025-12-18,Jaipur,5.0
C00173,57,Male,Sports,Cricket Bat,10251.41,3,No,Inactive,Cash,2025-03-16,Pune,3.6
C00431,51,Female,Home & Kitchen,Coffee Maker,2790.09,1,Yes,Active,Net Banking,2025-07-22,Kolkata,4.0
C00821,44,Female,Beauty,Shampoo,2834.79,2,No,Active,Credit Card,2024-07-12,Chennai,3.5
C00176,65,Male,Electronics,Headphones,13093.91,4,No,Inactive,UPI,2025-10-12,Pune,4.6
C01142,40,Female,Home & Kitchen,Storage Box,4732.44,1,Yes,Inactive,Credit Card,2024-02-14,Ahmedabad,2.8
C00862,51,Male,Electronics,Laptop,73381.38,4,No,Active,Wallet,2024-09-27,Jaipur,3.6
C01628,25,Female,Beauty,Shampoo,2601.31,2,Yes,Inactive,Debit Card,2025-10-31,Chennai,4.8
C01931,52,Female,Sports,Yoga Mat,11356.66,3,Yes,Active,Credit Card,2025-07-05,Chandigarh,3.1
C00225,51,Male,Electronics,Headphones,5504.22,3,No,Inactive,Debit Card,2025-06-19,Chennai,4.8
C01185,19,Male,Books,Technology,632.85,1,No,Active,UPI,2025-07-07,Delhi,4.6
C01109,32,Female,Home & Kitchen,Storage Box,1818.15,1,No,Inactive,UPI,2024-11-20,Delhi,4.0
C01987,61,Female,Clothing,T-Shirt,3215.84,1,No,Inactive,UPI,2025-02-13,Chennai,2.2
C00956,39,Female,Beauty,Face Cream,3120.52,1,No,Active,UPI,2025-01-23,Mumbai,4.3
C01242,55,Male,Electronics,Smartphone,65045.24,4,No,Active,Cash,2024-09-03,Bengaluru,4.2
C01472,51,Male,Beauty,Perfume,4636.62,2,No,Inactive,UPI,2024-03-27,Bengaluru,3.5
C00970,64,Male,Clothing,T-Shirt,2472.56,2,No,Active,Credit Card,2024-12-19,Delhi,3.9
C00477,53,Other,Clothing,Dress,3909.83,4,No,Inactive,UPI,2025-04-20,Chandigarh,3.9
C00270,56,Male,Beauty,Face Cream,4311.26,4,No,Inactive,Debit Card,2024-05-04,Chandigarh,4.3
C00787,32,Female,Sports,Football,837.09,2,Yes,Inactive,Debit Card,2025-02-06,Jaipur,4.1
C00079,32,Female,Books,Business,861.26,4,No,Active,Credit Card,2025-07-13,Chandigarh,4.8
C01218,43,Male,Home & Kitchen,Lamp,1560.73,3,No,Inactive,Cash,2024-09-17,Ahmedabad,3.8
C01997,31,Male,Clothing,Jacket,4912.76,2,Yes,Active,UPI,2024-07-11,Hyderabad,5.0
C01277,33,Male,Home & Kitchen,Cookware,7498.12,3,Yes,Active,UPI,2024-03-16,Bengaluru,2.7
C01964,55,Male,Sports,Running Shoes,6872.81,1,Yes,Inactive,Credit Card,2024-03-31,Chandigarh,3.7
C00387,47,Female,Electronics,Headphones,8209.62,2,No,Inactive,UPI,2024-06-07,Ahmedabad,5.0
C00643,65,Other,Electronics,Laptop,11555.0,1,Yes,Inactive,UPI,2025-09-16,Delhi,5.0
C01635,21,Male,Clothing,Jeans,4567.75,3,Yes,Inactive,Wallet,2024-04-13,Hyderabad,4.7
C01440,50,Male,Electronics,Smartphone,77302.74,1,No,Active,UPI,2025-04-27,Pune,3.8
C00516,65,Female,Clothing,Jacket,1367.45,4,No,Inactive,Cash,2025-06-17,Mumbai,3.4
C01731,36,Female,Clothing,Dress,2630.87,1,No,Active,Debit Card,2024-07-20,Hyderabad,3.8
C01728,53,Female,Clothing,Jeans,2655.08,1,No,Inactive,Cash,2024-10-16,Chandigarh,4.0
C01550,25,Female,Clothing,Jeans,3659.17,1,Yes,Inactive,UPI,2025-07-06,Mumbai,3.3
C00720,58,Male,Electronics,Smartphone,11013.99,2,No,Active,Credit Card,2024-11-23,Bengaluru,4.2
C01191,35,Female,Beauty,Skin Serum,2917.52,1,No,Inactive,UPI,2025-10-09,Delhi,3.4
C01406,55,Male,Electronics,Speaker,83365.21,1,Yes,Inactive,Net Banking,2025-07-10,Jaipur,3.6
C00618,58,Female,Books,Self-Help,1031.12,1,Yes,Inactive,Debit Card,2024-08-04,Mumbai,3.8
C01705,25,Female,Books,Comics,1087.48,2,No,Active,UPI,2024-07-20,Chandigarh,4.4
C00559,34,Female,Sports,Cricket Bat,8225.4,3,No,Inactive,Net Banking,2024-11-27,Mumbai,3.8
C00513,27,Male,Electronics,Headphones,66500.67,2,No,Active,Net Banking,2025-11-14,Chennai,4.3
C00293,38,Male,Clothing,T-Shirt,1202.36,1,Yes,Active,Debit Card,2024-03-19,Hyderabad,2.9
C00092,21,Female,Books,Self-Help,1776.67,2,No,Inactive,Debit Card,2025-02-01,Delhi,2.0
C01601,64,Male,Clothing,Sneakers,4048.74,1,Yes,Active,Net Banking,2025-10-14,Kolkata,4.5
C01668,45,Female,Electronics,Laptop,83000.74,1,No,Active,UPI,2024-04-30,Hyderabad,3.9
C01010,44,Male,Sports,Cricket Bat,5780.98,2,Yes,Inactive,Debit Card,2025-11-13,Chennai,5.0
C01891,41,Female,Sports,Dumbbells,3428.96,2,No,Active,Cash,2024-09-01,Pune,3.2
C00291,28,Male,Electronics,Smartwatch,18454.29,4,No,Active,Debit Card,2024-03-30,Ahmedabad,4.1
C01361,36,Male,Beauty,Lipstick,1139.74,2,No,Inactive,Cash,2024-01-22,Chennai,3.1
C01683,31,Female,Beauty,Skin Serum,4303.62,3,No,Inactive,Credit Card,2025-10-08,Delhi,5.0
C00812,40,Male,Home & Kitchen,Bedsheet,14044.97,2,Yes,Inactive,Net Banking,2024-02-15,Jaipur,3.9
C00354,55,Female,Electronics,Smartwatch,8942.42,2,Yes,Active,UPI,2025-10-12,Delhi,2.6
C00698,34,Male,Beauty,Perfume,292.03,4,Yes,Inactive,Wallet,2025-12-28,Chennai,
C01642,40,Female,Home & Kitchen,Bedsheet,14397.56,4,No,Active,UPI,2024-03-14,Kolkata,4.1
C01197,36,Female,Electronics,Laptop,73469.18,1,No,Inactive,Net Banking,2025-03-27,Chennai,4.0
C01772,53,Female,Clothing,T-Shirt,4850.12,3,No,Inactive,Wallet,2025-09-14,Hyderabad,4.3
C01843,45,Male,Clothing,Jacket,4261.93,1,No,Active,Credit Card,2025-12-06,Chennai,3.7
C00542,46,Female,Beauty,Lipstick,2031.53,1,No,Inactive,Wallet,2025-01-22,Chennai,5.0
C00130,36,Female,Clothing,Sneakers,545.28,2,Yes,Active,Credit Card,2025-01-10,Delhi,3.4
C00993,39,Female,Home & Kitchen,Bedsheet,8580.41,1,Yes,Inactive,UPI,2025-01-11,Jaipur,3.7
C01326,45,Female,Sports,Yoga Mat,9842.19,1,No,Inactive,UPI,2025-08-19,Hyderabad,3.5
C01953,21,Male,Sports,Cricket Bat,9264.38,4,No,Inactive,UPI,2024-05-16,Kolkata,4.0
C01193,43,Female,Beauty,Shampoo,2194.23,2,No,Inactive,Credit Card,2024-01-11,Hyderabad,4.1
C00401,58,Female,Beauty,Shampoo,3391.5,1,No,Active,Credit Card,2025-10-04,Ahmedabad,3.6
C00761,18,Male,Books,Self-Help,1797.37,1,No,Inactive,Credit Card,2024-05-08,Chennai,5.0
C00618,27,Male,Books,Comics,1945.11,2,No,Inactive,Debit Card,2025-03-23,Bengaluru,3.7
C00678,37,Other,Clothing,T-Shirt,3895.3,4,No,Active,Net Banking,2025-04-27,Delhi,4.2
C00443,48,Female,Clothing,T-Shirt,1156.28,1,Yes,Active,UPI,2025-04-01,Kolkata,3.7
C00741,21,Male,Clothing,Sneakers,308.76,2,No,Active,UPI,2025-10-28,Ahmedabad,3.1
C01742,36,Female,Beauty,Perfume,1248.47,1,No,Active,Credit Card,2024-03-14,Bengaluru,4.9
C00044,65,Female,Electronics,Laptop,58289.73,2,Yes,Active,Cash,2024-05-28,Hyderabad,3.2
C01180,39,Male,Beauty,Skin Serum,334.63,3,No,Inactive,Credit Card,2025-12-24,Hyderabad,4.5
C01579,38,Male,Home & Kitchen,Lamp,3454.54,2,Yes,Active,Net Banking,2025-06-12,Delhi,
C01957,55,Female,Sports,Football,958.53,1,Yes,Active,UPI,2025-11-28,Hyderabad,4.0
C01892,43,Male,Home & Kitchen,Coffee Maker,361.18,3,No,Inactive,Wallet,2024-05-08,Kolkata,3.6
C00726,64,Female,Electronics,Laptop,84937.17,4,No,Active,Net Banking,2025-12-20,Bengaluru,3.4
C01992,32,Female,Sports,Dumbbells,11901.16,2,Yes,Active,Debit Card,2025-02-10,Chandigarh,4.9
C01907,48,Male,Sports,Yoga Mat,1511.3,2,Yes,Inactive,UPI,2025-11-12,Pune,4.4
C01991,34,Male,Sports,Football,8908.63,2,No,Inactive,Credit Card,2024-02-27,Delhi,4.2
C01155,65,Female,Sports,Dumbbells,8482.3,2,No,Inactive,Debit Card,2025-07-24,Hyderabad,5.0
C00201,58,Male,Beauty,Shampoo,1880.83,1,No,Inactive,Credit Card,2025-01-13,Jaipur,3.4
C01687,51,Female,Beauty,Lipstick,1058.54,2,No,Active,Debit Card,2024-12-18,Ahmedabad,3.7
C00703,50,Female,Beauty,Perfume,1470.17,2,No,Active,Net Banking,2025-07-12,Hyderabad,4.7
C00559,61,Male,Home & Kitchen,Bedsheet,8215.09,2,No,Inactive,Credit Card,2025-11-25,Bengaluru,4.5
C00968,29,Female,Home & Kitchen,Storage Box,5082.19,1,No,Inactive,Credit Card,2025-05-03,Chandigarh,4.6
C01705,51,Female,Electronics,Headphones,18255.55,1,No,Active,UPI,2024-07-21,Chandigarh,4.6
C01659,25,Female,Clothing,Dress,1293.78,1,No,Active,Credit Card,2025-10-17,Jaipur,4.0
C01137,30,Female,Clothing,Jacket,4022.42,1,No,Inactive,Debit Card,2024-09-03,Chennai,2.8
C00661,25,Female,Clothing,T-Shirt,3204.72,1,Yes,Inactive,UPI,2025-12-12,Delhi,4.7
C00621,43,Female,Clothing,T-Shirt,2931.16,1,Yes,Active,UPI,2024-04-09,Chandigarh,4.2
C00435,46,Female,Home & Kitchen,Storage Box,6070.21,2,No,Active,Wallet,2025-08-29,Delhi,4.4
C00014,34,Male,Beauty,Perfume,2941.61,4,No,Inactive,UPI,2025-04-20,Chandigarh,4.3
C00561,55,Male,Sports,Dumbbells,5984.13,1,No,Active,Cash,2024-12-18,Mumbai,4.1
C00702,34,Female,Beauty,Shampoo,980.17,3,No,Active,UPI,2024-01-01,Chandigarh,4.6
C01460,49,Male,Home & Kitchen,Lamp,11730.16,1,No,Inactive,Wallet,2024-03-18,Bengaluru,3.2
C01615,59,Male,Books,Self-Help,1202.76,2,No,Active,Cash,2024-02-15,Chennai,4.5
C00509,40,Female,Electronics,Smartphone,77209.59,1,No,Active,Credit Card,2024-06-19,Jaipur,4.8
C01335,27,Female,Clothing,Sneakers,985.35,4,No,Inactive,UPI,2025-03-02,Chennai,3.6
C01697,39,Male,Books,Fiction,640.71,2,No,Inactive,UPI,2024-09-20,Jaipur,4.5
C00228,48,Male,Clothing,Jacket,602.53,3,No,Inactive,Credit Card,2025-01-10,Pune,4.7
C01984,40,Female,Clothing,T-Shirt,1166.47,2,No,Active,UPI,2025-12-14,Mumbai,3.8
C00673,38,Male,Home & Kitchen,Storage Box,11585.43,2,No,Inactive,Debit Card,2024-07-14,Ahmedabad,3.9
C01799,48,Female,Home & Kitchen,Cookware,11464.64,1,Yes,Inactive,Credit Card,2024-07-31,Mumbai,3.8
C01141,31,Male,Books,Comics,1845.15,4,No,Inactive,Debit Card,2025-07-23,Hyderabad,4.6
C00831,61,Female,Electronics,Speaker,51970.35,1,No,Active,Cash,2024-01-13,Delhi,3.8
C01414,54,Female,Beauty,Shampoo,4655.74,2,No,Active,Credit Card,2024-07-22,Kolkata,4.0
C00452,31,Female,Sports,Running Shoes,7921.33,4,Yes,Active,UPI,2025-10-11,Pune,4.2
C01564,63,Male,Home & Kitchen,Bedsheet,10016.53,3,No,Inactive,Net Banking,2025-07-24,Pune,3.1
C01793,21,Female,Clothing,T-Shirt,2273.92,1,No,Inactive,Debit Card,2024-07-25,Chennai,3.8
C00733,32,Male,Electronics,Speaker,19350.13,1,Yes,Inactive,Debit Card,2024-02-15,Chennai,5.0
C00602,40,Male,Clothing,Sneakers,2198.97,2,No,Inactive,Credit Card,2024-08-29,Ahmedabad,4.1
C00963,18,Male,Books,Comics,885.27,1,Yes,Active,Cash,2025-07-02,Mumbai,2.6
C00763,60,Female,Sports,Yoga Mat,3239.13,4,No,Active,Debit Card,2025-07-16,Bengaluru,2.9
C00519,45,Male,Home & Kitchen,Coffee Maker,10765.38,2,No,Inactive,Credit Card,2024-09-03,Mumbai,4.5
C00109,24,Female,Books,Fiction,1913.5,3,No,Inactive,Debit Card,2025-05-14,Ahmedabad,3.2
C01030,39,Female,Home & Kitchen,Lamp,9616.24,2,No,Inactive,Net Banking,2025-06-26,Chennai,3.3
C00291,38,Female,Clothing,Jeans,3426.16,3,Yes,Active,Debit Card,2024-09-20,Chennai,3.9
C00516,33,Female,Electronics,Smartphone,27591.2,1,Yes,Active,Cash,2025-02-27,Jaipur,4.2
C01995,30,Male,Electronics,Laptop,47743.84,1,Yes,Active,Cash,2024-12-05,Jaipur,3.6
C00566,50,Other,Home & Kitchen,Lamp,13219.51,2,Yes,Inactive,Net Banking,2025-03-28,Delhi,4.4
C01486,64,Other,Home & Kitchen,Storage Box,702.25,4,No,Inactive,UPI,2024-04-01,Delhi,3.4
C00647,21,Female,Beauty,Shampoo,3044.6,3,No,Inactive,UPI,2025-07-09,Hyderabad,3.7
C00515,37,Female,Electronics,Headphones,82846.41,3,Yes,Active,UPI,2025-11-30,Jaipur,5.0
C01008,36,Male,Home & Kitchen,Bedsheet,14872.1,1,No,Active,UPI,2024-09-28,Jaipur,3.7
C01650,20,Male,Beauty,Perfume,1076.85,1,No,Inactive,UPI,2024-11-21,Mumbai,4.7
C01626,60,Female,Clothing,Jacket,2404.07,1,No,Active,Credit Card,2025-11-17,Bengaluru,4.4
C00973,32,Female,Clothing,Jacket,4261.42,1,Yes,Active,UPI,2025-12-16,Bengaluru,3.1
C00035,59,Male,Electronics,Headphones,52706.7,2,No,Inactive,Credit Card,2024-08-22,Chennai,4.1
C00396,60,Female,Sports,Football,5539.45,4,Yes,Inactive,Debit Card,2025-04-29,Kolkata,4.2
C00883,30,Male,Electronics,Headphones,34062.59,2,No,Inactive,UPI,2024-08-05,Delhi,4.4
C00919,55,Female,Beauty,Perfume,2201.55,2,Yes,Active,Credit Card,2024-03-08,Chennai,3.0
C00825,62,Male,Books,Fiction,605.13,1,No,Inactive,Debit Card,2025-07-09,Mumbai,3.2
C00717,61,Other,Clothing,T-Shirt,2807.27,2,Yes,Active,Cash,2024-11-20,Pune,4.7
C01711,42,Male,Electronics,Smartwatch,58245.03,2,No,Active,Wallet,2025-02-13,Chennai,4.1
C01225,50,Other,Electronics,Headphones,45942.28,5,No,Inactive,Debit Card,2025-07-09,Delhi,4.6
C01896,42,Female,Sports,Football,5524.02,1,Yes,Inactive,Credit Card,2025-09-11,Jaipur,4.4
C00692,62,Female,Beauty,Perfume,552.32,1,No,Active,Credit Card,2025-05-15,Bengaluru,4.9
C00087,57,Female,Clothing,Dress,3969.83,4,No,Active,Cash,2025-02-03,Delhi,5.0
C00211,48,Female,Clothing,Dress,4677.21,2,No,Inactive,Net Banking,2025-10-03,Delhi,4.5
C01001,26,Male,Beauty,Perfume,3472.13,2,Yes,Inactive,Credit Card,2025-06-05,Mumbai,3.2
C00845,20,Female,Clothing,Jeans,3307.69,3,No,Active,Credit Card,2024-06-02,Chennai,4.8
C01773,29,Female,Home & Kitchen,Coffee Maker,3777.44,2,No,Inactive,UPI,2025-06-17,Ahmedabad,3.7
C00308,35,Female,Books,Self-Help,468.07,1,Yes,Active,UPI,2025-06-23,Jaipur,4.8
C01693,43,Female,Beauty,Perfume,3674.98,1,No,Inactive,Cash,2024-10-21,Ahmedabad,3.9
C01533,62,Other,Sports,Dumbbells,7546.06,2,Yes,Inactive,UPI,2025-06-27,Hyderabad,3.0
C01824,40,Female,Beauty,Shampoo,2004.24,1,Yes,Active,Cash,2024-01-17,Hyderabad,3.2
C01514,54,Male,Clothing,Jacket,518.24,2,No,Inactive,UPI,2025-02-21,Jaipur,4.2
C01797,45,Female,Electronics,Speaker,13760.82,4,No,Inactive,Debit Card,2024-05-12,Pune,4.9
C00444,39,Male,Home & Kitchen,Storage Box,7788.78,1,Yes,Inactive,Cash,2024-06-06,Jaipur,4.0
C00593,54,Male,Home & Kitchen,Lamp,2761.81,1,No,Active,Debit Card,2025-04-11,Jaipur,4.3
C01412,25,Female,Electronics,Laptop,32816.81,1,Yes,Inactive,UPI,2025-12-20,Delhi,3.0
C01686,36,Female,Electronics,Headphones,18135.23,1,No,Inactive,Debit Card,2025-07-13,Jaipur,3.7
C00289,35,Female,Books,Comics,247.02,1,Yes,Inactive,Debit Card,2025-03-24,Ahmedabad,3.3
C01514,38,Female,Clothing,Jacket,2805.74,1,No,Inactive,Net Banking,2025-06-06,Ahmedabad,4.3
C00932,38,Male,Electronics,Speaker,13634.04,5,Yes,Active,Net Banking,2024-04-21,Pune,3.8
C01483,63,Male,Sports,Cricket Bat,2213.64,1,No,Inactive,Credit Card,2025-12-10,Chandigarh,4.6
C00709,25,Male,Clothing,Jeans,1605.1,1,No,Inactive,Credit Card,2024-08-21,Bengaluru,3.9
C00598,34,Male,Home & Kitchen,Coffee Maker,10015.51,3,Yes,Active,UPI,2024-05-12,Jaipur,4.9
C00816,62,Female,Beauty,Perfume,891.13,5,No,Inactive,Cash,2025-03-06,Delhi,3.4
C01304,57,Female,Beauty,Lipstick,522.16,4,No,Inactive,Net Banking,2024-10-16,Chandigarh,4.0
C00580,38,Male,Electronics,Speaker,1121.54,1,Yes,Active,Credit Card,2025-01-19,Delhi,3.8
C00575,63,Female,Beauty,Shampoo,4716.31,3,Yes,Inactive,Debit Card,2025-07-19,Ahmedabad,2.5
C00767,47,Female,Home & Kitchen,Bedsheet,4570.17,1,No,Inactive,UPI,2024-02-29,Hyderabad,4.7
C01115,24,Female,Electronics,Laptop,64311.45,1,No,Active,Credit Card,2025-04-21,Chandigarh,4.1
C01415,33,Female,Beauty,Perfume,3099.29,3,No,Inactive,Debit Card,2025-12-15,Delhi,4.7
C01879,28,Female,Electronics,Speaker,38658.77,1,No,Inactive,Net Banking,2025-10-19,Jaipur,3.2
C00035,33,Male,Clothing,Dress,4510.53,5,No,Inactive,Debit Card,2025-05-24,Ahmedabad,3.5
C01893,57,Female,Home & Kitchen,Storage Box,13232.25,5,Yes,Inactive,Credit Card,2024-04-05,Kolkata,3.0
C00802,59,Male,Clothing,Dress,4350.09,1,Yes,Inactive,Debit Card,2024-01-10,Ahmedabad,3.3
C01122,53,Female,Sports,Yoga Mat,5967.58,2,Yes,Inactive,Wallet,2025-01-23,Hyderabad,3.5
C01308,41,Female,Beauty,Perfume,654.75,1,No,Inactive,Net Banking,2024-09-16,Chandigarh,3.4
C00514,65,Female,Electronics,Laptop,42756.84,1,Yes,Inactive,Cash,2024-11-18,Chandigarh,3.0
C01939,56,Male,Home & Kitchen,Lamp,6704.37,1,No,Inactive,Net Banking,2024-06-27,Delhi,4.0
C01498,46,Female,Clothing,Sneakers,592.16,5,No,Inactive,Debit Card,2024-06-28,Bengaluru,
C00543,37,Female,Clothing,Jeans,3623.77,2,No,Inactive,UPI,2025-05-22,Hyderabad,5.0
C01200,33,Female,Books,Comics,696.01,1,No,Inactive,UPI,2025-02-07,Bengaluru,4.4
C01498,34,Female,Clothing,T-Shirt,2183.8,1,No,Inactive,Wallet,2025-07-17,Jaipur,5.0
C00144,57,Female,Clothing,Dress,4000.93,2,Yes,Inactive,Debit Card,2024-03-29,Kolkata,3.9
C01896,20,Female,Beauty,Skin Serum,1936.04,3,No,Inactive,UPI,2025-07-04,Chennai,4.2
C00976,24,Male,Electronics,Smartwatch,52152.98,1,Yes,Active,Cash,2025-02-16,Jaipur,4.6
C00966,58,Female,Electronics,Smartwatch,26823.37,3,No,Inactive,UPI,2025-08-22,Hyderabad,3.0
C00797,45,Female,Electronics,Smartwatch,31255.39,1,Yes,Active,UPI,2024-11-04,Mumbai,5.0
C01782,52,Female,Home & Kitchen,Coffee Maker,1954.73,2,Yes,Active,Cash,2025-11-24,Ahmedabad,3.8
C01587,61,Female,Electronics,Speaker,16364.85,2,No,Active,Debit Card,2024-06-23,Mumbai,2.5
C01073,59,Male,Sports,Cricket Bat,2069.8,1,Yes,Inactive,Credit Card,2025-05-17,Delhi,3.4
C01040,19,Female,Sports,Football,4632.74,2,No,Active,Wallet,2025-01-26,Bengaluru,4.1
C00075,41,Male,Books,Self-Help,435.81,3,Yes,Inactive,UPI,2024-11-07,Delhi,4.4
C00183,44,Female,Sports,Yoga Mat,10056.91,1,Yes,Inactive,UPI,2024-02-25,Ahmedabad,4.9
C00197,47,Male,Beauty,Perfume,1258.49,3,No,Active,UPI,2024-08-14,Chandigarh,3.9
C01959,51,Female,Books,Technology,278.6,1,No,Inactive,UPI,2025-12-24,Jaipur,2.7
C00177,59,Male,Electronics,Laptop,74830.22,1,No,Active,Debit Card,2024-08-25,Chennai,4.0
C00872,63,Female,Sports,Yoga Mat,7965.44,5,No,Active,Credit Card,2024-06-27,Jaipur,5.0
C00123,52,Male,Home & Kitchen,Storage Box,10166.95,3,Yes,Inactive,Debit Card,2024-04-28,Ahmedabad,3.4
C00720,30,Female,Books,Self-Help,856.74,2,Yes,Inactive,Credit Card,2024-11-23,Ahmedabad,4.6
C00437,61,Other,Clothing,Jacket,2658.61,5,No,Active,UPI,2024-08-31,Mumbai,3.8
C01690,26,Male,Clothing,Sneakers,2609.53,2,No,Inactive,Debit Card,2025-09-06,Bengaluru,4.8
C00122,31,Male,Clothing,Jeans,4756.94,2,No,Inactive,Debit Card,2024-06-08,Ahmedabad,3.4
C01188,58,Male,Home & Kitchen,Bedsheet,6129.47,1,Yes,Active,UPI,2024-01-28,Hyderabad,4.3
C00508,43,Male,Beauty,Shampoo,538.72,2,No,Inactive,Credit Card,2024-10-19,Pune,3.9
C00202,47,Male,Clothing,Jacket,4950.44,1,No,Inactive,Credit Card,2025-08-29,Chandigarh,5.0
C01587,58,Female,Electronics,Laptop,79662.15,2,No,Inactive,UPI,2025-05-18,Hyderabad,4.6
C01311,40,Male,Books,Business,568.97,2,Yes,Inactive,UPI,2025-03-25,Chandigarh,4.0
C00735,41,Male,Books,Comics,1237.62,4,No,Inactive,Credit Card,2025-12-31,Chennai,3.6
C00266,18,Female,Home & Kitchen,Storage Box,6356.4,2,Yes,Active,Cash,2025-12-23,Hyderabad,2.7
C00054,19,Male,Clothing,Jacket,534.96,1,No,Inactive,Credit Card,2024-03-02,Mumbai,2.4
C00368,31,Female,Sports,Running Shoes,5737.92,5,Yes,Inactive,Credit Card,2025-12-01,Chennai,4.2
C01144,39,Female,Books,Self-Help,968.21,2,No,Inactive,Debit Card,2024-12-17,Pune,2.7
C01891,60,Male,Books,Technology,1329.75,3,No,Active,Credit Card,2025-01-17,Delhi,4.0
C00663,35,Male,Beauty,Perfume,4029.62,1,No,Inactive,Debit Card,2025-12-25,Delhi,3.3
C00320,26,Male,Home & Kitchen,Bedsheet,11793.86,1,No,Active,Credit Card,2025-02-15,Delhi,5.0
C00601,18,Male,Beauty,Shampoo,838.06,5,Yes,Active,Cash,2025-01-14,Kolkata,4.4
C00638,20,Female,Clothing,Dress,1112.85,3,No,Active,Net Banking,2024-08-27,Pune,4.5
C00274,20,Male,Beauty,Shampoo,1743.1,2,Yes,Inactive,Credit Card,2025-06-29,Delhi,3.8
C01691,44,Female,Electronics,Headphones,34665.67,3,No,Inactive,Debit Card,2024-11-26,Mumbai,4.1
C00650,25,Female,Beauty,Perfume,416.75,4,Yes,Inactive,Debit Card,2025-11-22,Bengaluru,3.9
C00870,20,Male,Clothing,Sneakers,3500.78,2,No,Active,Wallet,2024-11-02,Chennai,3.3
C00188,22,Male,Books,Self-Help,679.65,1,No,Active,Debit Card,2025-07-02,Chennai,5.0
C00549,40,Female,Home & Kitchen,Storage Box,5910.97,2,No,Inactive,Wallet,2025-03-16,Ahmedabad,3.2
C01614,61,Other,Books,Comics,689.27,2,No,Inactive,UPI,2024-03-05,Mumbai,4.9
C01261,39,Female,Electronics,Smartwatch,36319.95,1,No,Active,UPI,2025-01-16,Kolkata,3.6
C00844,25,Female,Clothing,Dress,763.5,1,No,Inactive,Debit Card,2024-08-29,Chennai,3.7
C00209,46,Female,Home & Kitchen,Cookware,533.58,4,No,Active,Net Banking,2024-02-02,Kolkata,4.4
C00820,60,Male,Clothing,Dress,2273.63,3,No,Inactive,Credit Card,2024-06-20,Mumbai,4.3
C00805,37,Male,Electronics,Laptop,76438.96,1,No,Inactive,UPI,2024-01-21,Ahmedabad,4.6
C00353,43,Female,Sports,Yoga Mat,9508.69,4,No,Active,UPI,2025-07-10,Hyderabad,4.5
C00203,25,Female,Clothing,Jacket,4826.73,5,No,Active,UPI,2024-06-27,Delhi,4.1
C00454,18,Female,Electronics,Laptop,16127.99,1,No,Active,Cash,2025-09-21,Mumbai,4.4
C00542,33,Male,Clothing,Sneakers,1605.82,1,Yes,Inactive,UPI,2025-08-20,Kolkata,4.6
C00102,35,Male,Beauty,Perfume,3525.92,1,No,Inactive,Credit Card,2024-11-26,Hyderabad,3.0
C00566,52,Female,Home & Kitchen,Storage Box,9983.75,1,Yes,Inactive,UPI,2024-07-23,Ahmedabad,3.7
C00345,63,Female,Home & Kitchen,Storage Box,566.06,2,No,Active,Cash,2025-05-03,Pune,4.3
C00776,22,Female,Clothing,Sneakers,1709.36,5,No,Inactive,Debit Card,2025-06-20,Chennai,2.8
C00445,45,Male,Beauty,Perfume,590.0,4,No,Active,UPI,2024-01-11,Delhi,4.1
C01014,26,Male,Beauty,Skin Serum,3823.72,1,Yes,Active,Wallet,2024-01-26,Chandigarh,4.4
C00088,60,Female,Home & Kitchen,Cookware,11644.71,1,No,Inactive,Credit Card,2025-05-16,Hyderabad,2.8
C01623,53,Female,Beauty,Face Cream,2640.48,2,No,Active,Credit Card,2025-12-11,Hyderabad,4.1
C00501,56,Female,Beauty,Shampoo,952.77,2,No,Active,Wallet,2024-04-18,Mumbai,3.7
C00537,29,Male,Electronics,Smartwatch,83596.57,2,No,Active,UPI,2025-04-26,Pune,4.4
C00714,42,Other,Home & Kitchen,Coffee Maker,4814.18,1,No,Inactive,Credit Card,2025-01-21,Delhi,4.0
C01239,65,Male,Home & Kitchen,Bedsheet,4065.92,2,No,Inactive,UPI,2025-03-17,Chandigarh,3.5
C01355,18,Male,Electronics,Smartwatch,53823.66,1,No,Active,Cash,2025-10-06,Bengaluru,3.8
C01529,22,Female,Electronics,Smartwatch,19352.91,1,No,Active,UPI,2025-12-24,Bengaluru,4.9
C00480,51,Male,Electronics,Headphones,31694.98,1,Yes,Inactive,Cash,2025-08-18,Chandigarh,4.8
C00846,25,Male,Home & Kitchen,Lamp,8236.84,1,Yes,Active,Cash,2025-12-17,Chennai,3.3
C01723,37,Male,Clothing,T-Shirt,736.76,1,Yes,Inactive,Wallet,2025-08-28,Mumbai,5.0
C01870,56,Female,Beauty,Shampoo,578.04,3,Yes,Inactive,UPI,2025-07-16,Jaipur,4.7
C00772,55,Female,Sports,Running Shoes,9087.8,2,No,Inactive,Credit Card,2025-12-17,Ahmedabad,3.7
C01431,28,Male,Beauty,Perfume,2733.82,4,Yes,Active,Credit Card,2025-12-14,Pune,4.2
C01597,54,Male,Beauty,Lipstick,4520.28,3,No,Inactive,Wallet,2024-12-11,Kolkata,4.6
C00258,46,Male,Sports,Football,6991.15,1,Yes,Active,UPI,2025-10-25,Chennai,4.8
C01989,26,Male,Home & Kitchen,Bedsheet,9672.2,2,Yes,Active,Debit Card,2024-04-02,Chandigarh,3.4
C01450,29,Male,Beauty,Perfume,2491.59,1,No,Active,Wallet,2024-01-30,Chandigarh,4.3
C01486,38,Female,Sports,Running Shoes,11758.11,1,Yes,Active,Net Banking,2024-05-28,Hyderabad,4.3
C00088,47,Male,Electronics,Laptop,69693.66,3,No,Inactive,UPI,2025-06-11,Chandigarh,4.0
C00940,45,Male,Electronics,Smartphone,83402.35,1,No,Inactive,Net Banking,2025-07-21,Delhi,5.0
C01613,51,Male,Home & Kitchen,Cookware,4623.38,3,Yes,Active,Net Banking,2025-01-02,Hyderabad,3.5
C00236,57,Male,Home & Kitchen,Storage Box,2192.91,2,No,Active,Wallet,2024-04-01,Ahmedabad,4.3
C01426,49,Male,Home & Kitchen,Bedsheet,7134.52,1,Yes,Active,Credit Card,2024-11-01,Delhi,4.4
C00520,33,Male,Sports,Dumbbells,3620.24,2,Yes,Active,Wallet,2024-10-16,Mumbai,4.0
C00990,57,Male,Home & Kitchen,Storage Box,11292.42,3,No,Inactive,Credit Card,2024-09-02,Bengaluru,3.9
C00045,64,Male,Clothing,Dress,3177.27,1,No,Active,Credit Card,2024-05-08,Hyderabad,4.1
C00926,25,Male,Home & Kitchen,Lamp,12770.37,1,Yes,Active,Net Banking,2025-04-11,Chennai,2.6
C01303,34,Male,Electronics,Smartwatch,55700.9,1,No,Inactive,Net Banking,2025-05-19,Delhi,3.1
C00764,24,Female,Electronics,Laptop,53352.32,3,No,Active,UPI,2025-03-21,Delhi,4.4
C00946,43,Female,Clothing,Sneakers,2546.74,1,No,Inactive,Credit Card,2024-12-07,Bengaluru,3.5
C01040,65,Male,Clothing,Jeans,1686.97,3,No,Inactive,Net Banking,2025-03-13,Chennai,5.0
C01479,38,Female,Electronics,Headphones,25180.1,1,No,Inactive,Cash,2025-01-19,Mumbai,4.9
C00342,26,Female,Books,Self-Help,794.56,1,Yes,Inactive,Net Banking,2025-03-14,Ahmedabad,3.1
C01681,21,Female,Books,Business,806.35,2,No,Inactive,Wallet,2025-11-29,Chennai,5.0
C01002,32,Female,Home & Kitchen,Bedsheet,13329.58,2,Yes,Active,Debit Card,2024-09-22,Delhi,3.8
C01999,47,Male,Books,Business,936.65,1,No,Inactive,Debit Card,2025-02-05,Mumbai,3.3
C00286,30,Male,Electronics,Laptop,20511.09,2,Yes,Active,Credit Card,2024-08-04,Delhi,4.0
C01682,50,Female,Clothing,T-Shirt,1238.48,3,No,Active,UPI,2025-07-18,Pune,4.0
C00155,45,Male,Beauty,Lipstick,3518.73,3,No,Inactive,Debit Card,2025-12-18,Jaipur,4.5
C00289,43,Female,Clothing,Sneakers,2300.24,1,No,Active,UPI,2025-08-18,Mumbai,3.2
C01858,52,Female,Sports,Cricket Bat,2692.85,2,No,Inactive,Debit Card,2024-11-17,Mumbai,4.7
C00725,35,Female,Electronics,Laptop,52531.11,3,Yes,Inactive,Net Banking,2024-03-20,Kolkata,4.1
C01777,31,Male,Books,Fiction,1976.11,3,No,Active,Credit Card,2025-11-26,Mumbai,4.1
C00810,60,Male,Clothing,Dress,4386.78,1,No,Active,UPI,2025-08-09,Jaipur,1.6
C00348,58,Male,Beauty,Skin Serum,960.75,1,Yes,Inactive,UPI,2024-11-02,Hyderabad,5.0
C01002,52,Female,Clothing,Jeans,2791.73,2,No,Active,UPI,2024-02-29,Chandigarh,3.8
C00566,41,Male,Home & Kitchen,Lamp,1643.99,2,Yes,Active,Debit Card,2025-03-08,Bengaluru,4.6
C01025,45,Female,Home & Kitchen,Lamp,3743.43,1,Yes,Inactive,UPI,2025-04-26,Pune,3.6
C01351,59,Male,Clothing,Jacket,1683.58,2,No,Active,Net Banking,2025-12-05,Pune,4.8
C01682,54,Female,Beauty,Lipstick,1168.11,2,No,Inactive,Credit Card,2025-08-06,Pune,4.2
C01131,41,Other,Beauty,Lipstick,3281.78,1,No,Active,Credit Card,2025-09-25,Mumbai,4.8
C01596,22,Male,Electronics,Smartwatch,73750.68,4,No,Active,Net Banking,2025-02-27,Chandigarh,3.1
C01945,50,Male,Home & Kitchen,Bedsheet,10492.54,1,No,Inactive,Net Banking,2024-12-14,Chandigarh,3.3
C00188,38,Male,Sports,Yoga Mat,9787.0,1,No,Active,Net Banking,2025-04-12,Hyderabad,4.3
C01462,49,Male,Electronics,Headphones,11826.62,2,Yes,Active,UPI,2025-04-07,Delhi,4.6
C01970,64,Male,Clothing,Jacket,4832.57,3,No,Inactive,UPI,2025-05-31,Chennai,3.5
C01761,49,Other,Home & Kitchen,Cookware,6544.86,1,No,Inactive,Cash,2024-07-06,Pune,4.1
C00689,29,Female,Electronics,Speaker,51447.83,1,No,Active,UPI,2025-12-04,Mumbai,4.0
C01615,43,Female,Books,Comics,854.86,3,Yes,Active,Debit Card,2025-11-13,Pune,
C01038,61,Male,Home & Kitchen,Bedsheet,10354.37,2,Yes,Inactive,UPI,2024-07-19,Chennai,3.8
C00330,39,Female,Clothing,Dress,2353.76,2,Yes,Active,Net Banking,2024-04-11,Hyderabad,5.0
C01229,62,Female,Electronics,Smartphone,73108.59,1,Yes,Inactive,Credit Card,2025-07-13,Bengaluru,4.3
C00194,65,Male,Sports,Yoga Mat,7121.28,4,No,Active,Credit Card,2024-07-27,Chandigarh,3.5
C01786,28,Male,Sports,Yoga Mat,6098.98,1,Yes,Active,Debit Card,2024-11-10,Mumbai,4.1
C00315,65,Male,Beauty,Skin Serum,2717.35,3,Yes,Inactive,UPI,2025-11-03,Jaipur,3.4
C00167,51,Male,Books,Comics,733.95,1,Yes,Inactive,Credit Card,2025-03-08,Kolkata,4.8
C01876,38,Female,Electronics,Smartphone,51469.93,2,No,Active,UPI,2025-09-23,Pune,4.6
C00605,54,Female,Electronics,Laptop,82658.26,4,No,Inactive,UPI,2025-09-06,Mumbai,4.8
C00499,38,Female,Sports,Football,755.13,3,No,Inactive,Cash,2025-11-15,Delhi,3.5
C00682,20,Male,Books,Business,1984.99,4,No,Inactive,Credit Card,2024-02-07,Bengaluru,3.5
C01469,44,Female,Electronics,Laptop,68636.0,3,No,Active,UPI,2024-05-04,Chennai,3.7
C01818,42,Female,Sports,Cricket Bat,1856.8,2,No,Active,UPI,2025-06-28,Kolkata,4.3
C01131,33,Female,Beauty,Shampoo,2596.59,1,No,Active,Net Banking,2024-01-12,Chandigarh,4.5
C00683,38,Female,Clothing,T-Shirt,4009.21,1,No,Inactive,UPI,2025-02-06,Hyderabad,3.8
C01580,22,Male,Clothing,Jeans,4376.77,2,No,Inactive,Cash,2024-04-17,Ahmedabad,3.8
C01962,23,Female,Clothing,Sneakers,1394.67,1,No,Active,Credit Card,2024-02-27,Chandigarh,4.7
C01592,30,Male,Books,Fiction,1130.46,2,No,Inactive,Wallet,2024-10-30,Hyderabad,3.7
C01734,36,Male,Clothing,T-Shirt,3509.99,2,Yes,Inactive,Credit Card,2025-08-05,Bengaluru,4.3
C01391,44,Female,Beauty,Face Cream,3474.05,4,No,Inactive,Credit Card,2024-12-25,Bengaluru,3.2
C01206,21,Male,Home & Kitchen,Storage Box,472.81,2,Yes,Inactive,Wallet,2025-01-04,Chennai,4.5
C00994,24,Male,Sports,Dumbbells,2300.94,2,No,Active,Credit Card,2024-05-18,Chandigarh,5.0
C01597,28,Other,Home & Kitchen,Coffee Maker,2055.36,4,Yes,Active,UPI,2025-01-13,Mumbai,3.0
C01388,34,Other,Books,Business,905.54,3,No,Inactive,Cash,2025-11-21,Delhi,3.5
C01101,51,Female,Clothing,Dress,1413.27,4,Yes,Active,Debit Card,2025-04-08,Hyderabad,3.6
C01230,51,Female,Books,Comics,1880.58,3,No,Inactive,Net Banking,2025-08-10,Hyderabad,4.2
C01554,65,Male,Beauty,Face Cream,725.66,4,Yes,Inactive,Cash,2025-04-29,Jaipur,4.0
C01940,59,Female,Home & Kitchen,Bedsheet,976.37,2,No,Inactive,Credit Card,2024-01-09,Hyderabad,4.0
C00242,38,Male,Electronics,Smartwatch,74205.81,1,No,Inactive,Wallet,2024-01-10,Chandigarh,3.9
C00181,49,Other,Clothing,T-Shirt,845.84,2,Yes,Active,Debit Card,2024-11-29,Chennai,2.8
C01356,42,Female,Beauty,Perfume,4122.97,1,Yes,Active,Wallet,2025-04-17,Ahmedabad,5.0
C00929,56,Male,Beauty,Face Cream,244.76,1,No,Inactive,Debit Card,2024-09-16,Delhi,3.2
C00008,38,Female,Clothing,Dress,889.69,3,No,Active,Wallet,2024-11-25,Delhi,5.0
C00427,26,Male,Electronics,Smartwatch,17817.5,2,No,Inactive,Net Banking,2024-02-26,Ahmedabad,4.1
C00391,43,Other,Electronics,Laptop,69665.42,3,No,Inactive,Wallet,2024-03-17,Chandigarh,2.5
C00889,30,Female,Home & Kitchen,Storage Box,10660.41,1,No,Inactive,Debit Card,2024-08-12,Chennai,4.0
C01996,62,Male,Electronics,Laptop,31920.56,1,Yes,Active,UPI,2024-08-24,Ahmedabad,3.8
C00294,24,Male,Electronics,Smartphone,56984.49,1,No,Inactive,UPI,2024-12-20,Chandigarh,4.0
C01310,62,Female,Clothing,Jeans,4530.38,1,Yes,Inactive,Debit Card,2024-11-17,Mumbai,3.1
C01960,33,Female,Beauty,Lipstick,1584.19,1,Yes,Inactive,Cash,2024-09-17,Ahmedabad,3.6
C00035,37,Female,Home & Kitchen,Cookware,9565.61,1,No,Inactive,UPI,2024-06-23,Pune,3.8
C01295,40,Male,Beauty,Lipstick,441.8,2,No,Inactive,UPI,2024-06-01,Chennai,4.3
C00973,39,Male,Sports,Dumbbells,2955.25,3,No,Active,Net Banking,2024-11-24,Chandigarh,4.4
C01583,41,Male,Home & Kitchen,Lamp,8985.62,1,No,Active,Net Banking,2024-08-17,Mumbai,4.6
C00634,33,Female,Electronics,Smartwatch,77215.12,4,No,Active,Debit Card,2025-12-11,Hyderabad,5.0
C01549,42,Other,Books,Fiction,730.9,2,Yes,Active,Debit Card,2025-07-18,Chennai,5.0
C00846,33,Male,Clothing,Sneakers,3567.96,1,No,Inactive,Wallet,2025-12-21,Bengaluru,3.8
C01120,65,Female,Clothing,Dress,1569.7,1,No,Active,UPI,2025-01-14,Chennai,3.5
C00220,33,Female,Electronics,Speaker,1287.12,3,No,Active,UPI,2024-02-29,Chandigarh,4.1
C01176,51,Male,Clothing,Jeans,1306.46,2,No,Active,UPI,2024-01-29,Bengaluru,4.6
C01313,20,Male,Clothing,Jacket,2481.41,2,No,Inactive,UPI,2024-06-17,Delhi,4.0
C01933,56,Male,Home & Kitchen,Bedsheet,7447.86,2,No,Inactive,UPI,2025-02-14,Hyderabad,3.1
C01963,49,Female,Home & Kitchen,Lamp,3571.15,2,No,Active,Credit Card,2025-05-08,Mumbai,4.8
C00538,21,Female,Books,Technology,1946.37,2,Yes,Inactive,UPI,2024-03-01,Delhi,4.1
C01203,45,Female,Electronics,Headphones,64677.98,5,No,Inactive,Credit Card,2024-10-04,Chennai,4.2
C01379,60,Male,Home & Kitchen,Storage Box,8558.75,1,No,Active,Debit Card,2025-01-30,Jaipur,4.7
C00614,45,Male,Sports,Football,7878.21,1,No,Inactive,UPI,2024-03-17,Chennai,3.1
C01710,58,Female,Electronics,Speaker,49162.28,1,No,Inactive,Net Banking,2024-11-08,Chennai,5.0
C01989,35,Female,Electronics,Laptop,69929.33,2,Yes,Inactive,Credit Card,2025-08-26,Pune,4.1
C00936,54,Female,Electronics,Headphones,12067.58,1,Yes,Active,Wallet,2024-06-21,Hyderabad,3.8
C01745,62,Male,Books,Fiction,541.28,3,No,Inactive,Credit Card,2024-11-17,Jaipur,2.2
C00746,48,Female,Books,Business,1387.85,1,No,Active,UPI,2024-09-21,Jaipur,3.7
C01446,37,Female,Clothing,Sneakers,2908.83,2,No,Inactive,Debit Card,2024-04-24,Kolkata,5.0
C01983,63,Female,Beauty,Perfume,3724.65,1,Yes,Inactive,Net Banking,2025-05-17,Pune,4.3
C00098,49,Male,Home & Kitchen,Cookware,996.41,1,No,Active,Wallet,2024-04-09,Jaipur,4.1
C01301,18,Female,Clothing,Dress,3620.66,3,Yes,Active,Credit Card,2024-08-24,Hyderabad,5.0
C00721,23,Female,Electronics,Laptop,54394.48,1,Yes,Active,Debit Card,2024-05-29,Mumbai,3.7
C01250,38,Male,Electronics,Speaker,69350.53,3,No,Active,Credit Card,2024-12-16,Ahmedabad,4.6
C01881,53,Other,Clothing,Jeans,2719.63,2,No,Active,Debit Card,2024-05-20,Delhi,3.7
C00261,63,Female,Electronics,Laptop,77531.83,2,Yes,Inactive,UPI,2025-11-16,Chennai,3.3
C00386,26,Male,Electronics,Headphones,36402.97,2,No,Active,Wallet,2024-09-19,Hyderabad,3.8
C00736,62,Male,Beauty,Perfume,2658.78,3,No,Inactive,Debit Card,2024-10-01,Hyderabad,3.7
C00865,32,Male,Clothing,Jeans,4188.7,2,No,Active,Net Banking,2025-08-17,Jaipur,4.2
C01733,33,Male,Clothing,Dress,2136.95,1,No,Active,UPI,2024-09-07,Chennai,2.7
C00338,37,Male,Electronics,Smartwatch,40816.11,4,No,Inactive,Wallet,2025-04-14,Mumbai,3.7
C00856,29,Male,Clothing,Jeans,2084.65,1,Yes,Inactive,Net Banking,2025-07-23,Hyderabad,5.0
C01902,25,Female,Home & Kitchen,Bedsheet,13821.41,1,No,Active,Debit Card,2025-02-19,Pune,3.6
C01828,51,Female,Clothing,T-Shirt,3332.04,1,No,Active,UPI,2024-07-31,Delhi,3.7
C00504,50,Female,Home & Kitchen,Bedsheet,8390.09,3,No,Inactive,UPI,2024-04-10,Kolkata,3.5
C01362,39,Male,Home & Kitchen,Bedsheet,3474.6,5,No,Inactive,Credit Card,2024-12-17,Chandigarh,3.8
C01462,40,Female,Home & Kitchen,Bedsheet,9961.45,3,Yes,Inactive,UPI,2024-12-08,Hyderabad,4.4
C00274,58,Female,Home & Kitchen,Bedsheet,7927.95,2,No,Active,UPI,2025-05-29,Delhi,2.7
C00525,44,Male,Clothing,Dress,1813.2,1,Yes,Inactive,UPI,2025-11-19,Pune,4.6
C01685,38,Male,Beauty,Lipstick,1132.36,1,No,Inactive,UPI,2025-12-16,Hyderabad,4.5
C00214,40,Male,Beauty,Perfume,1005.0,2,No,Inactive,Debit Card,2025-12-22,Bengaluru,3.9
C01944,19,Male,Electronics,Smartwatch,38990.19,5,Yes,Active,Net Banking,2024-09-17,Mumbai,3.1
C00286,33,Other,Electronics,Speaker,70206.02,3,Yes,Inactive,Wallet,2024-11-11,Kolkata,3.7
C01135,39,Male,Beauty,Face Cream,2051.41,2,Yes,Active,UPI,2025-06-11,Mumbai,4.1
C01373,19,Male,Home & Kitchen,Lamp,9929.59,4,No,Inactive,UPI,2025-02-08,Chandigarh,3.2
C00201,31,Female,Electronics,Speaker,39004.98,1,No,Active,Cash,2024-05-11,Jaipur,3.7
C00521,26,Female,Sports,Running Shoes,5965.62,2,No,Inactive,UPI,2024-01-01,Jaipur,3.8
C01751,46,Male,Electronics,Speaker,37852.2,1,Yes,Inactive,Debit Card,2024-03-25,Mumbai,4.0
C00567,40,Male,Books,Fiction,225.38,2,No,Inactive,Debit Card,2025-05-20,Kolkata,4.0
C01272,31,Male,Electronics,Speaker,3935.23,2,Yes,Inactive,Debit Card,2025-09-15,Bengaluru,3.1
C00985,21,Male,Sports,Football,6497.17,2,No,Inactive,Wallet,2024-04-19,Delhi,5.0
C01407,49,Female,Books,Comics,923.02,2,No,Inactive,Credit Card,2024-06-14,Kolkata,3.5
C00522,55,Male,Home & Kitchen,Lamp,9045.12,1,Yes,Active,Net Banking,2025-12-27,Chennai,2.8
C00867,42,Female,Electronics,Speaker,27968.54,1,No,Inactive,Credit Card,2025-07-31,Pune,3.9
C01110,62,Other,Beauty,Face Cream,2512.24,1,No,Active,Debit Card,2024-12-05,Pune,2.6
C01456,21,Female,Electronics,Speaker,65214.95,3,No,Inactive,Credit Card,2025-12-20,Hyderabad,4.4
C00923,51,Female,Books,Self-Help,1696.8,2,No,Inactive,Cash,2025-04-03,Chennai,4.5
C01912,33,Female,Home & Kitchen,Coffee Maker,2252.98,3,Yes,Inactive,Credit Card,2024-08-27,Delhi,5.0
C01139,33,Male,Electronics,Laptop,59049.86,2,Yes,Active,Credit Card,2024-04-11,Jaipur,3.6
C00991,34,Male,Electronics,Speaker,21774.8,2,No,Inactive,Credit Card,2025-09-18,Ahmedabad,4.8
C01171,37,Female,Beauty,Perfume,1392.26,3,Yes,Active,Net Banking,2024-05-16,Chandigarh,3.3
C00273,48,Male,Electronics,Speaker,54460.09,3,No,Active,Credit Card,2025-11-04,Chandigarh,3.7
C00307,36,Male,Beauty,Face Cream,2203.79,3,Yes,Active,Debit Card,2024-04-02,Delhi,4.4
C00723,57,Female,Beauty,Perfume,2120.67,1,No,Inactive,Cash,2025-09-12,Bengaluru,3.3
C00410,65,Male,Sports,Football,2369.26,3,No,Inactive,UPI,2025-05-10,Mumbai,3.8
C01524,52,Male,Sports,Cricket Bat,8561.85,3,Yes,Inactive,Debit Card,2025-12-13,Ahmedabad,3.6
C00685,23,Male,Sports,Dumbbells,8435.39,4,No,Inactive,Cash,2025-06-04,Kolkata,4.2
C00949,27,Female,Electronics,Smartphone,59297.3,1,Yes,Inactive,Credit Card,2025-03-22,Chandigarh,4.2
C00484,19,Other,Clothing,Dress,2179.8,1,Yes,Active,Debit Card,2024-05-28,Kolkata,3.4
C01474,30,Male,Home & Kitchen,Storage Box,9378.51,1,Yes,Active,UPI,2024-03-25,Chandigarh,3.8
C01506,53,Female,Sports,Cricket Bat,8390.11,3,No,Inactive,Credit Card,2024-09-24,Chandigarh,2.4
C01961,53,Female,Beauty,Skin Serum,330.02,1,No,Inactive,UPI,2024-05-28,Chandigarh,2.7
C01549,27,Female,Sports,Yoga Mat,6593.51,2,Yes,Active,UPI,2025-09-26,Chandigarh,4.4
C01879,61,Male,Home & Kitchen,Cookware,6656.72,3,Yes,Active,UPI,2025-04-20,Jaipur,3.9
C00557,38,Male,Clothing,Jacket,4874.94,1,No,Active,Wallet,2024-02-18,Chennai,2.6
C00899,54,Male,Beauty,Face Cream,1977.36,3,Yes,Active,UPI,2024-04-27,Delhi,5.0
C01782,49,Male,Clothing,T-Shirt,1799.95,2,Yes,Inactive,Net Banking,2024-10-31,Kolkata,4.9
C00628,54,Male,Electronics,Headphones,19638.54,1,No,Active,Credit Card,2024-12-26,Bengaluru,3.7
C00968,65,Female,Home & Kitchen,Bedsheet,2673.62,1,No,Active,Credit Card,2024-08-04,Pune,3.1
C00212,46,Male,Clothing,T-Shirt,3427.16,4,No,Inactive,Cash,2025-12-11,Chandigarh,3.9
C00135,37,Female,Electronics,Headphones,10613.19,2,No,Inactive,Credit Card,2025-06-17,Hyderabad,5.0
C01263,46,Female,Clothing,Jeans,3965.39,1,No,Inactive,Cash,2025-03-15,Delhi,
C00154,53,Male,Home & Kitchen,Cookware,12688.47,1,No,Inactive,Net Banking,2024-11-16,Pune,3.2
C00889,46,Male,Books,Self-Help,677.26,2,No,Inactive,Cash,2025-09-03,Bengaluru,4.6
C01071,24,Female,Clothing,Jeans,1555.77,1,No,Inactive,UPI,2025-10-31,Chennai,4.0
C01523,35,Female,Home & Kitchen,Storage Box,13680.42,3,No,Active,Net Banking,2025-12-25,Chandigarh,5.0
C00703,57,Female,Books,Technology,1581.02,1,Yes,Inactive,UPI,2025-07-18,Mumbai,3.8
C00058,65,Female,Clothing,Jeans,800.18,1,No,Inactive,Credit Card,2025-05-01,Delhi,4.5
C01150,53,Female,Clothing,Jeans,2025.71,1,No,Inactive,Credit Card,2024-05-20,Mumbai,2.6
C01521,56,Male,Home & Kitchen,Storage Box,2167.68,3,No,Inactive,Credit Card,2025-03-27,Hyderabad,4.1
C01782,49,Female,Home & Kitchen,Bedsheet,4400.11,2,No,Inactive,Credit Card,2025-11-10,Chennai,5.0
C01724,18,Female,Sports,Yoga Mat,7620.38,3,No,Active,Credit Card,2025-07-23,Hyderabad,3.5
C00963,19,Female,Sports,Dumbbells,4164.29,1,No,Active,UPI,2024-03-04,Jaipur,4.2
C00448,20,Female,Home & Kitchen,Lamp,12936.79,3,Yes,Active,UPI,2024-06-06,Jaipur,3.2
C01947,61,Male,Sports,Football,8735.25,3,No,Inactive,Net Banking,2025-01-24,Mumbai,3.6
C00806,55,Male,Home & Kitchen,Lamp,10397.05,1,No,Inactive,Wallet,2025-04-12,Hyderabad,4.5
C00899,32,Female,Home & Kitchen,Cookware,6137.13,3,No,Inactive,Wallet,2025-09-23,Kolkata,4.2
C01036,34,Male,Sports,Running Shoes,1814.13,1,No,Inactive,Credit Card,2024-06-18,Chandigarh,4.1
C00529,23,Male,Clothing,Sneakers,4361.33,3,No,Inactive,UPI,2024-10-10,Chandigarh,3.5
C00993,62,Female,Clothing,T-Shirt,975.01,1,No,Inactive,UPI,2024-07-24,Ahmedabad,3.0
C00724,62,Male,Electronics,Headphones,61874.97,2,Yes,Inactive,UPI,2025-09-24,Chennai,4.9
C00779,19,Male,Books,Technology,1609.44,1,No,Inactive,Credit Card,2024-08-16,Ahmedabad,2.7
C01962,22,Female,Home & Kitchen,Bedsheet,3046.25,3,No,Inactive,UPI,2024-02-06,Jaipur,4.1
C01206,25,Male,Home & Kitchen,Bedsheet,2577.01,3,No,Inactive,Debit Card,2025-07-09,Chandigarh,3.0
C01575,24,Female,Books,Business,744.65,1,No,Inactive,Credit Card,2024-08-14,Bengaluru,3.3
C01263,36,Female,Home & Kitchen,Lamp,3911.34,1,No,Active,Credit Card,2025-11-09,Bengaluru,4.3
C00330,50,Female,Clothing,Dress,1132.58,2,No,Inactive,UPI,2025-07-05,Bengaluru,4.2
C00365,26,Male,Electronics,Smartwatch,46064.03,1,No,Active,Cash,2024-11-08,Kolkata,5.0
C00480,28,Female,Books,Technology,479.16,3,No,Inactive,UPI,2025-11-20,Pune,4.9
C00652,51,Female,Clothing,Sneakers,1516.81,2,Yes,Inactive,Credit Card,2025-11-16,Delhi,4.4
C01911,54,Male,Clothing,Sneakers,3650.55,4,Yes,Active,Credit Card,2024-03-03,Delhi,4.6
C01552,47,Male,Beauty,Lipstick,2484.78,2,No,Active,Credit Card,2025-09-27,Kolkata,4.4
C01592,54,Male,Electronics,Speaker,32205.23,2,Yes,Inactive,Credit Card,2024-09-22,Delhi,4.1
C01127,54,Male,Books,Business,414.02,3,No,Inactive,Cash,2024-02-05,Mumbai,3.0
C01709,24,Male,Beauty,Lipstick,1001.02,2,No,Active,Debit Card,2025-11-02,Hyderabad,3.6
C00400,45,Female,Home & Kitchen,Cookware,8516.43,5,No,Inactive,Credit Card,2025-09-30,Chennai,5.0
C00551,34,Male,Books,Technology,305.49,1,No,Active,Debit Card,2024-03-13,Kolkata,3.7
C00039,57,Male,Sports,Football,1339.76,1,No,Inactive,UPI,2025-11-03,Chandigarh,3.0
C00180,49,Male,Beauty,Perfume,4494.18,3,Yes,Inactive,Debit Card,2025-02-17,Pune,3.5
C00122,51,Male,Electronics,Speaker,53442.73,1,Yes,Inactive,Net Banking,2024-02-22,Ahmedabad,5.0
C00393,34,Male,Sports,Yoga Mat,10631.59,3,No,Active,Credit Card,2025-12-09,Chennai,4.8
C00453,59,Female,Home & Kitchen,Cookware,992.83,4,No,Active,Cash,2024-11-24,Chennai,3.9
C00891,47,Female,Clothing,T-Shirt,4972.68,3,No,Active,Wallet,2024-11-13,Bengaluru,3.8
C01720,33,Female,Home & Kitchen,Bedsheet,5581.87,3,No,Inactive,Credit Card,2024-09-06,Chennai,4.4
C00956,37,Female,Sports,Cricket Bat,2798.68,2,No,Active,Wallet,2025-01-25,Mumbai,4.5
C00989,41,Male,Electronics,Headphones,10201.32,1,Yes,Inactive,UPI,2024-11-13,Chandigarh,4.5
C01949,51,Female,Clothing,Dress,3852.34,3,No,Inactive,Debit Card,2025-01-30,Delhi,4.7
C00635,22,Male,Books,Self-Help,1560.54,1,No,Active,Debit Card,2024-05-05,Jaipur,2.6
C01181,48,Female,Clothing,T-Shirt,2405.13,2,No,Active,Credit Card,2025-01-15,Kolkata,3.1
C00112,55,Male,Clothing,Jeans,4726.76,5,No,Inactive,Credit Card,2025-09-21,Chennai,3.1
C00259,22,Female,Electronics,Laptop,28170.18,2,No,Inactive,Credit Card,2024-05-12,Ahmedabad,4.2
C00621,44,Female,Home & Kitchen,Cookware,981.44,2,No,Inactive,Debit Card,2024-04-22,Bengaluru,4.6
C01786,23,Male,Sports,Running Shoes,4233.92,3,Yes,Inactive,UPI,2025-10-28,Chennai,3.5
C00075,57,Male,Beauty,Shampoo,332.73,2,Yes,Inactive,Credit Card,2025-01-14,Chandigarh,3.3
C00629,61,Female,Home & Kitchen,Coffee Maker,11684.73,2,Yes,Inactive,Cash,2024-04-14,Ahmedabad,4.6
C00513,26,Male,Beauty,Perfume,2633.22,2,Yes,Inactive,Debit Card,2024-11-13,Ahmedabad,5.0
C01899,54,Male,Home & Kitchen,Lamp,14313.79,3,No,Inactive,Debit Card,2025-04-12,Delhi,2.8
C00094,40,Male,Books,Comics,210.16,1,No,Inactive,Credit Card,2025-03-03,Pune,3.6
C00072,32,Male,Electronics,Headphones,30990.32,1,Yes,Inactive,Wallet,2024-02-01,Chandigarh,4.8
C01128,29,Female,Electronics,Smartphone,49321.94,1,Yes,Inactive,Debit Card,2024-09-10,Pune,3.5
C00936,24,Male,Books,Business,1931.28,2,No,Inactive,UPI,2025-07-26,Jaipur,5.0
C01662,41,Male,Beauty,Skin Serum,3653.47,1,No,Active,Net Banking,2024-10-30,Jaipur,3.8
C00073,59,Female,Home & Kitchen,Coffee Maker,2956.01,2,Yes,Inactive,Debit Card,2024-02-17,Chennai,4.4
C01317,39,Male,Electronics,Smartwatch,44280.04,1,No,Inactive,UPI,2024-11-04,Delhi,3.9
C00188,18,Male,Books,Business,770.38,2,No,Inactive,Net Banking,2024-01-08,Jaipur,4.2
C00785,53,Male,Clothing,T-Shirt,1398.71,1,Yes,Inactive,Credit Card,2024-05-23,Chennai,3.5
C01565,53,Other,Books,Comics,1538.96,1,No,Inactive,UPI,2024-12-17,Jaipur,3.5
C01798,23,Male,Sports,Football,3353.55,2,No,Inactive,UPI,2025-02-22,Mumbai,3.9
C00422,26,Male,Sports,Cricket Bat,7960.59,2,No,Inactive,Cash,2025-05-30,Chandigarh,4.6
C01304,31,Male,Sports,Football,2509.29,2,No,Inactive,Net Banking,2025-03-21,Pune,4.9
C01463,38,Male,Books,Fiction,417.21,2,Yes,Active,UPI,2024-09-24,Bengaluru,2.7
C01508,32,Male,Clothing,Jacket,3446.19,2,No,Inactive,UPI,2025-06-30,Chennai,4.8
C01083,39,Male,Electronics,Speaker,54466.87,2,No,Active,Debit Card,2024-12-28,Delhi,3.5
C00227,28,Male,Clothing,Jeans,897.43,2,No,Active,UPI,2025-06-11,Pune,4.9
C00525,49,Female,Electronics,Headphones,6278.31,3,No,Active,Debit Card,2024-11-20,Hyderabad,3.9
C00579,39,Male,Sports,Dumbbells,5694.38,2,No,Inactive,Debit Card,2025-08-10,Bengaluru,2.6
C01398,26,Male,Home & Kitchen,Bedsheet,14160.48,2,No,Active,Credit Card,2024-10-11,Kolkata,3.4
C01125,33,Female,Sports,Running Shoes,2228.21,2,No,Inactive,Cash,2024-05-08,Delhi,4.0
C01445,48,Male,Home & Kitchen,Lamp,13988.39,2,Yes,Active,Net Banking,2025-03-20,Hyderabad,4.2
C01227,62,Male,Beauty,Lipstick,4916.03,2,No,Inactive,UPI,2024-10-27,Pune,4.7
C00739,46,Male,Home & Kitchen,Coffee Maker,5651.73,1,Yes,Inactive,Credit Card,2024-03-19,Chandigarh,4.4
C01139,34,Female,Books,Fiction,1694.44,1,No,Active,Net Banking,2024-11-18,Bengaluru,2.8
C01785,31,Male,Clothing,Jeans,1494.63,1,No,Active,UPI,2024-02-26,Chennai,3.6
C00678,54,Female,Beauty,Shampoo,3943.8,2,No,Inactive,Credit Card,2025-04-21,Chandigarh,5.0
C00265,46,Female,Beauty,Skin Serum,4357.65,2,No,Active,UPI,2024-08-13,Hyderabad,3.2
C01961,28,Female,Home & Kitchen,Cookware,6134.78,1,No,Active,Wallet,2024-10-29,Jaipur,4.2
C00884,55,Male,Beauty,Shampoo,2421.08,5,No,Inactive,Wallet,2025-04-30,Jaipur,2.8
C00965,49,Male,Electronics,Laptop,78341.27,3,Yes,Active,Debit Card,2025-03-31,Bengaluru,3.2
C00342,55,Male,Beauty,Face Cream,1537.63,1,No,Active,UPI,2024-02-13,Jaipur,4.0
C00779,48,Male,Beauty,Lipstick,3380.0,2,Yes,Inactive,Credit Card,2025-11-29,Mumbai,3.6
C01032,55,Male,Clothing,Sneakers,422.5,1,Yes,Active,Wallet,2025-11-03,Chennai,5.0
C01376,24,Male,Books,Business,1521.54,4,No,Inactive,Credit Card,2025-09-04,Hyderabad,4.5
C01330,56,Male,Books,Fiction,342.69,1,Yes,Active,Debit Card,2024-04-19,Kolkata,4.6
C01540,40,Female,Sports,Cricket Bat,3537.07,3,No,Active,Wallet,2025-10-20,Delhi,3.8
C01270,65,Female,Beauty,Lipstick,3598.96,2,No,Inactive,Credit Card,2024-06-17,Bengaluru,4.0
C00154,23,Male,Clothing,Jeans,1215.81,1,No,Active,Debit Card,2024-05-30,Chandigarh,4.8
C00202,63,Female,Clothing,T-Shirt,4870.94,1,No,Inactive,Credit Card,2024-05-14,Kolkata,3.1
C01753,53,Female,Clothing,T-Shirt,4123.84,3,No,Inactive,Credit Card,2025-01-23,Mumbai,4.1
C01856,44,Female,Clothing,Dress,951.1,4,No,Active,UPI,2025-05-07,Pune,3.5
C00342,51,Female,Sports,Yoga Mat,6298.0,1,Yes,Active,Credit Card,2025-02-01,Delhi,4.0
C01760,44,Female,Home & Kitchen,Cookware,3398.76,4,No,Active,Credit Card,2024-07-15,Ahmedabad,4.8
C00111,50,Female,Home & Kitchen,Storage Box,9750.09,2,Yes,Active,UPI,2025-12-18,Chandigarh,4.3
C00479,56,Male,Electronics,Laptop,43969.36,1,Yes,Inactive,UPI,2024-07-30,Hyderabad,2.7
C00127,40,Male,Books,Business,1925.31,4,Yes,Inactive,UPI,2025-03-20,Mumbai,5.0
C01849,39,Female,Home & Kitchen,Storage Box,9524.82,1,No,Inactive,Credit Card,2024-05-02,Mumbai,4.1
C01390,59,Other,Beauty,Lipstick,2420.48,1,No,Active,UPI,2024-04-19,Pune,3.5
C00705,61,Male,Home & Kitchen,Lamp,10400.83,1,No,Active,UPI,2024-03-11,Pune,5.0
C01009,43,Female,Electronics,Smartwatch,76606.06,1,No,Inactive,Credit Card,2025-12-18,Delhi,4.1
C01045,47,Male,Home & Kitchen,Coffee Maker,12251.91,2,No,Inactive,UPI,2025-10-25,Chandigarh,4.1
C00737,46,Female,Home & Kitchen,Bedsheet,1491.55,1,Yes,Inactive,Debit Card,2025-05-05,Chennai,4.3
C01114,28,Female,Clothing,Jacket,3017.25,3,No,Inactive,Debit Card,2025-02-21,Chennai,3.8
C00680,57,Female,Home & Kitchen,Bedsheet,11204.14,4,No,Inactive,Credit Card,2024-04-23,Chandigarh,3.1
C00502,28,Other,Electronics,Smartphone,40660.41,3,No,Inactive,Debit Card,2025-07-07,Jaipur,5.0
C00170,46,Male,Electronics,Headphones,23439.41,1,No,Inactive,Debit Card,2025-10-23,Ahmedabad,3.9
C01509,53,Male,Books,Business,748.34,3,No,Active,Net Banking,2024-03-04,Hyderabad,4.3
C00463,28,Female,Sports,Football,11241.69,1,No,Active,Wallet,2025-10-14,Pune,4.1
C01448,22,Male,Clothing,Jeans,4554.46,1,No,Active,UPI,2025-06-15,Kolkata,3.7
C01639,51,Other,Clothing,Jacket,1180.18,1,No,Inactive,Credit Card,2024-10-10,Ahmedabad,3.6
C00915,59,Male,Clothing,T-Shirt,3409.65,1,No,Inactive,Net Banking,2025-06-20,Jaipur,4.1
C00899,31,Male,Electronics,Smartwatch,37300.46,1,No,Inactive,Wallet,2025-10-25,Delhi,5.0
C00928,64,Female,Electronics,Laptop,11481.89,1,No,Inactive,UPI,2024-07-07,Bengaluru,2.8
C00065,61,Other,Electronics,Headphones,31606.68,1,Yes,Inactive,Debit Card,2025-04-22,Ahmedabad,2.7
C00054,59,Male,Sports,Cricket Bat,11316.77,1,No,Active,Wallet,2025-05-18,Jaipur,2.7
C01716,52,Female,Sports,Running Shoes,1019.96,5,No,Active,Credit Card,2024-11-10,Bengaluru,5.0
C00889,41,Male,Beauty,Shampoo,1943.63,1,Yes,Active,Net Banking,2025-08-14,Delhi,4.6
C00632,51,Female,Electronics,Smartwatch,39331.78,1,No,Inactive,UPI,2025-12-21,Jaipur,3.4
C01887,62,Male,Electronics,Speaker,25889.18,2,Yes,Inactive,Debit Card,2024-08-10,Hyderabad,2.5
C01347,40,Female,Books,Self-Help,666.73,3,Yes,Active,Credit Card,2025-10-30,Ahmedabad,4.4
C00936,34,Female,Beauty,Face Cream,3935.99,1,Yes,Inactive,Credit Card,2024-06-25,Hyderabad,3.0
C01205,52,Female,Electronics,Smartwatch,23867.76,1,No,Inactive,UPI,2024-03-22,Mumbai,3.2
C01239,51,Female,Clothing,Jacket,4926.68,1,No,Active,UPI,2024-12-11,Delhi,4.9
C01143,19,Male,Sports,Running Shoes,8107.97,1,No,Inactive,Credit Card,2024-08-02,Chandigarh,4.3
C01595,34,Female,Clothing,Sneakers,4982.74,2,No,Active,UPI,2025-02-28,Ahmedabad,4.1
C01515,52,Female,Electronics,Laptop,47477.71,1,Yes,Inactive,UPI,2025-02-20,Mumbai,3.8
C01874,55,Female,Home & Kitchen,Bedsheet,12697.92,1,No,Inactive,Debit Card,2025-11-11,Delhi,5.0
C01995,23,Male,Books,Self-Help,671.78,3,No,Inactive,Cash,2024-05-15,Jaipur,4.2
C00395,40,Male,Electronics,Headphones,47563.15,1,No,Active,Net Banking,2024-04-22,Hyderabad,4.7
C01577,33,Female,Sports,Yoga Mat,2973.13,1,Yes,Inactive,UPI,2025-01-08,Ahmedabad,4.3
C00288,19,Male,Electronics,Laptop,60807.44,3,Yes,Active,Debit Card,2024-11-20,Kolkata,4.0
C00747,24,Female,Home & Kitchen,Cookware,5584.57,2,No,Inactive,Cash,2025-07-21,Bengaluru,4.3
C01477,49,Male,Electronics,Smartphone,44221.83,1,No,Inactive,UPI,2024-06-08,Hyderabad,4.8
C00562,36,Female,Sports,Running Shoes,9288.58,2,Yes,Active,UPI,2025-02-24,Chandigarh,3.9
C01433,42,Male,Beauty,Shampoo,967.77,1,Yes,Inactive,Debit Card,2024-08-31,Mumbai,4.8
C00339,33,Male,Electronics,Speaker,59012.71,1,No,Inactive,Debit Card,2025-07-21,Kolkata,3.4
C00546,42,Other,Clothing,Jeans,4438.89,2,No,Inactive,Cash,2024-02-20,Kolkata,4.0
C01637,34,Male,Electronics,Speaker,10067.68,2,No,Active,Credit Card,2025-04-07,Chandigarh,2.0
C00480,32,Female,Electronics,Smartwatch,21574.68,1,Yes,Inactive,Debit Card,2024-11-03,Kolkata,2.4
C00972,24,Female,Electronics,Laptop,57160.53,2,No,Inactive,Credit Card,2024-03-23,Ahmedabad,4.5
C01359,39,Male,Clothing,T-Shirt,1194.61,2,No,Inactive,Debit Card,2024-06-20,Ahmedabad,2.8
C00748,41,Male,Beauty,Lipstick,1496.7,1,No,Active,Cash,2024-11-27,Bengaluru,4.6
C00903,52,Female,Sports,Football,3739.29,3,Yes,Inactive,UPI,2025-12-17,Pune,3.5
C01476,38,Female,Clothing,Dress,4246.35,2,Yes,Inactive,Debit Card,2025-12-23,Delhi,2.9
C01186,45,Other,Home & Kitchen,Coffee Maker,14627.85,4,No,Active,UPI,2024-05-11,Jaipur,3.3
C01890,41,Male,Electronics,Laptop,5360.94,2,Yes,Inactive,Net Banking,2025-04-13,Pune,2.7
C00431,30,Female,Sports,Running Shoes,11045.61,4,No,Active,Cash,2025-02-17,Bengaluru,3.2
C00954,52,Male,Home & Kitchen,Bedsheet,534.94,3,Yes,Inactive,Net Banking,2024-03-18,Jaipur,3.6
C01933,33,Female,Electronics,Smartphone,46144.05,4,No,Inactive,Debit Card,2024-09-11,Hyderabad,2.6
C00972,60,Female,Clothing,Jeans,2761.28,1,Yes,Inactive,Net Banking,2024-08-10,Jaipur,5.0
C00272,61,Female,Sports,Yoga Mat,11317.22,1,Yes,Active,Credit Card,2025-10-29,Chennai,2.5
C01077,25,Female,Home & Kitchen,Coffee Maker,1291.44,1,No,Inactive,UPI,2025-12-09,Mumbai,4.9
C00780,34,Female,Home & Kitchen,Lamp,13811.61,1,No,Inactive,Debit Card,2025-10-21,Pune,3.4
C00468,21,Female,Beauty,Skin Serum,1372.04,1,No,Active,UPI,2025-02-27,Hyderabad,
C00809,38,Female,Clothing,Jacket,2180.49,3,No,Active,Credit Card,2024-11-27,Jaipur,5.0
C00924,61,Female,Beauty,Lipstick,4694.33,2,Yes,Active,Credit Card,2024-05-21,Mumbai,3.5
C00708,21,Female,Beauty,Perfume,2504.96,1,No,Inactive,Debit Card,2024-12-26,Chennai,3.0
C00941,28,Female,Home & Kitchen,Coffee Maker,10991.41,1,No,Active,Credit Card,2024-10-18,Chandigarh,4.5
C01790,62,Male,Clothing,Dress,3594.96,1,No,Active,Credit Card,2025-05-29,Ahmedabad,3.5
C00590,44,Male,Electronics,Smartphone,48241.98,2,No,Active,UPI,2024-03-26,Delhi,3.7
C00838,29,Female,Electronics,Smartphone,70882.44,1,Yes,Active,Debit Card,2025-01-08,Chandigarh,5.0
C01725,26,Female,Beauty,Lipstick,4793.92,1,Yes,Inactive,UPI,2024-08-15,Chandigarh,2.4
C01873,44,Male,Sports,Cricket Bat,6606.67,1,No,Active,Debit Card,2025-07-16,Delhi,4.7
C00017,30,Female,Clothing,T-Shirt,2652.86,2,Yes,Inactive,Wallet,2025-05-07,Delhi,3.5
C00075,29,Male,Electronics,Smartphone,28588.7,2,No,Active,Credit Card,2025-08-18,Chennai,3.9
C01185,26,Male,Home & Kitchen,Cookware,10578.31,2,No,Inactive,UPI,2024-10-28,Chandigarh,4.7
C01924,62,Other,Electronics,Headphones,85148.35,1,Yes,Inactive,Debit Card,2025-10-14,Hyderabad,3.9
C01504,53,Female,Books,Self-Help,434.25,4,No,Active,Debit Card,2025-05-17,Mumbai,2.6
C01693,45,Male,Electronics,Speaker,19439.98,1,No,Inactive,UPI,2024-12-11,Chennai,4.2
C00581,58,Male,Clothing,Dress,1952.52,2,Yes,Active,Debit Card,2024-08-08,Delhi,4.4
C00190,28,Male,Clothing,Jeans,728.08,1,No,Inactive,Credit Card,2024-10-07,Chandigarh,4.3
C00312,63,Other,Clothing,Jacket,4452.04,4,No,Inactive,Debit Card,2025-03-17,Pune,4.1
C01751,42,Male,Electronics,Smartphone,32692.74,1,No,Inactive,Debit Card,2024-12-13,Chandigarh,4.5
C01763,31,Female,Clothing,Dress,3144.36,5,No,Inactive,UPI,2024-09-16,Jaipur,3.4
C01906,44,Male,Clothing,Dress,2027.44,3,No,Active,UPI,2025-02-24,Hyderabad,3.8
C00254,26,Male,Clothing,Jeans,1565.21,3,No,Inactive,UPI,2024-02-26,Delhi,3.7
C01400,27,Female,Electronics,Headphones,48169.21,1,No,Inactive,Credit Card,2025-12-22,Bengaluru,3.7
C00347,45,Male,Sports,Football,5114.99,1,No,Inactive,Wallet,2024-02-17,Bengaluru,3.5
C00310,44,Female,Home & Kitchen,Cookware,4994.2,2,No,Active,Debit Card,2025-11-27,Hyderabad,4.6
C00559,49,Male,Clothing,Dress,2675.99,2,No,Inactive,UPI,2025-06-07,Mumbai,3.6
C01568,58,Female,Electronics,Headphones,84587.62,1,No,Inactive,Credit Card,2024-03-12,Hyderabad,3.1
C00848,20,Male,Clothing,Dress,4115.1,3,No,Active,Wallet,2025-02-07,Ahmedabad,3.8
C00244,18,Female,Beauty,Lipstick,453.8,4,Yes,Inactive,Net Banking,2025-01-06,Hyderabad,2.9
C00932,44,Male,Clothing,Sneakers,1092.92,2,Yes,Inactive,Credit Card,2025-05-09,Mumbai,3.6
C01194,29,Male,Sports,Football,7463.11,3,No,Inactive,Net Banking,2025-11-16,Chennai,4.1
C01188,34,Female,Clothing,T-Shirt,2260.58,3,No,Inactive,Credit Card,2024-04-23,Mumbai,3.8
C01813,52,Female,Home & Kitchen,Storage Box,1402.75,2,Yes,Active,Wallet,2025-04-20,Jaipur,4.4
C01965,51,Female,Electronics,Headphones,17223.84,1,Yes,Inactive,Net Banking,2024-03-29,Chandigarh,2.4
C01490,42,Female,Clothing,Jeans,2955.8,1,Yes,Inactive,Debit Card,2024-03-13,Pune,4.2
C01008,21,Male,Home & Kitchen,Bedsheet,3806.99,3,No,Active,Credit Card,2024-03-26,Bengaluru,4.2
C00982,53,Male,Electronics,Smartphone,16859.43,2,No,Inactive,Cash,2024-12-12,Chandigarh,4.6
C01152,42,Male,Beauty,Lipstick,2452.53,4,No,Inactive,UPI,2024-06-25,Kolkata,3.4
C01146,34,Male,Clothing,Sneakers,1321.58,3,No,Active,Wallet,2024-01-01,Chandigarh,4.3
C01432,42,Other,Beauty,Perfume,1323.78,4,No,Inactive,Credit Card,2024-10-30,Bengaluru,3.6
C01220,44,Male,Clothing,Sneakers,2267.85,1,No,Inactive,Debit Card,2024-09-27,Hyderabad,4.3
C01486,40,Male,Electronics,Smartwatch,80417.14,2,No,Active,UPI,2025-12-05,Pune,3.7
C01604,20,Female,Books,Fiction,1878.4,4,No,Active,Debit Card,2024-07-28,Kolkata,4.7
C01599,62,Male,Electronics,Speaker,36479.63,2,No,Inactive,Credit Card,2025-06-25,Jaipur,5.0
C00951,58,Female,Books,Fiction,1687.23,1,No,Inactive,Net Banking,2024-03-12,Pune,3.0
C00833,18,Female,Home & Kitchen,Bedsheet,5827.32,2,No,Inactive,Credit Card,2025-08-01,Jaipur,4.6
C01696,32,Female,Electronics,Speaker,4632.56,3,No,Inactive,UPI,2025-03-14,Delhi,5.0
C01716,29,Female,Clothing,Jeans,2704.08,1,No,Inactive,UPI,2025-01-19,Hyderabad,4.6
C00728,63,Male,Beauty,Face Cream,2593.2,1,Yes,Inactive,Debit Card,2025-04-20,Jaipur,3.3
C01460,31,Male,Clothing,Jacket,2073.56,1,No,Active,UPI,2025-09-14,Pune,2.9
C01231,51,Female,Clothing,Jacket,2671.51,5,Yes,Active,Wallet,2025-09-16,Kolkata,3.7
C01749,59,Female,Home & Kitchen,Bedsheet,12872.46,2,No,Active,Debit Card,2025-01-11,Jaipur,4.1
C00540,55,Female,Sports,Running Shoes,4905.25,1,No,Inactive,UPI,2025-02-04,Chandigarh,3.5
C00184,43,Male,Home & Kitchen,Bedsheet,2400.4,3,Yes,Inactive,UPI,2025-08-04,Chennai,4.1
C01245,54,Other,Clothing,Sneakers,774.34,3,Yes,Active,Net Banking,2024-06-28,Jaipur,3.8
C01984,45,Male,Books,Comics,384.64,1,No,Inactive,UPI,2024-11-15,Delhi,5.0
C01471,31,Female,Home & Kitchen,Coffee Maker,11123.9,2,No,Inactive,UPI,2024-11-29,Pune,4.8
C01669,47,Male,Home & Kitchen,Coffee Maker,11848.39,2,Yes,Active,Credit Card,2025-08-13,Hyderabad,4.4
C01550,63,Male,Sports,Running Shoes,10183.48,4,No,Active,Credit Card,2024-10-24,Jaipur,4.1
C01100,55,Male,Sports,Cricket Bat,3046.47,2,No,Inactive,Credit Card,2025-02-05,Pune,4.3
C01578,65,Male,Sports,Running Shoes,6104.51,1,No,Active,UPI,2024-02-21,Kolkata,4.0
C01231,58,Female,Clothing,Sneakers,4342.42,1,No,Inactive,Net Banking,2025-01-18,Chandigarh,2.7
C01672,29,Female,Books,Self-Help,1684.77,2,Yes,Active,Credit Card,2024-02-26,Pune,3.5
C00325,32,Male,Sports,Cricket Bat,9881.31,2,Yes,Active,UPI,2025-10-28,Ahmedabad,3.0
C00835,30,Female,Books,Fiction,1878.32,2,No,Inactive,Net Banking,2024-06-03,Chandigarh,4.8
C00967,24,Female,Clothing,Dress,2808.56,2,Yes,Active,Wallet,2024-04-15,Chandigarh,3.2
C00524,56,Female,Beauty,Skin Serum,3299.61,1,Yes,Inactive,Credit Card,2025-11-12,Ahmedabad,3.8
C01798,47,Female,Books,Self-Help,297.45,1,Yes,Active,Cash,2025-11-29,Mumbai,4.0
C00992,49,Male,Books,Business,1802.83,1,Yes,Inactive,Debit Card,2024-02-18,Delhi,3.6
C00366,58,Female,Clothing,Jacket,3683.75,1,No,Inactive,UPI,2025-04-23,Kolkata,
C01315,59,Female,Electronics,Headphones,67450.16,2,No,Active,Debit Card,2024-05-27,Kolkata,4.5
C00197,34,Male,Home & Kitchen,Bedsheet,10634.37,5,No,Active,Debit Card,2025-11-30,Chennai,4.9
C01677,41,Male,Sports,Football,5329.62,2,Yes,Inactive,UPI,2025-11-23,Chennai,2.9
C01956,59,Male,Sports,Dumbbells,3220.45,2,No,Inactive,Credit Card,2024-11-22,Delhi,
C01206,45,Female,Electronics,Smartwatch,20240.69,2,No,Active,Credit Card,2025-02-02,Kolkata,4.8
C01216,51,Male,Electronics,Laptop,1437.83,4,No,Inactive,Debit Card,2024-07-13,Chennai,4.2
C00982,57,Male,Home & Kitchen,Storage Box,1528.15,3,Yes,Inactive,Net Banking,2024-02-13,Delhi,3.1
C01183,37,Female,Electronics,Smartwatch,32216.81,1,No,Active,Wallet,2024-11-13,Chennai,4.4
C01715,45,Male,Electronics,Smartwatch,26929.08,1,Yes,Active,Debit Card,2025-10-17,Pune,3.4
C00962,56,Male,Clothing,Jacket,3776.26,2,No,Inactive,Credit Card,2024-08-16,Bengaluru,4.5
C01795,42,Female,Sports,Dumbbells,5492.22,1,Yes,Active,Net Banking,2024-11-08,Ahmedabad,3.3
C00796,56,Male,Electronics,Headphones,44455.61,3,No,Active,Debit Card,2025-07-11,Kolkata,3.8
C01969,40,Male,Books,Technology,1308.17,1,Yes,Active,UPI,2024-12-08,Chandigarh,5.0
C00344,28,Female,Electronics,Headphones,18632.33,1,Yes,Inactive,Net Banking,2024-07-20,Pune,3.7
C00575,37,Male,Home & Kitchen,Bedsheet,12528.09,1,No,Inactive,Net Banking,2025-12-09,Hyderabad,4.0
C01043,20,Female,Clothing,T-Shirt,1992.42,2,Yes,Inactive,Debit Card,2024-06-07,Kolkata,4.1
C00037,24,Female,Clothing,Sneakers,4648.86,1,No,Active,Net Banking,2025-05-16,Jaipur,4.2
C01083,23,Other,Beauty,Perfume,3576.74,2,No,Inactive,Debit Card,2025-11-11,Chennai,3.7
C00171,31,Male,Home & Kitchen,Storage Box,12507.71,1,No,Inactive,UPI,2024-07-20,Hyderabad,5.0
C01683,32,Male,Home & Kitchen,Storage Box,10226.52,1,No,Active,Wallet,2024-06-16,Kolkata,
C00701,29,Female,Books,Technology,1801.38,1,No,Inactive,UPI,2024-05-26,Ahmedabad,4.1
C01627,31,Female,Books,Comics,336.75,4,No,Inactive,Credit Card,2024-07-11,Delhi,4.7
C00882,49,Male,Beauty,Lipstick,2576.91,2,Yes,Active,Net Banking,2025-08-13,Mumbai,5.0
C01830,55,Male,Books,Business,293.48,2,Yes,Active,UPI,2025-07-16,Chennai,4.4
C00397,44,Female,Sports,Running Shoes,5479.6,1,Yes,Active,Credit Card,2025-03-02,Pune,5.0
C01859,48,Male,Beauty,Lipstick,3951.8,1,No,Inactive,UPI,2024-04-08,Chennai,3.8
C01752,36,Male,Clothing,Jacket,2039.98,4,No,Inactive,Credit Card,2025-03-28,Hyderabad,3.7
C00701,46,Female,Home & Kitchen,Bedsheet,2634.22,1,No,Inactive,Net Banking,2025-01-29,Bengaluru,4.9
C00405,42,Male,Clothing,Dress,3433.52,5,No,Inactive,Credit Card,2024-08-22,Ahmedabad,3.9
C00474,31,Male,Home & Kitchen,Storage Box,3034.67,1,No,Inactive,Wallet,2025-02-18,Chennai,3.9
C00433,30,Male,Sports,Running Shoes,1017.17,5,Yes,Active,UPI,2024-05-31,Chennai,4.9
C00277,38,Female,Sports,Cricket Bat,10008.06,2,Yes,Inactive,Credit Card,2024-01-13,Hyderabad,3.7
C01257,50,Female,Beauty,Skin Serum,1053.28,3,Yes,Inactive,Wallet,2025-02-06,Kolkata,4.8
C00525,62,Male,Sports,Football,4736.27,1,No,Inactive,Credit Card,2024-07-15,Jaipur,3.4
C00171,38,Male,Clothing,Jacket,951.31,4,No,Inactive,UPI,2025-01-25,Hyderabad,4.2
C00838,30,Male,Sports,Football,1103.75,2,No,Inactive,Net Banking,2024-08-22,Jaipur,3.1
C01089,64,Female,Electronics,Smartwatch,6050.9,2,Yes,Active,Credit Card,2025-11-27,Chandigarh,4.1
C00294,56,Female,Sports,Dumbbells,2543.36,3,No,Inactive,Credit Card,2025-12-29,Delhi,3.8
C00918,18,Female,Home & Kitchen,Lamp,9447.86,1,No,Inactive,Credit Card,2025-12-30,Pune,4.6
C00613,19,Female,Clothing,Sneakers,4661.88,1,No,Inactive,Credit Card,2025-11-20,Chandigarh,4.7
C00349,52,Male,Home & Kitchen,Coffee Maker,3042.51,4,No,Active,Cash,2024-08-27,Hyderabad,4.1
C00475,54,Female,Books,Comics,1824.12,2,No,Active,Debit Card,2024-10-30,Mumbai,4.5
C00644,65,Female,Sports,Football,10506.54,1,Yes,Active,UPI,2025-07-24,Bengaluru,3.4
C01036,51,Female,Sports,Yoga Mat,1790.05,1,Yes,Active,Credit Card,2024-07-13,Jaipur,3.9
C01343,26,Male,Electronics,Laptop,88194.49,5,No,Inactive,Debit Card,2025-03-14,Mumbai,2.9
C00978,58,Male,Electronics,Laptop,3047.07,2,No,Inactive,Wallet,2024-04-17,Kolkata,3.8
C00230,41,Female,Sports,Cricket Bat,10772.82,2,Yes,Inactive,Net Banking,2025-01-31,Delhi,3.2
C01853,24,Female,Home & Kitchen,Bedsheet,10335.57,1,No,Active,UPI,2025-08-08,Chennai,3.0
C01456,38,Female,Home & Kitchen,Cookware,14772.37,1,No,Active,UPI,2024-05-10,Kolkata,3.2
C01299,54,Male,Beauty,Perfume,3273.41,1,No,Inactive,Cash,2025-06-05,Delhi,4.4
C00086,46,Female,Electronics,Headphones,31628.17,5,No,Inactive,Debit Card,2025-06-14,Kolkata,4.9
C00929,57,Female,Beauty,Face Cream,324.24,2,No,Inactive,Cash,2024-03-13,Jaipur,4.2
C01507,27,Male,Books,Self-Help,1464.81,1,No,Inactive,Credit Card,2024-10-06,Jaipur,3.8
C00608,18,Male,Electronics,Smartwatch,61691.88,1,Yes,Active,Net Banking,2025-01-21,Pune,3.9
C01826,42,Other,Electronics,Headphones,77104.1,1,No,Inactive,Net Banking,2025-10-26,Jaipur,5.0
C00432,45,Female,Electronics,Smartwatch,43302.47,4,No,Active,UPI,2024-10-10,Kolkata,4.7
C00557,39,Female,Books,Comics,914.69,1,No,Inactive,Credit Card,2025-11-17,Chandigarh,4.8
C01192,57,Female,Electronics,Laptop,75111.89,1,Yes,Inactive,UPI,2025-02-08,Hyderabad,3.7
C00881,30,Female,Beauty,Perfume,3138.25,2,No,Inactive,Cash,2025-09-25,Kolkata,3.5
C01297,45,Female,Home & Kitchen,Bedsheet,8081.55,1,No,Inactive,Credit Card,2024-09-03,Bengaluru,2.7
C01253,46,Female,Electronics,Laptop,41974.81,4,No,Active,UPI,2025-04-13,Mumbai,3.9
C01620,61,Male,Home & Kitchen,Coffee Maker,5343.18,3,No,Inactive,Credit Card,2025-09-17,Hyderabad,3.2
C01295,29,Male,Sports,Dumbbells,1679.35,1,No,Active,UPI,2025-01-20,Mumbai,3.9
C00761,34,Male,Sports,Cricket Bat,8584.23,5,No,Inactive,Credit Card,2024-05-25,Chandigarh,
C01277,31,Female,Books,Self-Help,608.45,1,Yes,Inactive,Debit Card,2025-12-02,Hyderabad,4.1
C01398,63,Male,Clothing,T-Shirt,4664.62,3,No,Inactive,Net Banking,2025-12-10,Delhi,4.4
C00865,39,Male,Home & Kitchen,Cookware,9797.8,1,No,Inactive,Debit Card,2025-08-11,Ahmedabad,4.1
C00043,45,Other,Clothing,Sneakers,895.1,3,No,Inactive,Debit Card,2024-05-07,Chennai,4.3
C01711,39,Other,Electronics,Smartphone,64556.02,2,Yes,Inactive,UPI,2025-07-27,Mumbai,4.5
C00917,63,Female,Electronics,Smartphone,58883.86,1,No,Active,Debit Card,2025-09-16,Jaipur,3.9
C00732,49,Male,Clothing,Sneakers,1426.19,2,Yes,Inactive,UPI,2024-07-14,Chandigarh,3.0
C01288,36,Male,Books,Self-Help,1717.71,1,No,Inactive,Debit Card,2025-09-03,Chennai,4.0
C01070,25,Male,Books,Business,893.46,1,No,Active,Debit Card,2024-05-08,Chennai,5.0
C01417,51,Female,Sports,Yoga Mat,4906.1,2,No,Active,UPI,2025-10-20,Kolkata,5.0
C00118,26,Female,Beauty,Skin Serum,3327.49,1,No,Inactive,Credit Card,2025-12-27,Kolkata,3.1
C00699,24,Female,Beauty,Perfume,2315.88,2,No,Active,Wallet,2025-07-16,Mumbai,3.1
C00313,49,Male,Clothing,Jeans,1093.06,1,No,Inactive,Debit Card,2024-08-12,Mumbai,3.9
C01282,56,Male,Books,Fiction,1006.12,3,No,Inactive,UPI,2025-04-04,Delhi,3.7
C01977,54,Male,Electronics,Speaker,69026.98,1,No,Inactive,Debit Card,2024-01-09,Jaipur,3.6
C00460,54,Female,Beauty,Perfume,3609.92,3,No,Inactive,Credit Card,2024-08-18,Chennai,4.4
C00356,60,Other,Electronics,Smartphone,62472.58,1,Yes,Inactive,Debit Card,2025-04-08,Hyderabad,3.7
C01959,55,Male,Books,Fiction,1966.91,3,No,Inactive,Credit Card,2025-07-08,Ahmedabad,3.0
C01537,34,Male,Clothing,Jeans,635.19,1,Yes,Active,UPI,2025-12-22,Hyderabad,3.9
C00187,37,Male,Electronics,Speaker,34639.86,1,No,Inactive,Net Banking,2025-04-13,Jaipur,2.6
C01229,46,Male,Books,Fiction,1289.72,4,Yes,Inactive,UPI,2025-10-07,Bengaluru,3.8
C01912,58,Male,Clothing,T-Shirt,2089.83,1,Yes,Active,Wallet,2024-07-20,Mumbai,4.1
C00314,50,Male,Books,Self-Help,1068.65,2,No,Inactive,Cash,2025-12-30,Mumbai,3.2
C01590,63,Male,Books,Self-Help,1535.8,1,No,Inactive,Wallet,2024-08-11,Chandigarh,3.2
C01179,25,Male,Clothing,Jacket,4916.65,1,No,Inactive,UPI,2024-06-02,Delhi,3.8
C01762,44,Male,Beauty,Skin Serum,1301.64,2,Yes,Inactive,Credit Card,2024-10-24,Chennai,4.4
C01341,46,Male,Electronics,Laptop,1593.74,1,No,Inactive,UPI,2024-08-21,Ahmedabad,2.8
C00099,41,Male,Clothing,Jacket,2489.79,2,No,Inactive,Credit Card,2024-04-14,Kolkata,3.4
C01632,22,Female,Books,Self-Help,993.87,2,No,Inactive,Net Banking,2025-12-07,Kolkata,3.9
C01973,35,Female,Beauty,Skin Serum,1266.06,3,No,Inactive,Wallet,2024-09-15,Bengaluru,2.6
C01620,44,Female,Sports,Cricket Bat,7648.18,3,Yes,Inactive,Cash,2024-10-04,Chandigarh,5.0
C00983,63,Male,Sports,Cricket Bat,1054.48,1,No,Inactive,Wallet,2024-02-12,Chennai,5.0
C00116,60,Female,Home & Kitchen,Coffee Maker,6409.44,1,No,Inactive,Debit Card,2025-07-28,Pune,4.1
C01861,62,Female,Home & Kitchen,Coffee Maker,765.83,2,Yes,Inactive,UPI,2025-07-16,Chandigarh,3.5
C00170,35,Female,Electronics,Smartwatch,32770.87,2,No,Active,UPI,2024-08-08,Ahmedabad,5.0
C00287,63,Male,Home & Kitchen,Storage Box,6972.18,2,No,Active,Credit Card,2025-09-06,Jaipur,3.7
C00227,22,Male,Clothing,Dress,1966.34,2,No,Active,Credit Card,2024-11-20,Mumbai,3.4
C01982,27,Male,Home & Kitchen,Storage Box,5510.74,3,No,Active,Cash,2025-04-11,Bengaluru,4.4
C00710,27,Male,Books,Comics,436.02,1,Yes,Inactive,Credit Card,2024-12-01,Mumbai,3.3
C00859,59,Female,Home & Kitchen,Storage Box,2524.02,3,Yes,Active,Net Banking,2024-08-13,Pune,3.3
C01788,61,Female,Electronics,Headphones,73019.91,1,No,Inactive,UPI,2025-03-26,Mumbai,4.2
C00087,42,Female,Sports,Cricket Bat,10855.13,4,No,Inactive,Wallet,2024-02-04,Ahmedabad,4.3
C00958,58,Female,Clothing,Sneakers,1690.68,3,No,Inactive,Cash,2024-02-14,Pune,4.4
C00128,42,Male,Electronics,Smartwatch,36258.49,1,Yes,Inactive,UPI,2025-08-18,Hyderabad,4.2
C01858,47,Male,Sports,Yoga Mat,6814.8,3,No,Inactive,Debit Card,2025-11-25,Chennai,3.9
C00422,33,Male,Clothing,Sneakers,4983.17,2,No,Inactive,Cash,2024-06-23,Jaipur,2.2
C00139,43,Male,Sports,Dumbbells,5931.8,1,Yes,Inactive,Wallet,2025-11-09,Hyderabad,2.5
C01737,43,Male,Books,Self-Help,642.05,4,Yes,Inactive,Debit Card,2024-01-03,Jaipur,3.4
C00217,30,Male,Electronics,Headphones,46693.51,4,No,Active,Wallet,2025-01-04,Hyderabad,4.9
C01063,65,Female,Home & Kitchen,Coffee Maker,6718.24,4,No,Inactive,UPI,2025-03-22,Chandigarh,
C01161,49,Male,Electronics,Laptop,89265.91,1,No,Active,UPI,2024-11-30,Pune,5.0
C01400,50,Female,Electronics,Laptop,78929.3,1,No,Inactive,Debit Card,2024-07-19,Chennai,3.7
C01209,58,Other,Home & Kitchen,Coffee Maker,1052.32,5,No,Inactive,Net Banking,2024-01-18,Chennai,3.7
C01915,44,Female,Clothing,Jacket,2311.98,2,Yes,Inactive,Net Banking,2024-11-05,Chennai,2.7
C01999,51,Female,Sports,Yoga Mat,10343.67,2,No,Inactive,Wallet,2025-08-23,Delhi,4.9
C01722,21,Female,Clothing,Dress,1379.57,1,Yes,Inactive,UPI,2024-12-26,Chennai,3.7
C00973,58,Male,Electronics,Laptop,10751.09,1,Yes,Active,Debit Card,2024-01-15,Jaipur,5.0
C01393,26,Male,Clothing,Jeans,4038.49,4,No,Inactive,Cash,2024-04-20,Kolkata,4.7
C00574,56,Female,Home & Kitchen,Storage Box,4125.91,2,Yes,Inactive,Cash,2024-10-22,Pune,4.7
C01017,36,Female,Beauty,Face Cream,590.67,4,No,Inactive,Debit Card,2025-12-03,Chennai,4.2
C01404,56,Female,Electronics,Smartphone,3973.1,1,No,Inactive,Debit Card,2024-05-25,Chennai,4.6
C01130,30,Female,Books,Technology,1436.67,2,No,Active,UPI,2025-06-21,Hyderabad,4.3
C01791,31,Male,Books,Fiction,1717.12,4,No,Inactive,UPI,2024-08-03,Bengaluru,3.7
C01682,39,Male,Electronics,Smartwatch,37980.57,1,No,Active,Wallet,2025-03-26,Ahmedabad,3.8
C00238,28,Male,Clothing,T-Shirt,4919.64,1,Yes,Inactive,Debit Card,2025-06-12,Bengaluru,3.8
C00977,46,Female,Electronics,Smartwatch,10810.21,1,Yes,Active,Credit Card,2024-07-20,Mumbai,5.0
C01681,64,Male,Clothing,Dress,3159.69,3,Yes,Inactive,Wallet,2024-04-06,Chennai,3.8
C01178,50,Female,Home & Kitchen,Coffee Maker,9344.92,1,No,Inactive,UPI,2025-05-08,Chennai,3.5
C01536,33,Male,Clothing,Dress,4676.19,2,No,Active,UPI,2025-10-06,Chennai,3.9
C00937,49,Female,Sports,Cricket Bat,5100.41,4,No,Inactive,UPI,2025-12-14,Jaipur,3.5
C00171,45,Female,Books,Technology,1751.52,3,No,Active,UPI,2025-09-05,Bengaluru,4.2
C01242,63,Male,Electronics,Smartphone,78153.5,3,Yes,Inactive,Credit Card,2025-01-11,Mumbai,4.5
C01642,18,Other,Books,Comics,519.76,2,No,Inactive,Cash,2025-10-13,Bengaluru,4.4
C01307,32,Other,Sports,Football,7647.73,4,No,Inactive,Credit Card,2024-09-05,Chennai,4.3
C01205,21,Other,Clothing,T-Shirt,302.48,2,Yes,Active,Cash,2024-01-12,Mumbai,3.9
C01513,35,Female,Sports,Yoga Mat,1480.75,2,Yes,Inactive,Net Banking,2024-01-27,Bengaluru,3.1
C00965,60,Male,Books,Fiction,536.68,1,No,Inactive,Debit Card,2024-04-26,Bengaluru,4.3
C01309,60,Male,Clothing,Sneakers,558.92,1,No,Inactive,Credit Card,2024-04-22,Hyderabad,4.7
C01835,30,Male,Clothing,Jacket,2419.18,1,Yes,Inactive,UPI,2024-09-08,Jaipur,4.5
C01901,40,Male,Sports,Football,1395.47,2,No,Inactive,Credit Card,2025-03-01,Pune,3.5
C01606,40,Male,Books,Comics,770.3,1,Yes,Active,Net Banking,2024-04-18,Jaipur,4.4
C00689,53,Male,Clothing,Jeans,1070.0,2,Yes,Active,Debit Card,2025-12-28,Hyderabad,3.3
C01672,64,Male,Electronics,Smartwatch,82971.81,1,Yes,Active,Credit Card,2024-04-11,Bengaluru,3.6
C01683,53,Male,Sports,Running Shoes,4866.03,1,Yes,Active,Credit Card,2025-02-18,Ahmedabad,4.1
C00645,63,Male,Electronics,Smartwatch,28286.32,1,No,Inactive,UPI,2024-07-30,Kolkata,4.7
C00049,34,Male,Sports,Football,3467.01,2,Yes,Active,Credit Card,2024-12-04,Bengaluru,5.0
C00659,35,Male,Electronics,Laptop,86481.7,3,No,Inactive,Net Banking,2025-11-18,Ahmedabad,4.8
C00407,40,Female,Clothing,Dress,1218.24,1,No,Active,UPI,2025-03-04,Bengaluru,3.8
C00575,62,Female,Home & Kitchen,Bedsheet,1705.47,1,Yes,Active,Cash,2024-04-27,Pune,3.9
C00553,60,Female,Clothing,T-Shirt,1151.05,3,Yes,Active,UPI,2025-12-22,Bengaluru,3.4
C00620,34,Female,Electronics,Smartphone,14704.93,3,No,Inactive,Debit Card,2024-04-08,Delhi,4.7
C00198,37,Male,Electronics,Smartphone,27665.14,4,No,Inactive,Credit Card,2024-01-19,Chennai,4.2
C00043,43,Other,Electronics,Headphones,17189.55,3,No,Active,UPI,2025-05-15,Kolkata,4.0
C00818,38,Male,Sports,Running Shoes,3924.81,4,Yes,Inactive,Wallet,2025-10-30,Chennai,4.2
C00911,42,Male,Clothing,Jeans,756.27,4,Yes,Inactive,Wallet,2025-06-23,Hyderabad,3.3
C01768,46,Female,Clothing,Jacket,3331.82,4,No,Inactive,Net Banking,2024-09-13,Mumbai,3.8
C01659,59,Female,Clothing,T-Shirt,2030.02,2,Yes,Active,UPI,2024-03-10,Chandigarh,3.5
C01807,25,Female,Clothing,Sneakers,4101.89,4,No,Inactive,Credit Card,2025-03-27,Pune,3.7
C01184,28,Female,Clothing,T-Shirt,4832.54,1,No,Inactive,Debit Card,2025-05-06,Delhi,3.3
C00338,56,Male,Electronics,Headphones,2278.71,4,No,Active,UPI,2025-08-20,Hyderabad,3.2
C01087,25,Male,Clothing,Dress,2906.99,1,No,Inactive,Debit Card,2024-07-05,Pune,4.9
C00342,54,Male,Sports,Running Shoes,2708.9,3,No,Inactive,UPI,2024-02-20,Chandigarh,4.3
C00418,28,Male,Clothing,Jacket,2764.47,3,No,Active,Debit Card,2025-10-09,Delhi,4.8
C00791,35,Female,Clothing,Jacket,4033.06,2,Yes,Inactive,Credit Card,2025-12-02,Delhi,5.0
C01363,26,Female,Electronics,Smartwatch,36331.58,2,No,Inactive,Cash,2025-01-04,Mumbai,3.3
C01938,30,Female,Electronics,Speaker,5600.74,5,No,Inactive,Net Banking,2025-06-21,Chennai,
C00160,61,Female,Beauty,Skin Serum,2508.46,1,No,Active,Credit Card,2025-11-08,Kolkata,4.5
C01650,21,Male,Electronics,Smartphone,65403.19,2,No,Inactive,Debit Card,2024-02-20,Kolkata,4.6
C01794,24,Male,Sports,Running Shoes,8686.04,4,No,Active,Credit Card,2024-08-29,Chennai,4.3
C01016,34,Male,Books,Self-Help,1821.11,3,Yes,Inactive,Credit Card,2025-03-17,Delhi,4.0
C01400,49,Female,Sports,Running Shoes,4223.13,2,No,Active,Cash,2025-12-13,Delhi,4.3
C01641,48,Female,Clothing,Jacket,539.16,1,No,Active,Credit Card,2024-05-06,Hyderabad,4.0
C00952,31,Female,Clothing,Sneakers,788.33,1,Yes,Inactive,Cash,2024-08-23,Mumbai,3.8
C00738,43,Female,Clothing,Jeans,664.21,3,Yes,Inactive,Debit Card,2025-05-16,Pune,4.7
C00259,44,Female,Beauty,Face Cream,3535.81,2,Yes,Active,Credit Card,2025-02-13,Kolkata,4.4
C00442,50,Female,Home & Kitchen,Storage Box,4137.73,1,No,Inactive,Credit Card,2024-02-09,Hyderabad,3.4
C01519,40,Male,Home & Kitchen,Lamp,6844.79,1,No,Inactive,Debit Card,2024-02-06,Hyderabad,3.8
C00593,18,Female,Books,Fiction,471.2,3,Yes,Inactive,Credit Card,2024-08-22,Pune,3.2
C01440,57,Male,Books,Comics,1265.3,1,Yes,Active,Debit Card,2024-08-15,Hyderabad,3.7
C01829,32,Female,Beauty,Lipstick,2896.22,1,No,Inactive,UPI,2024-10-08,Jaipur,3.9
C01839,50,Male,Sports,Cricket Bat,7045.72,2,No,Active,Net Banking,2024-04-25,Jaipur,3.4
C00820,41,Female,Home & Kitchen,Storage Box,10351.04,1,No,Active,UPI,2024-12-14,Delhi,4.7
C01271,23,Male,Sports,Dumbbells,5958.37,1,No,Inactive,Cash,2024-03-08,Hyderabad,4.0
C01463,31,Female,Books,Technology,1824.1,3,No,Active,Net Banking,2024-06-20,Bengaluru,3.6
C01908,55,Female,Home & Kitchen,Storage Box,13626.87,1,No,Inactive,Net Banking,2024-11-20,Mumbai,4.9
C01084,23,Male,Clothing,T-Shirt,1018.56,1,No,Inactive,Credit Card,2024-03-31,Chennai,
C01823,63,Male,Beauty,Lipstick,4164.75,4,No,Active,Cash,2025-02-19,Ahmedabad,5.0
C00216,46,Female,Clothing,Jeans,535.51,1,No,Active,UPI,2024-06-02,Mumbai,5.0
C00698,55,Male,Clothing,Dress,4787.7,1,Yes,Inactive,Credit Card,2024-07-07,Kolkata,2.9
C00535,50,Male,Clothing,Sneakers,3666.5,1,Yes,Inactive,Credit Card,2025-05-20,Delhi,4.1
C01242,21,Male,Clothing,Jeans,4862.9,3,No,Inactive,UPI,2024-12-25,Chandigarh,3.1
C00229,34,Other,Beauty,Shampoo,1772.59,1,No,Active,Debit Card,2025-05-18,Mumbai,4.2
C00434,40,Female,Beauty,Lipstick,804.11,1,No,Active,Debit Card,2024-07-03,Ahmedabad,3.6
C01192,22,Female,Home & Kitchen,Lamp,8411.09,2,No,Active,Debit Card,2025-08-30,Delhi,4.1
C01961,45,Male,Books,Business,1992.26,1,No,Inactive,Cash,2025-10-15,Hyderabad,3.4
C01643,36,Male,Electronics,Speaker,26464.6,1,No,Inactive,UPI,2025-12-20,Kolkata,3.2
C01259,59,Female,Clothing,T-Shirt,362.8,4,No,Inactive,Debit Card,2024-12-10,Jaipur,2.7
C00348,39,Female,Clothing,T-Shirt,2955.27,2,No,Inactive,UPI,2025-10-19,Jaipur,3.9
C01502,46,Male,Books,Fiction,1103.58,1,No,Inactive,Credit Card,2024-10-01,Bengaluru,4.4
C01621,48,Female,Home & Kitchen,Cookware,3275.29,1,Yes,Inactive,UPI,2024-02-16,Chennai,5.0
C00840,35,Female,Home & Kitchen,Bedsheet,13175.76,1,No,Active,UPI,2024-08-23,Mumbai,3.5
C00139,18,Female,Sports,Football,1581.19,1,No,Inactive,Debit Card,2025-01-12,Bengaluru,4.7
C00196,43,Female,Beauty,Shampoo,866.49,2,No,Inactive,UPI,2024-01-01,Bengaluru,3.5
C00012,34,Male,Books,Self-Help,387.98,1,Yes,Active,Debit Card,2025-03-20,Jaipur,2.6
C00921,35,Male,Books,Comics,1340.29,1,Yes,Active,Debit Card,2024-01-23,Jaipur,3.4
C01207,33,Female,Beauty,Lipstick,3938.94,3,No,Inactive,Wallet,2025-03-11,Delhi,4.8
C00129,36,Male,Clothing,Sneakers,1448.77,3,No,Inactive,UPI,2024-12-26,Delhi,4.5
C00195,35,Male,Sports,Running Shoes,10920.96,4,No,Inactive,Credit Card,2025-03-20,Hyderabad,3.6
C01409,58,Female,Clothing,Sneakers,4729.27,1,Yes,Active,Credit Card,2024-10-27,Chennai,4.5
C00940,63,Female,Books,Business,1582.4,2,Yes,Active,UPI,2024-07-02,Chandigarh,3.7
C00155,55,Male,Electronics,Laptop,28219.93,5,Yes,Inactive,Net Banking,2024-01-14,Jaipur,3.5
C01423,23,Male,Home & Kitchen,Coffee Maker,386.49,4,Yes,Active,Debit Card,2024-06-24,Hyderabad,4.0
C00887,20,Male,Clothing,Jacket,3927.0,3,No,Inactive,Wallet,2025-01-24,Mumbai,5.0
C00047,65,Male,Clothing,Jacket,1205.97,3,Yes,Inactive,Cash,2024-11-19,Mumbai,4.0
C01557,33,Male,Clothing,T-Shirt,4852.18,1,Yes,Inactive,Wallet,2024-07-06,Kolkata,3.7
C01093,56,Female,Books,Comics,875.6,1,Yes,Active,UPI,2024-06-12,Chandigarh,4.6
C00685,33,Male,Clothing,Jeans,4404.58,4,Yes,Inactive,UPI,2025-08-27,Pune,3.2
C00847,56,Male,Clothing,Jacket,2670.6,1,No,Inactive,UPI,2025-02-03,Mumbai,3.0
C00516,36,Male,Sports,Dumbbells,5361.48,3,No,Inactive,UPI,2024-03-31,Hyderabad,3.9
C00771,19,Male,Home & Kitchen,Cookware,11402.85,4,Yes,Inactive,Cash,2025-04-02,Ahmedabad,3.4
C01778,60,Female,Clothing,Jeans,734.26,2,No,Inactive,UPI,2025-01-03,Jaipur,3.8
C00535,25,Male,Beauty,Shampoo,1140.7,1,No,Inactive,UPI,2024-01-14,Delhi,5.0
C01915,45,Female,Electronics,Laptop,34077.1,2,No,Inactive,Cash,2024-10-27,Chandigarh,4.2
C00518,23,Male,Sports,Cricket Bat,4206.59,3,Yes,Inactive,Credit Card,2025-09-24,Ahmedabad,3.9
C00597,62,Female,Beauty,Lipstick,2593.13,2,No,Active,UPI,2024-02-18,Jaipur,4.3
C00841,22,Female,Home & Kitchen,Cookware,9284.69,5,No,Active,Debit Card,2025-03-04,Hyderabad,4.4
C01120,30,Male,Clothing,Jeans,836.53,1,Yes,Inactive,UPI,2024-09-05,Kolkata,3.0
C01674,50,Other,Clothing,Sneakers,603.08,4,No,Inactive,UPI,2025-03-06,Pune,3.7
C01325,23,Female,Electronics,Laptop,79931.69,2,Yes,Inactive,Cash,2025-03-28,Mumbai,4.9
C00754,63,Female,Electronics,Speaker,85511.76,1,No,Active,UPI,2025-10-28,Chennai,4.3
C00205,57,Female,Beauty,Face Cream,3068.5,2,No,Active,UPI,2025-05-19,Hyderabad,3.5
C00825,60,Female,Electronics,Smartphone,82829.05,3,Yes,Active,Net Banking,2025-03-01,Kolkata,4.7
C00357,63,Male,Clothing,Jeans,3654.69,3,Yes,Inactive,Net Banking,2025-04-17,Mumbai,3.7
C01724,20,Female,Home & Kitchen,Lamp,6430.44,2,Yes,Inactive,Credit Card,2025-01-21,Pune,4.6
C01385,26,Female,Electronics,Speaker,48161.9,1,No,Inactive,Credit Card,2024-11-16,Chennai,3.1
C00611,63,Female,Clothing,Sneakers,1934.65,2,No,Inactive,Wallet,2025-05-19,Hyderabad,3.0
C00200,21,Female,Books,Comics,1679.0,1,No,Active,UPI,2024-12-23,Chennai,3.8
C01855,26,Other,Books,Comics,1116.92,2,No,Inactive,UPI,2024-03-31,Ahmedabad,5.0
C01088,64,Male,Clothing,Jacket,4597.17,2,Yes,Active,Debit Card,2025-06-01,Pune,4.6
C01150,51,Male,Clothing,Jacket,1952.06,1,No,Active,Credit Card,2024-04-03,Ahmedabad,2.9
C01535,49,Other,Beauty,Face Cream,4042.23,4,No,Inactive,UPI,2025-05-25,Chandigarh,5.0
C00515,32,Female,Beauty,Lipstick,3880.48,1,No,Inactive,Credit Card,2025-01-30,Chennai,2.6
C00022,30,Female,Clothing,T-Shirt,4386.28,4,No,Active,Net Banking,2025-02-18,Chennai,3.0
C00622,61,Male,Electronics,Smartwatch,35899.93,1,No,Inactive,Debit Card,2025-12-18,Bengaluru,2.9
C00406,44,Male,Clothing,T-Shirt,3245.35,3,Yes,Inactive,Credit Card,2024-04-19,Chandigarh,4.1
C01489,51,Male,Clothing,Sneakers,4950.81,2,No,Inactive,Debit Card,2024-07-19,Jaipur,4.6
C00443,43,Male,Home & Kitchen,Cookware,896.02,1,No,Active,UPI,2025-02-09,Hyderabad,3.8
C00384,42,Female,Electronics,Laptop,31947.56,1,No,Active,Credit Card,2024-08-14,Chennai,4.6
C00940,56,Female,Electronics,Speaker,73098.9,1,No,Active,Net Banking,2025-10-04,Chennai,4.4
C01126,43,Female,Clothing,Jeans,2922.0,2,No,Inactive,UPI,2025-05-19,Hyderabad,3.8
C00061,31,Male,Electronics,Laptop,49748.17,2,Yes,Inactive,Cash,2025-09-26,Chennai,4.2
C00488,45,Female,Sports,Dumbbells,8273.65,2,No,Inactive,Debit Card,2025-06-09,Jaipur,3.7
C01705,27,Female,Sports,Running Shoes,6249.18,2,No,Inactive,Credit Card,2025-01-12,Ahmedabad,4.2
C01112,23,Female,Home & Kitchen,Storage Box,9415.35,1,Yes,Active,UPI,2025-06-03,Hyderabad,4.5
C01306,26,Male,Home & Kitchen,Storage Box,11407.6,2,No,Active,Credit Card,2025-05-02,Pune,3.9
C01569,19,Female,Sports,Dumbbells,11127.88,2,No,Active,Credit Card,2024-05-03,Bengaluru,3.5
C01870,33,Male,Beauty,Lipstick,200.45,4,No,Active,UPI,2025-06-28,Chennai,2.4
C01925,41,Female,Beauty,Skin Serum,1467.16,3,Yes,Inactive,UPI,2025-02-10,Kolkata,2.9
C01122,39,Female,Home & Kitchen,Cookware,2988.62,1,No,Active,Cash,2025-12-06,Mumbai,3.6
C01499,36,Female,Sports,Running Shoes,11557.89,1,No,Inactive,Net Banking,2025-03-11,Pune,3.8
C00190,36,Male,Electronics,Smartwatch,89478.05,1,Yes,Inactive,Net Banking,2025-05-04,Hyderabad,4.3
C01846,26,Female,Clothing,Jeans,1402.83,3,Yes,Active,Debit Card,2024-12-24,Kolkata,3.9
C00419,23,Female,Home & Kitchen,Cookware,4427.03,1,Yes,Inactive,Cash,2024-09-04,Bengaluru,2.7
C00985,57,Male,Clothing,Jacket,2138.59,2,No,Inactive,Debit Card,2025-12-02,Chennai,3.5
C00656,34,Female,Home & Kitchen,Lamp,7959.41,1,No,Active,Debit Card,2024-03-29,Hyderabad,4.2
C00307,61,Male,Sports,Yoga Mat,9383.15,1,No,Inactive,Net Banking,2025-03-10,Bengaluru,4.2
C01694,39,Female,Electronics,Laptop,86348.09,1,Yes,Inactive,Debit Card,2024-01-31,Hyderabad,4.2
C01406,42,Male,Home & Kitchen,Storage Box,915.58,4,Yes,Active,UPI,2025-10-06,Chandigarh,4.2
C00567,51,Male,Books,Fiction,506.65,2,Yes,Active,UPI,2024-06-09,Kolkata,3.4
C01393,63,Male,Beauty,Lipstick,3524.02,1,Yes,Active,Wallet,2025-04-28,Bengaluru,4.4
C00467,35,Male,Books,Self-Help,1030.19,5,Yes,Inactive,UPI,2024-04-07,Kolkata,4.2
C00594,42,Male,Home & Kitchen,Lamp,2579.71,1,Yes,Active,Wallet,2024-09-12,Delhi,3.6
C01566,29,Male,Books,Comics,789.28,4,Yes,Inactive,Net Banking,2024-01-15,Delhi,4.2
C00932,37,Female,Electronics,Headphones,49785.61,1,No,Inactive,Debit Card,2025-02-07,Kolkata,3.0
C00060,29,Female,Electronics,Speaker,7688.05,1,Yes,Inactive,Credit Card,2025-03-29,Chandigarh,4.8
C00566,65,Female,Clothing,Dress,1006.49,2,Yes,Inactive,Wallet,2024-02-08,Bengaluru,4.6
C00530,64,Female,Clothing,T-Shirt,2980.6,1,Yes,Active,Credit Card,2025-04-01,Pune,5.0
C00142,65,Female,Books,Business,288.03,3,Yes,Inactive,Wallet,2024-11-26,Ahmedabad,3.8
C00561,65,Male,Clothing,Jeans,4163.71,4,Yes,Active,Wallet,2025-03-18,Bengaluru,3.0
C01778,21,Female,Home & Kitchen,Storage Box,7901.56,3,No,Inactive,UPI,2025-12-14,Pune,3.6
C01874,44,Other,Beauty,Perfume,1235.32,2,No,Inactive,Cash,2025-10-17,Mumbai,5.0
C00704,23,Male,Home & Kitchen,Storage Box,14519.68,2,Yes,Active,Cash,2025-03-01,Chennai,3.9
C00855,40,Male,Electronics,Headphones,73087.54,4,Yes,Inactive,Debit Card,2024-03-19,Jaipur,3.8
C00441,22,Female,Beauty,Face Cream,1611.89,4,No,Inactive,Net Banking,2025-05-04,Chandigarh,5.0
C00752,43,Female,Beauty,Shampoo,1739.48,3,Yes,Inactive,Net Banking,2024-03-07,Pune,5.0
C00282,35,Male,Clothing,Jeans,3365.21,2,No,Active,Cash,2025-10-02,Pune,2.9
C01389,53,Male,Clothing,Dress,491.34,1,No,Active,UPI,2024-11-18,Mumbai,5.0
C00059,47,Male,Home & Kitchen,Storage Box,7294.21,1,Yes,Inactive,Debit Card,2025-11-01,Delhi,4.0
C00553,60,Male,Sports,Yoga Mat,6202.58,1,No,Active,UPI,2025-03-25,Pune,4.7
C01405,49,Male,Books,Self-Help,1072.49,1,No,Active,Credit Card,2025-08-26,Jaipur,3.9
C01858,28,Female,Sports,Running Shoes,3058.01,1,No,Inactive,Cash,2025-05-12,Pune,4.2
C01729,41,Female,Beauty,Shampoo,970.1,3,Yes,Inactive,UPI,2024-07-24,Delhi,3.5
C00047,49,Female,Books,Technology,748.28,3,No,Inactive,Debit Card,2024-01-04,Kolkata,3.8
C00746,44,Female,Sports,Dumbbells,7686.0,2,No,Inactive,Credit Card,2024-06-14,Chandigarh,4.6
C01457,38,Female,Clothing,Jacket,2215.6,2,No,Active,Net Banking,2025-08-06,Chandigarh,4.9
C01852,55,Male,Electronics,Smartwatch,38981.38,1,No,Active,Wallet,2024-09-21,Kolkata,3.1
C00308,35,Male,Books,Comics,1160.2,2,No,Active,UPI,2024-05-21,Kolkata,3.9
C00397,22,Male,Home & Kitchen,Storage Box,13207.08,2,Yes,Active,Net Banking,2025-05-10,Chandigarh,3.4
C00520,47,Male,Books,Technology,871.12,3,No,Active,Net Banking,2024-08-20,Chennai,3.4
C01291,39,Male,Clothing,Sneakers,3355.52,1,No,Inactive,UPI,2024-09-19,Ahmedabad,4.4
C01937,21,Male,Electronics,Headphones,73957.12,4,No,Inactive,Debit Card,2025-10-25,Hyderabad,4.1
C00581,35,Male,Clothing,Sneakers,4870.07,3,Yes,Active,Cash,2024-01-27,Delhi,4.1
C01807,27,Male,Books,Comics,852.83,2,No,Inactive,Cash,2024-05-05,Hyderabad,4.7
C01558,65,Female,Home & Kitchen,Cookware,2074.62,4,Yes,Active,Net Banking,2024-12-28,Chandigarh,4.0
C00127,59,Female,Books,Business,1165.28,2,Yes,Inactive,Net Banking,2025-08-04,Pune,4.1
C01127,32,Female,Clothing,Jacket,3370.47,1,Yes,Active,UPI,2025-03-21,Delhi,4.2
C00977,44,Female,Books,Self-Help,1750.3,2,No,Active,Debit Card,2025-06-04,Delhi,3.5
C00851,55,Female,Clothing,Dress,1278.17,2,Yes,Active,UPI,2025-05-09,Chandigarh,4.6
C00912,64,Male,Clothing,Sneakers,4282.83,3,No,Active,UPI,2025-12-07,Chennai,3.9
C00471,54,Male,Books,Technology,1319.67,3,No,Active,Cash,2025-06-04,Mumbai,3.5
C01274,42,Female,Clothing,Jeans,2749.84,1,No,Inactive,Cash,2024-04-21,Ahmedabad,3.7
C00189,31,Female,Books,Self-Help,940.77,1,No,Inactive,Debit Card,2024-02-07,Pune,3.9
C01121,35,Female,Clothing,T-Shirt,2354.04,1,No,Inactive,Debit Card,2024-09-05,Chennai,4.5
C00802,32,Male,Beauty,Perfume,4825.71,4,Yes,Inactive,Credit Card,2025-06-05,Hyderabad,4.4
C00034,29,Female,Sports,Football,11387.3,3,Yes,Inactive,Debit Card,2025-04-22,Bengaluru,3.3
C01014,65,Female,Clothing,Jacket,1777.93,1,No,Inactive,Credit Card,2025-09-21,Pune,3.1
C01902,30,Male,Electronics,Smartphone,81701.21,5,Yes,Active,Debit Card,2025-01-06,Chandigarh,3.9
C00149,50,Female,Clothing,T-Shirt,973.3,3,Yes,Inactive,Debit Card,2025-11-17,Chandigarh,4.3
C00855,36,Other,Clothing,Jeans,3904.87,2,Yes,Active,Wallet,2024-08-10,Pune,3.6
C01521,65,Female,Sports,Dumbbells,11948.18,2,No,Inactive,Debit Card,2025-01-10,Delhi,3.7
C00757,23,Other,Electronics,Smartphone,83693.51,1,No,Active,Debit Card,2024-05-11,Hyderabad,4.0
C00782,21,Female,Electronics,Headphones,36443.63,3,Yes,Inactive,Net Banking,2025-05-29,Delhi,3.2
C01504,40,Female,Electronics,Smartwatch,63689.45,3,No,Inactive,UPI,2024-10-13,Bengaluru,4.1
C00498,42,Male,Clothing,Jeans,2872.32,1,Yes,Active,Credit Card,2025-09-29,Bengaluru,4.0
C00183,21,Male,Home & Kitchen,Storage Box,7892.61,2,No,Inactive,Credit Card,2025-07-20,Delhi,3.7
C00013,57,Female,Clothing,Dress,2991.39,4,No,Inactive,Credit Card,2024-12-29,Hyderabad,4.2
C00734,62,Male,Sports,Yoga Mat,2591.96,3,No,Inactive,Cash,2024-03-02,Pune,4.2
C01688,35,Male,Sports,Yoga Mat,9804.25,2,No,Active,UPI,2025-03-09,Pune,3.2
C00374,40,Female,Electronics,Laptop,48483.66,3,No,Active,UPI,2025-08-09,Chandigarh,3.6
C00606,64,Male,Electronics,Laptop,48866.24,3,No,Inactive,Wallet,2025-06-02,Pune,3.5
C01690,38,Female,Home & Kitchen,Coffee Maker,12256.21,2,No,Inactive,Credit Card,2024-05-27,Pune,4.0
C01063,27,Male,Clothing,Sneakers,2240.02,4,Yes,Active,Credit Card,2024-05-09,Pune,4.3
C01875,52,Female,Sports,Yoga Mat,5742.08,5,Yes,Active,Net Banking,2024-01-11,Kolkata,3.9
C01646,49,Male,Beauty,Lipstick,1836.3,2,No,Inactive,Debit Card,2025-01-29,Chandigarh,5.0
C00515,50,Female,Sports,Dumbbells,1634.57,1,No,Inactive,UPI,2024-02-09,Hyderabad,4.8
C01483,45,Female,Electronics,Smartphone,32022.75,2,Yes,Active,Credit Card,2025-12-27,Kolkata,3.7
C00442,57,Other,Beauty,Lipstick,2791.81,1,No,Active,Credit Card,2025-04-18,Pune,3.4
C00661,61,Male,Sports,Football,9087.76,1,Yes,Inactive,UPI,2025-04-08,Ahmedabad,4.0
C01702,61,Female,Clothing,Jeans,4398.28,1,No,Active,Debit Card,2025-12-06,Hyderabad,3.9
C01583,34,Female,Beauty,Perfume,4944.49,2,Yes,Inactive,Credit Card,2025-05-18,Hyderabad,2.5
C01468,31,Female,Sports,Running Shoes,1408.8,1,Yes,Inactive,Wallet,2025-12-29,Kolkata,4.3
C00974,25,Male,Electronics,Headphones,67493.32,1,No,Active,Debit Card,2025-04-10,Jaipur,3.7
C01357,28,Female,Beauty,Perfume,4780.27,3,Yes,Active,Cash,2024-02-06,Chandigarh,4.5
C01438,21,Male,Clothing,Jeans,713.38,3,Yes,Inactive,Credit Card,2024-11-15,Chennai,4.5
C01947,59,Male,Sports,Running Shoes,6845.92,3,Yes,Inactive,Debit Card,2025-10-05,Chennai,3.9
C01830,41,Male,Beauty,Perfume,1667.59,3,Yes,Inactive,Credit Card,2024-08-26,Hyderabad,4.5
C00899,42,Male,Beauty,Lipstick,2824.11,2,No,Inactive,Net Banking,2024-06-26,Jaipur,4.5
C00480,41,Male,Electronics,Speaker,27443.76,4,No,Active,UPI,2025-07-01,Kolkata,4.2
C01800,53,Female,Books,Fiction,1244.5,1,Yes,Active,Debit Card,2025-06-17,Hyderabad,2.9
C00936,62,Female,Home & Kitchen,Lamp,14275.65,3,No,Inactive,Credit Card,2024-02-01,Hyderabad,4.5
C00055,25,Female,Books,Comics,1316.19,4,No,Inactive,Net Banking,2024-07-21,Kolkata,5.0
C00602,31,Male,Beauty,Lipstick,660.02,1,No,Inactive,Net Banking,2025-10-30,Chandigarh,4.4
C00831,19,Female,Beauty,Perfume,3193.41,1,No,Active,Credit Card,2024-07-30,Hyderabad,4.2
C01678,35,Female,Beauty,Shampoo,1775.47,2,No,Inactive,Credit Card,2025-09-12,Bengaluru,3.8
C01834,39,Female,Books,Fiction,801.79,2,No,Inactive,Cash,2025-01-18,Chandigarh,3.9
C01649,37,Male,Home & Kitchen,Cookware,14981.62,5,No,Inactive,Cash,2024-02-06,Mumbai,4.9
C01516,29,Male,Sports,Football,7207.5,4,Yes,Active,Credit Card,2025-12-09,Bengaluru,4.0
C00902,39,Female,Clothing,Sneakers,2569.27,1,No,Inactive,Credit Card,2024-10-15,Ahmedabad,3.7
C01143,30,Male,Clothing,Dress,3338.21,2,No,Inactive,UPI,2025-10-23,Ahmedabad,4.5
C00422,32,Female,Sports,Yoga Mat,5487.62,4,No,Inactive,Credit Card,2024-12-28,Ahmedabad,4.7
C01796,45,Male,Home & Kitchen,Coffee Maker,6536.46,2,No,Inactive,Credit Card,2024-08-19,Bengaluru,4.1
C01384,64,Male,Clothing,Dress,553.04,4,No,Inactive,UPI,2024-04-24,Chandigarh,4.5
C00886,32,Male,Home & Kitchen,Coffee Maker,5415.66,3,No,Inactive,Wallet,2024-12-25,Chennai,3.3
C00218,51,Male,Clothing,Jacket,1519.53,5,No,Active,Debit Card,2024-11-23,Ahmedabad,2.6
C01465,62,Male,Clothing,T-Shirt,3436.25,2,No,Inactive,UPI,2025-09-17,Kolkata,3.3
C00500,60,Male,Sports,Football,11422.57,4,Yes,Active,Cash,2024-01-10,Hyderabad,3.9
C01700,36,Female,Clothing,T-Shirt,2153.13,1,No,Inactive,Credit Card,2025-12-29,Bengaluru,4.4
C01855,19,Male,Clothing,Jacket,2037.15,3,Yes,Inactive,Cash,2025-10-21,Chennai,3.5
C00229,52,Other,Home & Kitchen,Coffee Maker,3291.57,1,No,Inactive,Cash,2025-07-03,Bengaluru,4.4
C01483,59,Male,Clothing,Sneakers,3924.57,1,Yes,Inactive,Debit Card,2024-01-12,Jaipur,3.5
C01749,57,Male,Electronics,Smartphone,63823.69,4,Yes,Inactive,Net Banking,2024-01-04,Delhi,3.7
C01594,39,Female,Home & Kitchen,Lamp,1017.67,5,No,Active,UPI,2025-05-31,Pune,3.8
C01393,64,Male,Electronics,Smartphone,29062.51,2,Yes,Inactive,UPI,2025-04-24,Chennai,3.0
C00896,55,Male,Electronics,Laptop,43442.77,1,No,Active,Debit Card,2024-05-30,Chandigarh,5.0
C00639,44,Female,Sports,Yoga Mat,2959.91,2,No,Active,UPI,2025-08-05,Kolkata,
C00435,40,Female,Sports,Dumbbells,8012.73,1,No,Active,UPI,2025-10-27,Hyderabad,3.8
C01694,48,Female,Home & Kitchen,Cookware,5278.52,3,No,Active,Net Banking,2025-09-05,Delhi,3.5
C01026,42,Female,Electronics,Laptop,37105.84,1,No,Inactive,Credit Card,2024-05-08,Kolkata,3.7
C01962,56,Female,Home & Kitchen,Coffee Maker,10103.0,2,Yes,Inactive,Cash,2025-09-15,Kolkata,3.9
C00744,36,Female,Clothing,Dress,2514.15,1,Yes,Inactive,Cash,2024-03-04,Chandigarh,3.5
C01350,18,Male,Sports,Dumbbells,9257.69,2,Yes,Active,UPI,2025-07-27,Mumbai,4.4
C01741,32,Female,Electronics,Smartwatch,18685.88,2,Yes,Inactive,UPI,2025-08-23,Delhi,3.2
C01736,52,Female,Beauty,Face Cream,4054.09,4,No,Active,UPI,2024-01-24,Delhi,3.8
C01279,26,Female,Books,Technology,1124.74,1,No,Inactive,Net Banking,2024-03-26,Chennai,5.0
C00028,64,Other,Electronics,Speaker,22577.39,1,Yes,Active,Cash,2024-12-22,Chandigarh,3.6
C01260,42,Female,Electronics,Speaker,85634.82,3,Yes,Active,Credit Card,2024-12-05,Jaipur,3.2
C00131,43,Female,Beauty,Face Cream,1825.27,3,Yes,Inactive,Credit Card,2024-05-12,Pune,5.0
C01743,30,Male,Beauty,Shampoo,4354.97,1,Yes,Active,UPI,2025-01-22,Delhi,3.4
C01947,39,Other,Books,Technology,1649.21,1,No,Inactive,Credit Card,2024-02-15,Jaipur,2.9
C00396,34,Female,Clothing,T-Shirt,3397.15,1,No,Inactive,Debit Card,2025-09-29,Hyderabad,4.1
C01970,19,Female,Electronics,Smartwatch,2999.54,1,No,Active,Net Banking,2024-09-14,Chandigarh,3.7
C01400,53,Female,Sports,Running Shoes,1439.77,3,No,Active,Credit Card,2025-11-17,Bengaluru,3.3
C01655,41,Male,Clothing,T-Shirt,1299.23,2,No,Inactive,Debit Card,2024-03-04,Hyderabad,3.9
C00144,42,Male,Electronics,Headphones,40977.09,2,No,Active,Credit Card,2025-08-28,Delhi,4.5
C01263,59,Female,Home & Kitchen,Lamp,14852.03,2,Yes,Inactive,UPI,2024-07-13,Ahmedabad,3.1
C00082,18,Male,Books,Self-Help,1836.18,2,Yes,Inactive,UPI,2024-08-20,Jaipur,4.1
C00713,56,Female,Home & Kitchen,Lamp,7267.87,3,No,Inactive,Debit Card,2024-04-12,Hyderabad,3.4
C01670,32,Male,Beauty,Face Cream,4732.15,1,No,Inactive,Debit Card,2024-02-08,Ahmedabad,3.9
C01410,39,Female,Electronics,Headphones,81750.25,1,Yes,Inactive,Net Banking,2025-02-01,Bengaluru,4.8
C01473,36,Male,Sports,Football,8858.27,1,No,Inactive,Debit Card,2025-12-19,Mumbai,3.4
C01856,62,Female,Electronics,Headphones,50744.69,2,No,Active,Cash,2024-10-01,Ahmedabad,4.0
C00205,60,Female,Sports,Cricket Bat,1823.14,2,No,Inactive,Debit Card,2025-02-26,Pune,4.7
C01936,19,Female,Clothing,T-Shirt,3098.66,3,Yes,Active,Credit Card,2024-03-01,Mumbai,3.6
C01575,59,Male,Home & Kitchen,Coffee Maker,6553.38,1,Yes,Active,Credit Card,2025-01-01,Ahmedabad,5.0
C01379,41,Female,Clothing,Jacket,676.29,1,Yes,Active,Net Banking,2025-07-11,Kolkata,4.3
C00916,55,Male,Electronics,Smartphone,46128.0,1,No,Inactive,UPI,2025-07-11,Delhi,3.5
C01995,29,Male,Home & Kitchen,Storage Box,2971.03,1,Yes,Inactive,Cash,2024-01-30,Ahmedabad,2.9
C00744,22,Other,Clothing,Jacket,1199.46,1,No,Active,Net Banking,2024-03-17,Chandigarh,4.5
C01805,27,Male,Beauty,Perfume,3118.97,2,No,Inactive,UPI,2025-05-24,Jaipur,3.7
C01470,38,Female,Beauty,Face Cream,3192.94,2,No,Inactive,Debit Card,2025-07-11,Hyderabad,4.3
C00813,34,Female,Home & Kitchen,Coffee Maker,1286.65,2,No,Inactive,Wallet,2025-10-17,Kolkata,4.2
C01458,55,Female,Electronics,Laptop,56870.67,3,No,Inactive,Debit Card,2024-06-15,Pune,3.1
C00918,41,Male,Home & Kitchen,Storage Box,11961.52,2,Yes,Inactive,Cash,2024-10-23,Delhi,4.6
C00634,48,Female,Home & Kitchen,Cookware,3852.95,1,No,Inactive,UPI,2024-06-14,Delhi,3.5
C01253,48,Female,Clothing,Jacket,1409.85,2,No,Inactive,Wallet,2025-01-17,Delhi,4.2
C00984,33,Female,Beauty,Perfume,827.05,1,Yes,Active,Debit Card,2025-07-29,Mumbai,5.0
C00021,23,Male,Clothing,Jeans,2017.01,2,No,Inactive,Net Banking,2025-07-05,Chandigarh,5.0
C00508,53,Female,Clothing,Sneakers,1115.47,1,No,Active,Credit Card,2024-01-28,Jaipur,3.9
C01589,61,Male,Clothing,Jacket,2512.17,3,Yes,Inactive,Debit Card,2024-10-05,Ahmedabad,5.0
C01662,55,Female,Books,Technology,1696.61,1,No,Active,Net Banking,2024-08-19,Kolkata,4.0
C00791,38,Male,Sports,Dumbbells,10347.75,4,Yes,Inactive,Net Banking,2025-04-18,Chennai,5.0
C01179,46,Male,Clothing,Sneakers,4857.58,1,No,Active,UPI,2025-01-13,Pune,3.3
C00826,55,Female,Electronics,Laptop,68290.38,1,No,Inactive,UPI,2025-11-03,Ahmedabad,3.0
C00557,54,Female,Electronics,Laptop,83283.25,2,No,Inactive,Debit Card,2024-10-25,Kolkata,3.4
C00058,21,Male,Beauty,Lipstick,1810.14,1,No,Inactive,Net Banking,2025-12-13,Chandigarh,4.5
C01662,61,Female,Beauty,Perfume,3372.67,1,No,Active,UPI,2025-01-10,Jaipur,4.1
C01455,44,Female,Electronics,Smartwatch,22534.65,1,No,Inactive,Debit Card,2024-06-10,Mumbai,2.7
C00429,30,Female,Electronics,Headphones,45823.75,1,No,Inactive,Net Banking,2024-05-04,Chandigarh,4.9
C01843,51,Female,Books,Fiction,1187.86,1,Yes,Active,Credit Card,2025-08-16,Jaipur,3.1
C00504,48,Female,Clothing,Sneakers,4009.28,2,Yes,Active,Wallet,2025-01-27,Bengaluru,4.5
C01561,54,Female,Beauty,Perfume,3156.63,2,No,Inactive,Cash,2025-03-01,Pune,4.2
C00583,25,Male,Sports,Cricket Bat,11564.33,2,No,Inactive,Debit Card,2024-09-05,Pune,2.6
C01953,34,Female,Electronics,Speaker,78058.95,5,No,Active,UPI,2025-06-10,Jaipur,3.5
C00794,21,Other,Home & Kitchen,Lamp,14157.56,3,No,Active,Cash,2024-06-28,Delhi,3.9
C00148,54,Female,Books,Technology,1415.95,1,No,Active,Net Banking,2024-04-28,Hyderabad,2.9
C01803,62,Female,Sports,Football,2304.04,1,No,Active,UPI,2024-01-20,Hyderabad,3.9
C00607,61,Female,Beauty,Perfume,2974.36,1,No,Active,Debit Card,2025-03-21,Hyderabad,2.8
C01700,28,Female,Clothing,Sneakers,2466.21,4,No,Active,Net Banking,2025-05-16,Kolkata,3.4
C00671,24,Male,Clothing,Dress,4023.57,1,No,Inactive,UPI,2025-09-08,Bengaluru,3.9
C00003,45,Male,Beauty,Lipstick,1702.86,1,No,Inactive,Credit Card,2024-05-07,Bengaluru,5.0
C01255,24,Female,Beauty,Lipstick,2855.07,2,No,Active,Cash,2024-03-18,Chandigarh,3.4
C00404,43,Female,Home & Kitchen,Storage Box,2800.56,3,No,Inactive,UPI,2024-10-04,Hyderabad,3.8
C00143,30,Female,Clothing,T-Shirt,538.07,1,No,Inactive,Debit Card,2025-10-22,Kolkata,3.8
C01877,35,Male,Electronics,Speaker,67072.84,1,No,Inactive,Net Banking,2024-06-11,Delhi,3.4
C01049,18,Male,Home & Kitchen,Bedsheet,638.44,4,No,Inactive,Credit Card,2025-05-04,Ahmedabad,4.2
C01375,34,Male,Electronics,Laptop,75082.51,1,Yes,Inactive,Credit Card,2024-05-10,Bengaluru,3.4
C00335,21,Female,Electronics,Smartwatch,26003.91,1,No,Active,UPI,2024-12-23,Ahmedabad,4.0
C00485,59,Female,Clothing,Jeans,3850.21,3,No,Inactive,Net Banking,2024-02-21,Kolkata,4.1
C01116,24,Female,Clothing,Jeans,1595.62,2,No,Active,Credit Card,2025-11-18,Jaipur,3.1
C01647,46,Female,Books,Technology,1897.03,5,Yes,Active,UPI,2025-11-28,Bengaluru,4.0
C01803,48,Female,Electronics,Laptop,51963.87,1,Yes,Inactive,UPI,2024-02-06,Hyderabad,4.0
C01621,26,Male,Clothing,Jacket,4130.84,1,No,Inactive,Wallet,2025-09-10,Kolkata,4.7
C01027,58,Male,Beauty,Face Cream,630.8,1,No,Inactive,Debit Card,2025-08-09,Mumbai,3.9
C01700,64,Male,Beauty,Skin Serum,1075.99,2,No,Active,UPI,2024-11-22,Chennai,3.4
C00134,63,Female,Beauty,Face Cream,4284.34,1,No,Active,Debit Card,2025-08-28,Hyderabad,3.7
C00764,36,Female,Clothing,Dress,2252.59,1,No,Inactive,UPI,2024-12-19,Delhi,4.6
C01071,57,Male,Clothing,T-Shirt,3270.6,1,No,Inactive,UPI,2025-07-19,Pune,4.8
C00056,41,Male,Sports,Running Shoes,1986.37,1,Yes,Inactive,Credit Card,2024-05-06,Delhi,3.0
C00329,35,Male,Beauty,Shampoo,1184.97,1,Yes,Inactive,Debit Card,2025-12-08,Pune,3.7
C01596,41,Female,Books,Business,1131.87,2,No,Active,Credit Card,2024-08-30,Hyderabad,3.6
C00142,40,Male,Books,Comics,242.08,4,Yes,Inactive,Cash,2024-03-21,Bengaluru,3.2
C00640,18,Male,Home & Kitchen,Cookware,1822.04,3,No,Inactive,Credit Card,2024-09-21,Bengaluru,2.5
C01733,47,Female,Electronics,Smartphone,20965.54,2,Yes,Inactive,UPI,2024-10-15,Kolkata,3.6
C00432,20,Male,Electronics,Smartwatch,83301.14,1,No,Active,Net Banking,2025-05-10,Ahmedabad,4.1
C01084,23,Female,Electronics,Speaker,10836.13,1,No,Inactive,Credit Card,2025-09-14,Chennai,4.1
C00589,47,Female,Clothing,T-Shirt,1923.45,1,No,Active,Cash,2024-12-03,Mumbai,
C01403,33,Male,Home & Kitchen,Bedsheet,13382.5,2,No,Inactive,Credit Card,2025-01-06,Mumbai,4.1
C00185,53,Female,Clothing,Sneakers,2024.0,3,No,Inactive,Debit Card,2025-05-08,Chennai,4.6
C01558,31,Female,Home & Kitchen,Cookware,10289.56,1,Yes,Inactive,UPI,2025-03-10,Bengaluru,3.3
C01005,37,Male,Electronics,Smartwatch,54528.33,1,No,Active,Credit Card,2025-12-12,Bengaluru,3.4
C01939,52,Male,Books,Self-Help,1944.19,1,Yes,Inactive,UPI,2024-10-02,Bengaluru,4.4
C01267,37,Male,Home & Kitchen,Cookware,14783.13,3,Yes,Active,UPI,2025-06-08,Bengaluru,3.6
C01828,23,Female,Clothing,Jeans,3332.58,1,No,Inactive,Credit Card,2024-05-07,Chennai,4.2
C01816,60,Male,Electronics,Headphones,88517.34,3,No,Active,Net Banking,2025-01-20,Chandigarh,2.9
C00442,57,Male,Electronics,Speaker,27052.02,3,No,Inactive,Debit Card,2025-03-07,Mumbai,5.0
C00405,20,Female,Clothing,Jacket,4038.05,2,No,Inactive,UPI,2025-12-28,Ahmedabad,4.3
C00536,34,Female,Beauty,Skin Serum,355.02,1,No,Inactive,Cash,2024-09-20,Kolkata,4.5
C01782,59,Male,Clothing,T-Shirt,964.16,2,Yes,Inactive,Credit Card,2024-01-26,Pune,4.0
C00687,40,Female,Home & Kitchen,Coffee Maker,8566.06,2,Yes,Inactive,Debit Card,2024-06-17,Ahmedabad,3.7
C00807,60,Female,Beauty,Face Cream,1976.44,1,No,Inactive,Cash,2025-06-04,Bengaluru,3.2
C00478,34,Female,Books,Comics,1608.08,3,No,Inactive,Debit Card,2025-07-25,Bengaluru,2.6
C01997,42,Female,Electronics,Smartphone,37323.85,2,Yes,Inactive,UPI,2024-06-16,Jaipur,4.4
C00944,25,Male,Books,Business,1077.55,1,No,Inactive,Cash,2025-02-19,Pune,4.2
C01883,46,Female,Beauty,Skin Serum,784.59,3,No,Inactive,Net Banking,2024-06-26,Kolkata,3.9
C00212,21,Female,Books,Comics,1366.23,3,Yes,Inactive,Net Banking,2025-08-29,Chennai,4.1
C00837,30,Female,Electronics,Speaker,32271.83,3,No,Active,UPI,2025-08-14,Mumbai,3.8
C01751,32,Male,Beauty,Skin Serum,915.93,2,Yes,Inactive,Credit Card,2025-04-25,Bengaluru,3.6
C00739,34,Other,Sports,Dumbbells,4315.78,1,No,Inactive,Debit Card,2024-10-21,Delhi,4.9
C01343,19,Female,Home & Kitchen,Coffee Maker,8711.78,1,No,Inactive,UPI,2025-12-19,Kolkata,3.9
C01953,38,Male,Electronics,Laptop,64304.02,3,Yes,Active,Credit Card,2024-10-14,Jaipur,3.8
C01995,18,Male,Beauty,Skin Serum,1729.13,4,No,Inactive,Debit Card,2024-03-27,Mumbai,4.5
C00890,61,Female,Electronics,Smartwatch,48301.61,2,Yes,Active,Net Banking,2025-11-05,Bengaluru,4.0
C00029,18,Male,Home & Kitchen,Lamp,13962.63,4,No,Inactive,Net Banking,2025-10-18,Hyderabad,4.0
C01980,47,Female,Clothing,Jeans,1595.45,1,No,Inactive,Debit Card,2024-08-08,Jaipur,4.2
C00170,52,Male,Home & Kitchen,Coffee Maker,5117.69,1,No,Inactive,UPI,2025-02-19,Pune,4.4
C00650,36,Female,Clothing,Dress,958.29,3,No,Inactive,Cash,2024-10-31,Bengaluru,3.0
C00613,33,Male,Books,Fiction,337.75,1,No,Inactive,Debit Card,2024-04-10,Delhi,3.4
C01412,43,Female,Electronics,Speaker,83930.22,1,Yes,Active,Cash,2025-11-06,Chennai,3.9
C01462,55,Female,Home & Kitchen,Lamp,7820.23,1,No,Inactive,Credit Card,2025-08-16,Mumbai,5.0
C00239,64,Female,Electronics,Smartphone,15679.35,3,Yes,Active,UPI,2025-11-01,Bengaluru,5.0
C01327,56,Female,Clothing,Jacket,1315.25,2,Yes,Active,Debit Card,2025-09-08,Bengaluru,3.9
C01676,59,Female,Clothing,Sneakers,2825.2,1,Yes,Active,Net Banking,2025-05-19,Kolkata,4.2
C01953,46,Male,Books,Fiction,1456.31,5,No,Inactive,UPI,2024-07-08,Bengaluru,4.2
C01886,19,Male,Beauty,Shampoo,336.09,1,No,Active,Net Banking,2024-05-09,Bengaluru,3.9
C01956,38,Male,Clothing,Dress,2089.12,3,Yes,Inactive,Credit Card,2024-02-07,Bengaluru,3.5
C01099,42,Female,Sports,Dumbbells,8890.56,3,No,Active,Credit Card,2025-05-23,Hyderabad,5.0
C01807,56,Other,Beauty,Perfume,3395.76,2,No,Inactive,Credit Card,2024-11-13,Chandigarh,3.5
C01960,35,Female,Sports,Yoga Mat,11514.59,1,No,Active,UPI,2024-02-19,Hyderabad,3.6
C01951,49,Female,Electronics,Smartphone,24347.73,4,Yes,Inactive,Credit Card,2025-05-22,Delhi,4.6
C00781,64,Female,Electronics,Speaker,30477.06,3,No,Inactive,Cash,2025-04-24,Jaipur,2.6
C00160,58,Other,Sports,Football,6864.87,1,No,Active,Debit Card,2025-12-22,Chennai,3.3
C00825,23,Female,Clothing,Dress,2786.37,2,No,Inactive,Debit Card,2025-07-03,Chandigarh,4.4
C00140,45,Male,Sports,Cricket Bat,2312.71,1,No,Inactive,Cash,2025-01-22,Jaipur,3.4
C00276,49,Male,Home & Kitchen,Coffee Maker,6987.71,1,Yes,Active,Credit Card,2025-01-26,Kolkata,4.5
C00402,29,Female,Books,Comics,439.01,2,No,Active,Cash,2024-08-24,Chennai,4.5
C00254,64,Other,Beauty,Skin Serum,1406.33,1,No,Active,UPI,2025-03-10,Kolkata,5.0
C01736,61,Female,Sports,Dumbbells,4406.66,2,No,Active,Debit Card,2024-09-01,Jaipur,3.2
C01142,32,Female,Beauty,Perfume,2629.09,1,Yes,Active,Credit Card,2025-05-02,Jaipur,3.9
C00870,26,Female,Sports,Football,9157.62,2,No,Inactive,Credit Card,2024-09-25,Chennai,5.0
C01416,54,Other,Home & Kitchen,Storage Box,11451.51,1,Yes,Active,UPI,2024-10-11,Jaipur,4.3
C00397,45,Female,Home & Kitchen,Cookware,924.64,2,Yes,Inactive,UPI,2025-01-27,Chennai,4.0
C00324,31,Male,Sports,Running Shoes,11809.08,1,No,Inactive,UPI,2025-05-14,Chennai,3.8
C01123,26,Male,Sports,Yoga Mat,2098.23,3,Yes,Inactive,UPI,2024-11-23,Chennai,3.6
C01072,47,Female,Home & Kitchen,Storage Box,12976.53,3,No,Active,Wallet,2024-01-14,Ahmedabad,4.4
C01626,54,Female,Books,Technology,1557.65,3,No,Inactive,Credit Card,2025-12-03,Delhi,4.1
C00726,62,Male,Electronics,Laptop,89111.02,3,Yes,Inactive,Debit Card,2025-06-23,Ahmedabad,4.3
C00999,34,Female,Clothing,Sneakers,4580.7,2,No,Inactive,UPI,2024-06-25,Hyderabad,3.3
C01880,40,Female,Sports,Yoga Mat,8679.84,1,No,Inactive,UPI,2024-06-02,Mumbai,3.2
C00051,52,Male,Books,Business,1694.36,4,No,Active,UPI,2024-04-12,Hyderabad,5.0
C00789,64,Female,Clothing,T-Shirt,1381.59,2,Yes,Active,Net Banking,2025-04-16,Jaipur,2.9
C00925,54,Male,Electronics,Smartphone,83223.32,2,No,Active,UPI,2025-09-26,Mumbai,4.4
C01841,20,Male,Sports,Yoga Mat,1316.88,3,No,Active,UPI,2025-07-16,Pune,4.3
C01059,19,Male,Electronics,Laptop,76059.23,2,No,Inactive,UPI,2025-07-31,Ahmedabad,3.6
C00691,48,Female,Sports,Dumbbells,510.81,1,Yes,Active,Credit Card,2025-10-01,Chennai,4.6
C00854,30,Male,Beauty,Lipstick,2178.59,1,No,Inactive,Credit Card,2024-05-26,Delhi,3.4
C00336,41,Female,Beauty,Perfume,740.41,2,No,Active,Cash,2024-09-13,Mumbai,4.9
C01896,19,Male,Beauty,Face Cream,2844.29,1,No,Inactive,Debit Card,2024-04-20,Kolkata,3.3
C00758,24,Male,Clothing,Jacket,750.64,4,No,Inactive,UPI,2025-07-16,Pune,3.7
C01188,58,Female,Clothing,Sneakers,4819.55,1,No,Inactive,Debit Card,2025-06-28,Mumbai,5.0
C00827,21,Female,Clothing,T-Shirt,3395.66,1,Yes,Inactive,UPI,2024-02-18,Jaipur,4.1
C01025,35,Male,Books,Business,1625.93,3,No,Inactive,Debit Card,2024-11-10,Delhi,3.6
C00091,28,Male,Clothing,Dress,2489.48,2,No,Inactive,Credit Card,2024-10-03,Delhi,3.6
C00955,54,Female,Beauty,Perfume,4390.26,2,No,Inactive,Credit Card,2024-05-27,Jaipur,3.3
C00780,62,Male,Sports,Cricket Bat,4659.47,1,No,Active,Credit Card,2024-12-13,Delhi,4.6
C00672,29,Male,Electronics,Smartwatch,13095.39,2,No,Active,UPI,2024-08-30,Ahmedabad,3.4
C01527,61,Male,Beauty,Perfume,3297.17,2,No,Active,UPI,2024-07-10,Kolkata,5.0
C00334,58,Female,Clothing,Dress,3837.07,1,No,Active,Debit Card,2025-12-04,Bengaluru,4.5
C01292,53,Male,Electronics,Laptop,86637.7,2,No,Inactive,Credit Card,2025-01-18,Hyderabad,5.0
C00317,51,Male,Books,Self-Help,664.57,1,No,Inactive,Wallet,2025-06-11,Chandigarh,3.5
C01359,28,Male,Sports,Football,9145.4,2,No,Inactive,Credit Card,2025-10-24,Hyderabad,5.0
C00211,26,Male,Electronics,Speaker,42335.44,3,No,Active,Net Banking,2025-11-22,Jaipur,3.3
C01156,55,Female,Clothing,Sneakers,3591.99,3,No,Inactive,Net Banking,2024-05-25,Delhi,4.5
C01859,38,Male,Home & Kitchen,Bedsheet,13555.13,5,No,Inactive,Debit Card,2025-05-09,Bengaluru,5.0
C01294,57,Female,Books,Technology,1132.83,1,Yes,Inactive,Credit Card,2025-04-09,Ahmedabad,4.2
C00806,19,Female,Beauty,Skin Serum,1226.36,5,No,Inactive,Wallet,2024-03-16,Kolkata,5.0
C00523,63,Male,Clothing,Jeans,1569.16,3,No,Active,Cash,2024-09-16,Ahmedabad,4.1
C00825,53,Female,Clothing,Jeans,577.2,3,No,Inactive,Wallet,2024-01-25,Jaipur,3.5
C01852,41,Female,Clothing,Jeans,1054.83,2,No,Inactive,Debit Card,2025-07-15,Bengaluru,3.0
C01192,65,Female,Electronics,Laptop,36660.97,1,No,Inactive,Cash,2024-12-27,Pune,3.7
C01144,41,Female,Beauty,Face Cream,3330.75,1,Yes,Inactive,Debit Card,2024-09-04,Mumbai,3.0
C01059,27,Female,Beauty,Lipstick,1689.35,1,Yes,Active,UPI,2024-09-26,Jaipur,4.0
C01137,42,Female,Beauty,Shampoo,1257.82,3,No,Active,UPI,2024-10-12,Mumbai,3.9
C01192,30,Male,Sports,Yoga Mat,2284.9,4,Yes,Inactive,UPI,2024-06-07,Bengaluru,4.2
C01474,34,Female,Home & Kitchen,Storage Box,6607.24,1,Yes,Inactive,Debit Card,2024-03-14,Chandigarh,4.0
C00639,23,Male,Home & Kitchen,Coffee Maker,1881.25,4,Yes,Active,Debit Card,2024-07-21,Bengaluru,4.6
C01060,21,Male,Books,Fiction,177.27,2,Yes,Inactive,Debit Card,2024-02-01,Hyderabad,3.5
C01270,54,Female,Books,Business,1564.01,4,No,Inactive,UPI,2025-06-28,Chandigarh,2.8
C01097,43,Male,Sports,Yoga Mat,8488.0,1,No,Inactive,Credit Card,2025-06-03,Chennai,3.7
C01016,45,Male,Beauty,Skin Serum,2227.3,3,Yes,Active,Net Banking,2025-03-15,Bengaluru,5.0
C00144,65,Female,Beauty,Lipstick,3585.84,2,Yes,Inactive,Credit Card,2025-10-22,Delhi,5.0
C01697,30,Female,Electronics,Smartwatch,78700.94,1,No,Active,UPI,2025-09-30,Pune,4.5
C01376,19,Female,Electronics,Speaker,44015.04,2,Yes,Active,Wallet,2024-02-15,Mumbai,4.6
C00287,51,Male,Clothing,Dress,4059.25,1,Yes,Inactive,Debit Card,2024-10-06,Delhi,4.4
C00955,59,Male,Clothing,Jeans,2018.5,1,No,Inactive,Debit Card,2025-10-11,Pune,3.8
C01188,54,Male,Clothing,Jacket,1078.52,1,No,Inactive,Debit Card,2025-04-25,Kolkata,3.6
C00037,50,Female,Electronics,Smartwatch,20271.51,1,No,Active,Debit Card,2024-05-02,Chandigarh,3.1
C00845,65,Female,Clothing,Jeans,1994.93,1,Yes,Inactive,Credit Card,2024-10-22,Delhi,4.6
C00694,65,Female,Clothing,Jeans,1100.82,3,No,Inactive,UPI,2025-03-27,Kolkata,4.8
C01982,53,Male,Electronics,Smartwatch,22409.75,2,Yes,Inactive,Net Banking,2025-06-01,Hyderabad,5.0
C00778,29,Male,Sports,Cricket Bat,6079.58,3,No,Active,UPI,2024-01-23,Chennai,4.5
C01584,51,Male,Electronics,Laptop,58240.0,3,No,Inactive,Cash,2025-11-15,Delhi,3.5
C00306,64,Male,Books,Technology,1914.16,1,No,Active,Net Banking,2024-05-18,Pune,3.3
C01670,53,Male,Electronics,Smartphone,66962.68,3,No,Active,UPI,2024-01-06,Hyderabad,2.3
C01540,23,Other,Electronics,Smartwatch,56031.39,1,Yes,Inactive,UPI,2024-10-30,Ahmedabad,4.3
C00269,31,Female,Electronics,Headphones,49836.48,1,No,Active,UPI,2024-03-24,Ahmedabad,3.3
C01103,65,Male,Electronics,Speaker,28209.84,2,No,Inactive,Debit Card,2025-09-07,Chandigarh,4.9
C00850,22,Female,Sports,Cricket Bat,11316.26,1,No,Inactive,Credit Card,2024-04-22,Mumbai,4.5
C01128,51,Male,Sports,Running Shoes,10365.85,5,Yes,Active,Debit Card,2025-10-03,Jaipur,3.0
C01249,55,Male,Clothing,T-Shirt,1381.46,2,No,Inactive,Debit Card,2025-07-16,Mumbai,4.0
C00822,25,Male,Books,Business,1439.96,4,Yes,Active,UPI,2024-09-25,Pune,4.0
C00581,24,Male,Clothing,Sneakers,2717.7,5,No,Active,Cash,2024-06-13,Bengaluru,3.9
C00800,53,Female,Books,Self-Help,316.43,1,No,Inactive,UPI,2024-02-09,Kolkata,3.7
C01393,39,Male,Sports,Yoga Mat,3830.87,1,No,Active,Credit Card,2025-04-11,Kolkata,4.3
C00155,29,Female,Sports,Football,7694.14,2,Yes,Inactive,Credit Card,2024-07-19,Mumbai,4.3
C01351,52,Female,Clothing,T-Shirt,4282.31,3,Yes,Inactive,Net Banking,2024-05-20,Chandigarh,3.5
C00919,59,Male,Electronics,Laptop,18952.94,3,No,Inactive,Credit Card,2025-04-01,Pune,3.4
C00145,18,Male,Clothing,Jeans,3841.53,2,Yes,Inactive,Credit Card,2025-04-28,Bengaluru,3.3
C01511,65,Female,Electronics,Smartwatch,60141.44,4,No,Inactive,UPI,2024-10-04,Hyderabad,3.8
C00725,53,Male,Electronics,Smartwatch,11628.2,1,Yes,Active,Net Banking,2024-08-28,Chandigarh,4.0
C01313,25,Male,Home & Kitchen,Bedsheet,7414.06,3,No,Inactive,Debit Card,2024-05-30,Mumbai,3.5
C01093,46,Male,Clothing,T-Shirt,3277.75,2,No,Active,Debit Card,2024-04-22,Kolkata,3.9
C01882,48,Female,Clothing,Jeans,3872.27,2,Yes,Inactive,Credit Card,2024-08-18,Pune,4.1
C00639,19,Female,Electronics,Smartwatch,87371.24,1,No,Inactive,Cash,2025-11-03,Pune,3.5
C01550,65,Male,Home & Kitchen,Bedsheet,1581.99,1,Yes,Inactive,Wallet,2024-02-29,Ahmedabad,4.9
C00657,34,Female,Clothing,Jacket,1726.34,4,No,Inactive,UPI,2024-05-05,Delhi,4.1
C01920,45,Female,Sports,Dumbbells,3924.54,2,No,Inactive,Net Banking,2024-12-21,Chandigarh,4.0
C01678,47,Male,Sports,Yoga Mat,5350.15,1,No,Inactive,UPI,2024-11-27,Delhi,4.8
C01386,56,Female,Sports,Dumbbells,1364.99,1,Yes,Inactive,Cash,2025-04-23,Chennai,3.9
C01248,28,Male,Beauty,Perfume,1341.53,2,Yes,Inactive,Debit Card,2025-02-03,Chandigarh,4.1
C00495,27,Female,Home & Kitchen,Bedsheet,3358.65,3,No,Inactive,UPI,2025-07-28,Delhi,4.9
C01654,45,Male,Clothing,T-Shirt,924.26,4,No,Inactive,Net Banking,2025-12-08,Mumbai,3.2
C01676,51,Female,Clothing,Dress,746.17,2,Yes,Active,UPI,2024-02-02,Pune,3.2
C01463,33,Female,Electronics,Smartwatch,71420.64,1,No,Inactive,Debit Card,2024-12-11,Delhi,3.7
C00939,51,Male,Beauty,Shampoo,2169.19,1,No,Active,Credit Card,2025-06-14,Chennai,3.2
C01516,37,Male,Books,Technology,1704.77,1,No,Inactive,UPI,2025-10-09,Chennai,2.9
C01158,26,Male,Clothing,Sneakers,4990.28,5,No,Inactive,Debit Card,2025-06-15,Bengaluru,4.0
C00330,63,Male,Clothing,Jeans,1967.82,1,No,Inactive,Cash,2024-01-27,Ahmedabad,4.7
C00727,55,Female,Books,Comics,1416.4,2,No,Inactive,UPI,2025-08-04,Delhi,4.9
C01316,19,Female,Sports,Running Shoes,3975.41,2,No,Inactive,Wallet,2025-04-23,Mumbai,4.7
C01713,39,Female,Home & Kitchen,Coffee Maker,13808.6,1,Yes,Inactive,UPI,2025-04-20,Mumbai,4.2
C01288,28,Male,Sports,Running Shoes,8339.72,1,Yes,Inactive,Debit Card,2025-08-20,Pune,5.0
C00400,23,Male,Clothing,Jeans,4520.44,1,No,Inactive,Credit Card,2025-06-18,Ahmedabad,3.9
C00540,36,Male,Electronics,Headphones,18393.31,1,No,Inactive,Credit Card,2024-08-13,Hyderabad,3.8
C00406,27,Male,Books,Technology,1211.59,1,No,Active,Debit Card,2024-06-12,Pune,4.3
C00525,29,Other,Clothing,Jacket,2360.82,3,No,Active,Credit Card,2025-10-21,Chandigarh,4.4
C00759,25,Male,Sports,Cricket Bat,9137.76,2,No,Active,Debit Card,2024-05-12,Chennai,3.6
C01395,59,Male,Home & Kitchen,Lamp,10654.11,2,No,Active,Credit Card,2025-03-25,Delhi,3.6
C01004,64,Female,Beauty,Perfume,4285.87,3,No,Inactive,UPI,2024-03-22,Chandigarh,4.8
C00366,50,Male,Clothing,Jeans,4290.93,2,No,Active,Credit Card,2025-06-18,Delhi,4.8
C01834,31,Female,Electronics,Smartphone,57308.23,2,No,Inactive,Net Banking,2024-02-14,Chandigarh,3.2
C01449,27,Male,Electronics,Speaker,48714.1,1,Yes,Inactive,Credit Card,2024-08-23,Delhi,4.4
C00557,39,Female,Books,Technology,1561.06,4,No,Inactive,UPI,2024-06-14,Kolkata,5.0
C00291,62,Female,Sports,Running Shoes,4274.8,2,No,Inactive,Credit Card,2024-08-27,Pune,3.4
C00447,20,Male,Electronics,Headphones,15341.68,2,No,Active,UPI,2024-10-22,Hyderabad,3.3
C01653,60,Female,Books,Comics,859.46,2,No,Inactive,Wallet,2024-11-29,Chennai,3.5
C01420,26,Female,Electronics,Laptop,17341.49,1,No,Inactive,Wallet,2024-08-11,Ahmedabad,3.5
C00483,39,Male,Books,Business,1469.79,2,No,Active,Debit Card,2025-06-05,Chandigarh,3.3
C01505,44,Female,Clothing,Jeans,4698.38,1,No,Inactive,Credit Card,2025-05-11,Mumbai,3.8
C00563,58,Male,Clothing,Jeans,2427.08,1,Yes,Inactive,Net Banking,2025-12-09,Hyderabad,4.0
C01374,50,Female,Clothing,Jacket,470.06,1,No,Active,Debit Card,2025-09-26,Delhi,3.2
C01156,56,Male,Books,Fiction,481.57,1,No,Inactive,UPI,2024-09-06,Chandigarh,3.5
C00137,60,Male,Books,Business,1773.77,3,No,Active,Credit Card,2025-03-10,Ahmedabad,3.8
C01650,55,Other,Electronics,Smartphone,44637.86,2,No,Inactive,Debit Card,2025-06-11,Ahmedabad,3.3
C01637,29,Male,Clothing,Sneakers,2524.03,4,Yes,Inactive,Credit Card,2025-12-09,Ahmedabad,3.3
C01257,34,Female,Electronics,Laptop,3039.51,1,No,Inactive,Debit Card,2024-02-14,Jaipur,3.8
C01782,28,Female,Clothing,Dress,2213.2,1,Yes,Inactive,UPI,2025-09-24,Kolkata,4.0
C00036,61,Male,Beauty,Lipstick,2493.86,2,No,Inactive,Debit Card,2025-09-26,Hyderabad,5.0
C01888,45,Male,Beauty,Shampoo,468.05,1,Yes,Active,UPI,2025-10-25,Chandigarh,3.3
C00471,54,Female,Clothing,Jeans,2542.3,1,No,Inactive,UPI,2024-07-08,Mumbai,3.6
C01017,29,Female,Electronics,Speaker,28084.21,2,No,Active,Debit Card,2025-05-21,Mumbai,3.7
C00449,48,Male,Home & Kitchen,Lamp,8750.92,1,Yes,Inactive,Cash,2025-10-12,Pune,3.8
C01567,27,Male,Sports,Dumbbells,1901.98,1,No,Inactive,Debit Card,2025-02-19,Pune,4.2
C00892,50,Male,Clothing,Dress,4258.23,2,No,Active,Credit Card,2025-09-02,Bengaluru,4.1
C01904,40,Female,Electronics,Headphones,38121.24,2,No,Inactive,Net Banking,2025-03-03,Hyderabad,4.1
C00862,48,Female,Sports,Running Shoes,10695.23,1,Yes,Active,UPI,2024-05-03,Hyderabad,4.5
C00501,57,Male,Clothing,Dress,1138.49,1,No,Inactive,UPI,2025-09-25,Chennai,3.0
C00401,61,Male,Clothing,Sneakers,2523.23,2,No,Inactive,Debit Card,2025-08-11,Chandigarh,4.4
C01154,21,Male,Electronics,Headphones,22001.9,1,No,Inactive,Net Banking,2024-03-22,Chandigarh,3.9
C01631,38,Female,Home & Kitchen,Lamp,9437.09,3,No,Active,UPI,2024-06-13,Ahmedabad,3.5
C01165,38,Male,Electronics,Speaker,22125.13,1,Yes,Inactive,Cash,2025-11-07,Chennai,3.5
C00245,54,Female,Home & Kitchen,Bedsheet,5317.88,3,No,Inactive,UPI,2024-12-28,Mumbai,3.6
C01672,30,Male,Home & Kitchen,Bedsheet,3091.76,2,Yes,Active,UPI,2024-12-01,Mumbai,4.8
C01846,31,Female,Clothing,Sneakers,1879.54,3,No,Inactive,Net Banking,2025-04-30,Hyderabad,3.8
C00765,39,Male,Clothing,Jeans,874.22,1,Yes,Active,Net Banking,2025-08-24,Ahmedabad,3.9
C00425,38,Male,Electronics,Laptop,10819.64,1,Yes,Active,UPI,2025-04-03,Chennai,3.7
C00951,20,Female,Sports,Dumbbells,6482.12,4,No,Inactive,UPI,2025-12-30,Chennai,4.5
C01736,31,Female,Sports,Yoga Mat,1057.55,1,No,Inactive,Credit Card,2025-01-17,Chandigarh,5.0
C01669,25,Female,Clothing,Sneakers,2385.93,2,Yes,Active,Debit Card,2024-12-30,Jaipur,4.5
C00093,38,Female,Clothing,T-Shirt,2383.48,1,No,Inactive,Credit Card,2025-11-01,Chennai,4.4
C00032,50,Male,Clothing,T-Shirt,3389.11,2,Yes,Inactive,UPI,2025-06-26,Ahmedabad,3.4
C01054,34,Male,Sports,Football,7016.06,4,No,Inactive,UPI,2025-04-23,Hyderabad,3.3
C00224,22,Male,Home & Kitchen,Bedsheet,9968.23,2,No,Active,Debit Card,2025-09-05,Mumbai,5.0
C01159,22,Female,Electronics,Laptop,12097.43,1,No,Inactive,Debit Card,2025-04-29,Pune,4.0
C01071,55,Male,Beauty,Face Cream,714.18,1,Yes,Active,Cash,2024-12-17,Bengaluru,3.7
C00920,51,Male,Home & Kitchen,Bedsheet,11888.55,1,No,Active,Credit Card,2024-01-28,Kolkata,4.0
C00520,64,Male,Beauty,Skin Serum,604.91,2,No,Inactive,Net Banking,2024-12-29,Jaipur,3.6
C01013,19,Female,Beauty,Perfume,4933.66,2,Yes,Active,Credit Card,2024-03-30,Mumbai,4.7
C00406,38,Male,Beauty,Perfume,2225.23,1,Yes,Active,UPI,2024-10-08,Bengaluru,4.3
C01732,27,Female,Beauty,Shampoo,1527.05,2,Yes,Inactive,Debit Card,2025-08-27,Delhi,3.6
C00669,48,Male,Sports,Yoga Mat,4396.14,4,No,Inactive,UPI,2025-12-07,Ahmedabad,4.4
C01234,52,Male,Clothing,Jacket,1758.53,1,Yes,Active,Wallet,2024-09-16,Delhi,4.0
C00554,28,Female,Clothing,Dress,4966.21,4,No,Inactive,Debit Card,2024-10-18,Chennai,3.2
C00226,20,Male,Beauty,Shampoo,2539.18,2,No,Active,UPI,2025-11-28,Chennai,3.6
C00117,50,Female,Electronics,Laptop,79131.4,1,No,Inactive,Credit Card,2024-07-03,Jaipur,4.0
C00501,43,Female,Electronics,Laptop,50483.28,3,Yes,Active,Credit Card,2025-10-31,Hyderabad,3.1
C01638,20,Female,Clothing,Jeans,2724.68,1,Yes,Inactive,Debit Card,2025-12-11,Chennai,2.9
C01164,20,Male,Electronics,Headphones,66528.2,1,No,Inactive,Net Banking,2024-12-06,Kolkata,4.9
C00815,31,Female,Home & Kitchen,Coffee Maker,9593.35,1,No,Active,UPI,2025-07-24,Ahmedabad,4.2
C01518,49,Female,Books,Fiction,1286.03,1,Yes,Active,UPI,2025-01-21,Pune,4.1
C00757,49,Male,Home & Kitchen,Lamp,8811.53,1,No,Active,Net Banking,2024-03-12,Ahmedabad,3.8
C01983,37,Male,Beauty,Lipstick,4089.39,1,Yes,Inactive,Debit Card,2024-03-28,Delhi,4.8
C01127,65,Male,Electronics,Laptop,82164.72,2,No,Inactive,Credit Card,2024-04-08,Delhi,4.9
C00962,38,Female,Books,Fiction,209.89,4,No,Active,UPI,2025-03-14,Chandigarh,4.0
C01108,46,Male,Sports,Dumbbells,5355.33,3,No,Inactive,UPI,2024-10-20,Kolkata,3.7
C00317,50,Male,Electronics,Smartphone,37110.53,2,Yes,Inactive,Net Banking,2025-10-04,Jaipur,2.7
C00676,49,Male,Clothing,T-Shirt,684.65,2,No,Active,Credit Card,2025-10-19,Chandigarh,3.1
C00370,57,Male,Clothing,Jeans,4305.98,1,Yes,Inactive,UPI,2025-07-26,Delhi,3.9
C01382,40,Female,Electronics,Laptop,4677.12,1,No,Inactive,Cash,2024-02-28,Chennai,3.5
C01428,43,Other,Electronics,Smartphone,77175.04,2,Yes,Inactive,UPI,2024-02-28,Chandigarh,3.6
C00336,42,Male,Electronics,Smartphone,12323.43,2,No,Active,Debit Card,2025-10-17,Chennai,3.8
C01634,50,Female,Clothing,Jeans,3059.38,2,No,Active,UPI,2025-06-26,Kolkata,3.3
C00465,35,Male,Electronics,Smartphone,37070.35,3,No,Active,Net Banking,2025-08-19,Hyderabad,3.8
C00600,35,Other,Books,Business,1389.0,2,Yes,Inactive,Debit Card,2024-08-05,Mumbai,3.8
C01933,23,Male,Electronics,Headphones,21444.89,4,No,Inactive,Net Banking,2024-04-23,Pune,3.9
C00376,30,Male,Clothing,Sneakers,523.65,1,Yes,Inactive,Credit Card,2025-07-29,Ahmedabad,3.2
C01787,58,Male,Electronics,Laptop,63119.6,3,Yes,Active,UPI,2024-01-21,Pune,5.0
C00063,52,Male,Books,Technology,617.58,1,No,Active,Credit Card,2024-11-27,Delhi,3.2
C00456,48,Female,Clothing,Jeans,1040.08,1,No,Inactive,Net Banking,2025-04-17,Chennai,4.0
C00442,62,Female,Clothing,Jeans,4742.28,2,No,Inactive,Debit Card,2025-03-06,Pune,2.8
C01094,32,Female,Electronics,Headphones,40827.5,3,No,Active,UPI,2025-06-18,Jaipur,3.4
C00798,44,Male,Home & Kitchen,Cookware,10546.3,1,Yes,Inactive,UPI,2024-08-25,Bengaluru,3.3
C00521,31,Male,Clothing,T-Shirt,4726.0,5,No,Active,Debit Card,2024-03-06,Jaipur,4.2
C00950,41,Male,Electronics,Smartwatch,82196.78,2,No,Inactive,Net Banking,2025-08-13,Jaipur,3.6
C00709,30,Female,Books,Fiction,503.15,1,No,Active,UPI,2025-10-16,Bengaluru,3.4
C01837,52,Male,Electronics,Speaker,60325.49,2,No,Inactive,Credit Card,2024-10-28,Chennai,4.5
C00653,59,Female,Electronics,Laptop,34816.62,1,Yes,Active,Debit Card,2024-11-09,Bengaluru,3.6
C00804,61,Other,Books,Comics,1432.39,1,No,Active,Debit Card,2024-12-12,Bengaluru,4.2
C01735,36,Male,Home & Kitchen,Coffee Maker,13220.6,2,No,Inactive,Debit Card,2025-03-09,Bengaluru,3.9
C01314,37,Female,Electronics,Laptop,29186.02,3,No,Inactive,Net Banking,2024-11-17,Chennai,4.2
C00325,53,Male,Home & Kitchen,Coffee Maker,1483.72,4,No,Inactive,UPI,2025-10-03,Delhi,4.1
C01971,25,Male,Clothing,T-Shirt,598.03,1,No,Active,Debit Card,2024-07-28,Pune,3.7
C01251,38,Female,Clothing,T-Shirt,1382.48,2,No,Active,Credit Card,2024-03-04,Jaipur,3.9
C01630,20,Male,Electronics,Speaker,19012.08,1,Yes,Inactive,Credit Card,2024-02-18,Mumbai,5.0
C00881,39,Other,Home & Kitchen,Coffee Maker,4157.75,3,No,Active,UPI,2025-01-11,Hyderabad,4.7
C01992,18,Male,Electronics,Smartwatch,58616.89,2,No,Inactive,Credit Card,2024-12-08,Chennai,
C01499,49,Male,Clothing,T-Shirt,1169.99,3,Yes,Inactive,Cash,2025-12-23,Jaipur,4.2
C01837,19,Other,Sports,Yoga Mat,5289.45,2,Yes,Inactive,Debit Card,2024-01-01,Delhi,4.5
C00502,45,Female,Beauty,Shampoo,1439.9,1,Yes,Active,Wallet,2025-06-10,Delhi,4.0
C01333,51,Other,Clothing,Dress,354.37,2,Yes,Inactive,Credit Card,2025-02-03,Chennai,2.9
C00544,23,Male,Electronics,Speaker,64265.64,1,No,Active,Debit Card,2024-01-04,Ahmedabad,3.8
C00521,56,Male,Clothing,T-Shirt,3904.27,1,Yes,Inactive,Credit Card,2024-03-28,Jaipur,4.4
C01765,54,Other,Home & Kitchen,Storage Box,14361.71,2,Yes,Active,UPI,2025-08-27,Kolkata,3.3
C01480,26,Female,Home & Kitchen,Lamp,1941.99,2,No,Active,Debit Card,2024-05-10,Ahmedabad,4.6
C01720,58,Female,Home & Kitchen,Storage Box,10328.03,2,Yes,Inactive,UPI,2025-10-20,Pune,4.4
C01839,37,Female,Home & Kitchen,Bedsheet,3266.47,4,Yes,Active,UPI,2025-12-23,Mumbai,5.0
C01561,65,Male,Clothing,Dress,1246.81,2,No,Inactive,Credit Card,2025-05-02,Mumbai,4.9
C00755,19,Male,Sports,Yoga Mat,1912.77,3,No,Inactive,Debit Card,2025-07-10,Chandigarh,4.1
C00820,48,Male,Home & Kitchen,Coffee Maker,1821.53,1,Yes,Inactive,Cash,2025-11-28,Chennai,4.2
C00983,53,Other,Electronics,Laptop,42923.14,1,Yes,Inactive,UPI,2025-07-25,Hyderabad,3.1
C01994,60,Female,Electronics,Speaker,58447.31,1,No,Active,Credit Card,2025-02-15,Pune,5.0
C01509,52,Female,Electronics,Headphones,79007.43,1,Yes,Inactive,Net Banking,2025-08-21,Chennai,3.4
C01187,57,Male,Beauty,Lipstick,4439.13,3,Yes,Active,Debit Card,2025-07-23,Jaipur,4.9
C00508,26,Female,Books,Self-Help,1183.95,3,No,Inactive,Net Banking,2024-01-11,Hyderabad,5.0
C01573,49,Female,Electronics,Smartwatch,36784.23,3,No,Active,Cash,2024-09-23,Bengaluru,3.7
C00726,25,Female,Home & Kitchen,Coffee Maker,5935.61,4,Yes,Active,Net Banking,2025-12-22,Ahmedabad,5.0
C00819,42,Female,Electronics,Smartwatch,3496.03,3,No,Inactive,Credit Card,2025-05-27,Kolkata,5.0
C00822,20,Female,Clothing,Jeans,4891.62,1,No,Inactive,Cash,2024-11-25,Jaipur,5.0
C01921,21,Male,Sports,Cricket Bat,1592.82,2,No,Inactive,Credit Card,2024-04-28,Bengaluru,3.9
C00707,24,Female,Beauty,Face Cream,3374.29,1,No,Inactive,Cash,2024-04-29,Chennai,4.5
C01856,25,Male,Sports,Running Shoes,3493.41,1,No,Inactive,Cash,2025-06-14,Chandigarh,
C00258,38,Male,Beauty,Face Cream,3343.52,2,No,Inactive,Debit Card,2025-04-07,Delhi,4.1
C01818,24,Male,Beauty,Face Cream,4707.36,2,Yes,Active,Cash,2024-05-09,Chandigarh,4.8
C01861,38,Female,Clothing,Sneakers,4745.24,1,No,Inactive,Credit Card,2025-01-03,Kolkata,4.0
C00892,20,Male,Clothing,T-Shirt,4089.04,1,No,Inactive,Cash,2025-05-30,Jaipur,5.0
C00088,59,Male,Books,Comics,1442.97,3,Yes,Inactive,UPI,2025-10-29,Delhi,4.2
C01903,60,Male,Sports,Football,3093.66,2,No,Inactive,Debit Card,2024-11-15,Bengaluru,4.0
C00617,57,Female,Books,Fiction,524.4,4,No,Inactive,Credit Card,2024-07-17,Kolkata,4.1
C00576,25,Male,Home & Kitchen,Cookware,2259.91,2,Yes,Inactive,Wallet,2025-01-07,Mumbai,5.0
C01628,33,Other,Clothing,Jacket,2446.23,1,No,Inactive,Cash,2025-04-13,Ahmedabad,4.3
C01906,65,Female,Sports,Yoga Mat,11781.62,1,No,Active,UPI,2024-05-21,Jaipur,5.0
C00716,41,Male,Home & Kitchen,Bedsheet,3878.93,2,Yes,Active,Credit Card,2024-09-02,Bengaluru,2.9
C00770,42,Male,Home & Kitchen,Bedsheet,4556.98,4,No,Active,Cash,2024-05-15,Pune,4.3
C00187,47,Male,Sports,Football,4864.35,1,Yes,Inactive,Credit Card,2024-09-01,Jaipur,3.7
C01627,36,Male,Sports,Cricket Bat,4024.2,2,No,Active,Debit Card,2025-04-27,Pune,5.0
C00111,18,Female,Beauty,Skin Serum,1045.42,2,No,Inactive,Debit Card,2025-03-18,Chandigarh,3.3
C01857,32,Male,Books,Technology,601.81,5,No,Active,Wallet,2024-04-19,Mumbai,2.3
C00214,56,Male,Clothing,Jacket,894.17,1,No,Active,Debit Card,2024-06-26,Mumbai,3.3
C01314,18,Female,Electronics,Smartwatch,17073.97,2,Yes,Inactive,Cash,2025-03-23,Hyderabad,3.1
C00772,46,Male,Sports,Dumbbells,2716.32,4,Yes,Active,Debit Card,2024-10-11,Chandigarh,3.2
C00226,42,Female,Electronics,Headphones,1943.07,3,No,Inactive,UPI,2024-04-17,Chandigarh,3.8
C00159,46,Male,Electronics,Smartwatch,89827.54,2,No,Inactive,UPI,2024-06-11,Bengaluru,4.5
C00698,31,Female,Electronics,Smartphone,46310.41,4,Yes,Active,Net Banking,2024-12-29,Kolkata,5.0
C00827,18,Female,Clothing,Jacket,1818.06,4,Yes,Inactive,Debit Card,2024-01-04,Pune,5.0
C01709,25,Female,Home & Kitchen,Storage Box,10906.01,1,No,Inactive,Debit Card,2024-12-28,Chandigarh,5.0
C01642,65,Female,Home & Kitchen,Cookware,12161.62,2,No,Inactive,Debit Card,2024-05-23,Chandigarh,3.6
C01358,64,Male,Books,Technology,345.12,3,No,Inactive,Net Banking,2024-04-01,Delhi,4.1
C00074,39,Male,Home & Kitchen,Cookware,12195.45,1,No,Inactive,UPI,2025-03-14,Chennai,3.7
C01599,20,Male,Books,Technology,1464.96,4,Yes,Inactive,Net Banking,2024-03-03,Ahmedabad,4.0
C01631,56,Female,Books,Self-Help,1386.78,1,Yes,Inactive,Debit Card,2024-02-10,Pune,4.9
C01637,23,Male,Electronics,Smartwatch,61687.88,3,No,Inactive,Credit Card,2024-10-17,Pune,2.8
C01050,21,Male,Sports,Cricket Bat,4504.05,1,No,Active,Credit Card,2025-01-08,Hyderabad,4.3
C00464,39,Male,Electronics,Smartphone,36926.09,1,No,Inactive,Debit Card,2025-11-18,Chennai,5.0
C00360,35,Male,Clothing,Dress,4783.44,3,No,Inactive,Credit Card,2025-03-25,Chennai,3.9
C00988,21,Female,Books,Self-Help,1756.91,1,No,Active,UPI,2025-02-03,Kolkata,4.5
C01113,32,Female,Books,Technology,749.95,2,No,Inactive,UPI,2024-11-15,Kolkata,4.3
C00945,36,Male,Home & Kitchen,Storage Box,6705.71,1,No,Inactive,UPI,2025-12-09,Kolkata,3.3
C00397,63,Female,Beauty,Shampoo,3471.28,5,No,Active,Debit Card,2025-04-25,Chandigarh,3.8
C01909,28,Other,Clothing,Sneakers,4295.2,2,No,Inactive,Wallet,2024-11-07,Chennai,
C00449,35,Male,Beauty,Shampoo,525.78,1,No,Inactive,Debit Card,2024-11-02,Pune,4.0
C01121,30,Female,Beauty,Perfume,4594.32,5,Yes,Active,Debit Card,2025-12-18,Chandigarh,3.2
C01625,61,Other,Beauty,Skin Serum,2113.31,1,No,Inactive,Net Banking,2024-06-09,Mumbai,4.7
C01013,55,Female,Books,Technology,677.85,2,Yes,Inactive,Credit Card,2025-07-01,Mumbai,3.5
C01812,30,Male,Electronics,Smartphone,2244.52,2,No,Active,Debit Card,2024-05-23,Kolkata,3.2
C00054,18,Female,Sports,Yoga Mat,3727.14,2,Yes,Inactive,Wallet,2024-09-16,Chennai,4.1
C01550,60,Female,Clothing,Dress,2317.64,3,Yes,Inactive,Debit Card,2024-04-09,Delhi,3.9
C00687,26,Female,Beauty,Lipstick,1538.3,1,No,Active,Credit Card,2025-03-24,Chandigarh,3.5
C01009,43,Male,Books,Fiction,644.66,1,No,Inactive,UPI,2024-06-13,Jaipur,4.3
C01511,59,Female,Home & Kitchen,Coffee Maker,11616.14,4,Yes,Inactive,Wallet,2025-02-22,Chennai,4.1
C00745,52,Female,Sports,Football,6629.66,3,No,Inactive,Debit Card,2025-05-24,Pune,3.4
C01186,33,Male,Books,Business,1022.7,1,No,Active,Credit Card,2024-11-04,Pune,3.3
C01771,47,Female,Electronics,Speaker,75883.31,4,Yes,Inactive,Cash,2024-11-23,Chandigarh,3.6
C00640,20,Male,Home & Kitchen,Cookware,5739.11,1,Yes,Inactive,UPI,2024-01-09,Delhi,4.4
C00259,64,Male,Sports,Football,4509.13,1,No,Active,Credit Card,2024-12-14,Ahmedabad,4.9
C01540,19,Female,Beauty,Face Cream,4981.41,1,No,Inactive,Credit Card,2024-01-02,Jaipur,3.2
C00012,58,Male,Sports,Football,7947.18,1,Yes,Inactive,Credit Card,2025-09-02,Jaipur,3.9
C00921,35,Male,Clothing,Jeans,3409.5,1,No,Active,UPI,2024-11-02,Chandigarh,3.5
C01327,51,Female,Books,Self-Help,836.22,1,No,Inactive,Credit Card,2024-05-02,Hyderabad,5.0
C00247,39,Male,Sports,Cricket Bat,10338.01,1,No,Active,UPI,2025-03-15,Jaipur,3.8
C01400,46,Female,Electronics,Headphones,34161.3,5,No,Active,UPI,2024-04-07,Pune,4.3
C00973,18,Female,Home & Kitchen,Storage Box,13531.68,1,No,Active,Debit Card,2024-11-05,Mumbai,3.7
C01611,20,Male,Electronics,Headphones,85059.23,4,No,Inactive,Credit Card,2024-12-16,Delhi,4.6
C01792,45,Male,Electronics,Smartwatch,59142.36,1,No,Inactive,Debit Card,2025-01-12,Kolkata,4.6
C01036,42,Male,Sports,Yoga Mat,6059.83,1,Yes,Inactive,Credit Card,2025-07-19,Delhi,3.9
C01620,55,Male,Clothing,Jacket,355.33,1,No,Inactive,Credit Card,2024-12-20,Ahmedabad,4.4
C01631,65,Female,Electronics,Smartphone,78625.8,4,No,Active,Debit Card,2024-07-17,Delhi,3.6
C00935,56,Male,Beauty,Perfume,2494.41,4,No,Inactive,UPI,2024-01-13,Kolkata,2.5
C00250,65,Female,Beauty,Skin Serum,2093.83,1,No,Inactive,UPI,2024-08-27,Delhi,3.6
C01221,65,Male,Clothing,Jeans,1667.33,1,No,Inactive,Debit Card,2025-03-24,Jaipur,2.9
C00223,65,Male,Clothing,Jeans,3450.29,1,Yes,Inactive,Wallet,2025-04-27,Delhi,3.8
C01857,61,Male,Electronics,Laptop,1726.04,4,No,Inactive,Net Banking,2025-05-09,Jaipur,4.9
C01807,59,Female,Clothing,Jacket,1806.07,2,Yes,Active,Debit Card,2024-07-03,Ahmedabad,3.0
C00366,20,Male,Beauty,Face Cream,2878.53,1,Yes,Inactive,UPI,2025-05-08,Kolkata,3.7
C01178,18,Male,Clothing,Sneakers,309.52,2,No,Inactive,Credit Card,2025-03-01,Delhi,3.0
C01954,44,Female,Clothing,T-Shirt,3771.66,4,Yes,Active,Cash,2025-01-31,Kolkata,5.0
C01235,60,Male,Clothing,Jeans,4161.66,1,Yes,Active,Debit Card,2024-01-29,Delhi,3.6
C01686,57,Female,Home & Kitchen,Coffee Maker,464.01,2,No,Inactive,Debit Card,2024-07-16,Chandigarh,3.8
C01531,52,Female,Books,Technology,877.73,5,No,Active,Credit Card,2025-12-28,Bengaluru,2.8
C00061,65,Male,Home & Kitchen,Bedsheet,4899.94,1,Yes,Active,Credit Card,2024-02-06,Kolkata,5.0
C01031,32,Female,Home & Kitchen,Bedsheet,10178.29,1,Yes,Inactive,Debit Card,2025-04-07,Ahmedabad,5.0
C01467,63,Female,Beauty,Skin Serum,2935.79,2,No,Inactive,Net Banking,2025-12-01,Hyderabad,4.2
C00277,61,Male,Beauty,Perfume,4693.1,2,No,Active,Cash,2024-02-11,Chandigarh,4.1
C00877,47,Male,Beauty,Perfume,3843.22,3,Yes,Inactive,UPI,2025-10-26,Delhi,5.0
C01493,20,Female,Electronics,Headphones,39203.6,1,No,Inactive,UPI,2025-01-29,Delhi,3.7
C00823,29,Female,Clothing,Jacket,4867.36,3,Yes,Active,UPI,2025-07-11,Ahmedabad,4.0
C01909,35,Male,Sports,Running Shoes,6770.46,1,No,Active,UPI,2025-06-08,Pune,3.0
C00682,33,Male,Electronics,Laptop,41152.36,1,No,Inactive,UPI,2025-06-16,Hyderabad,3.6
C01928,54,Female,Clothing,Jeans,1489.71,1,No,Active,Credit Card,2024-01-29,Kolkata,3.4
C00425,31,Male,Books,Self-Help,236.24,2,No,Inactive,UPI,2025-08-06,Chennai,3.8
C00533,44,Male,Home & Kitchen,Cookware,3279.99,1,Yes,Inactive,Debit Card,2025-09-30,Mumbai,3.6
C01541,33,Male,Clothing,Dress,4359.2,1,Yes,Active,UPI,2024-07-06,Kolkata,4.2
C00396,42,Male,Beauty,Face Cream,2850.89,3,Yes,Active,UPI,2025-09-19,Mumbai,4.6
C01774,42,Female,Electronics,Smartwatch,12889.68,1,Yes,Active,Debit Card,2025-06-23,Kolkata,3.1
C00380,61,Male,Sports,Dumbbells,9213.47,2,Yes,Inactive,UPI,2025-06-07,Pune,4.6
C01847,48,Male,Home & Kitchen,Coffee Maker,6587.47,2,Yes,Inactive,Credit Card,2024-08-15,Delhi,4.7
C00491,47,Female,Beauty,Face Cream,2884.91,3,No,Active,Debit Card,2024-04-05,Bengaluru,5.0
C00561,42,Male,Clothing,Sneakers,2031.44,1,No,Active,Net Banking,2025-12-01,Chennai,3.7
C01752,58,Female,Clothing,Jacket,977.37,2,No,Inactive,Debit Card,2024-08-09,Chennai,4.0
C01570,25,Male,Home & Kitchen,Cookware,13698.8,3,Yes,Active,UPI,2025-01-19,Chandigarh,4.0
C00390,28,Male,Home & Kitchen,Storage Box,9341.29,2,Yes,Inactive,Cash,2024-07-13,Jaipur,3.6
C00275,65,Female,Sports,Football,704.44,2,Yes,Inactive,Debit Card,2024-02-10,Mumbai,3.2
C00849,33,Female,Sports,Football,4461.1,3,Yes,Inactive,UPI,2025-07-24,Delhi,4.4
C00831,29,Female,Electronics,Smartphone,89018.87,1,No,Inactive,Credit Card,2025-02-22,Pune,3.4
C01943,53,Female,Books,Business,418.07,3,No,Active,Cash,2024-03-14,Chandigarh,4.1
C01535,30,Male,Beauty,Skin Serum,4691.5,3,No,Inactive,Credit Card,2025-02-10,Kolkata,3.8
C00408,43,Female,Books,Technology,1707.91,1,Yes,Inactive,UPI,2024-12-24,Pune,3.9
C00350,58,Male,Home & Kitchen,Coffee Maker,1457.18,1,Yes,Inactive,UPI,2025-06-13,Chandigarh,3.9
C00589,18,Female,Electronics,Headphones,71221.52,1,Yes,Active,UPI,2024-11-28,Pune,4.5
C00863,25,Male,Home & Kitchen,Lamp,5753.75,1,No,Inactive,UPI,2025-09-18,Jaipur,4.0
C00302,20,Female,Electronics,Headphones,55688.99,1,No,Inactive,Debit Card,2024-01-22,Bengaluru,4.7
C01073,47,Other,Electronics,Laptop,82070.03,2,Yes,Inactive,Debit Card,2025-07-19,Hyderabad,4.1
C00458,56,Male,Sports,Football,10434.83,1,Yes,Active,UPI,2025-10-27,Ahmedabad,3.5
C01088,58,Female,Beauty,Lipstick,456.7,3,Yes,Active,UPI,2024-06-10,Kolkata,3.8
C01184,44,Female,Clothing,Sneakers,2332.28,1,No,Inactive,UPI,2025-10-20,Delhi,3.8
C00135,33,Other,Clothing,Jacket,1961.12,1,Yes,Active,Net Banking,2024-07-23,Jaipur,3.1
C00984,19,Male,Electronics,Speaker,14302.92,3,No,Inactive,UPI,2025-12-11,Bengaluru,3.0
C01939,47,Other,Electronics,Speaker,55305.35,1,No,Active,UPI,2025-07-15,Hyderabad,3.1
C01297,44,Male,Books,Comics,1384.99,3,Yes,Active,Cash,2025-11-10,Jaipur,3.7
C00398,57,Male,Sports,Running Shoes,3348.76,3,No,Inactive,Debit Card,2025-07-30,Ahmedabad,4.1
C00010,37,Male,Beauty,Perfume,2983.67,2,No,Inactive,Debit Card,2024-11-10,Kolkata,3.6
C00583,62,Female,Sports,Dumbbells,2949.72,1,No,Inactive,Cash,2025-08-14,Jaipur,3.9
C01582,61,Male,Electronics,Smartphone,19995.53,3,Yes,Inactive,Credit Card,2025-12-21,Ahmedabad,4.6
C01251,49,Female,Clothing,Sneakers,753.49,1,No,Inactive,Net Banking,2025-03-06,Kolkata,4.1
C00829,32,Male,Electronics,Smartwatch,5533.83,2,Yes,Inactive,Cash,2024-06-05,Ahmedabad,3.5
C01511,50,Female,Clothing,Dress,2983.4,1,No,Inactive,Wallet,2025-06-21,Chennai,4.0
C00352,45,Male,Clothing,Sneakers,3438.6,1,Yes,Active,UPI,2024-05-06,Hyderabad,4.4
C01457,47,Other,Electronics,Speaker,73839.55,2,No,Inactive,Credit Card,2024-04-22,Hyderabad,3.7
C01793,48,Other,Beauty,Shampoo,283.96,2,No,Inactive,Debit Card,2024-04-10,Delhi,3.0
C00274,30,Female,Sports,Running Shoes,2643.76,2,No,Active,Debit Card,2025-03-16,Chandigarh,3.7
C01327,25,Male,Home & Kitchen,Coffee Maker,2673.55,3,No,Inactive,Debit Card,2024-03-12,Jaipur,3.0
C01340,41,Male,Sports,Running Shoes,7464.88,1,No,Active,Net Banking,2024-10-19,Delhi,4.3
C01655,46,Female,Sports,Football,8783.37,4,No,Active,Wallet,2024-08-08,Mumbai,4.3
C01736,42,Male,Clothing,Dress,3186.8,4,No,Inactive,Credit Card,2025-12-10,Chandigarh,3.3
C01759,21,Male,Sports,Dumbbells,565.66,3,Yes,Active,Debit Card,2024-07-28,Kolkata,4.1
C01843,32,Male,Electronics,Smartphone,41249.92,2,No,Active,Net Banking,2024-11-26,Bengaluru,3.9
C01359,61,Female,Sports,Football,2427.59,5,No,Active,Credit Card,2025-01-27,Mumbai,5.0
C00447,56,Male,Books,Business,558.05,3,Yes,Active,Cash,2024-12-29,Ahmedabad,3.5
C00146,49,Male,Electronics,Laptop,71465.81,2,Yes,Inactive,Debit Card,2024-02-23,Kolkata,4.1
C00657,32,Female,Electronics,Smartwatch,3879.97,1,No,Inactive,Debit Card,2024-11-09,Chandigarh,5.0
C00468,30,Female,Clothing,Sneakers,4382.96,2,No,Inactive,Credit Card,2025-03-10,Chennai,4.2
C01404,31,Female,Beauty,Shampoo,4665.42,2,No,Inactive,Debit Card,2024-02-14,Chandigarh,3.6
C01719,59,Male,Beauty,Skin Serum,1197.54,3,No,Inactive,UPI,2025-05-28,Chennai,3.8
C00272,24,Male,Sports,Football,11334.16,2,Yes,Inactive,UPI,2024-12-25,Pune,3.0
C01135,43,Female,Home & Kitchen,Storage Box,6851.05,2,No,Inactive,UPI,2025-02-01,Hyderabad,4.3
C01263,40,Female,Clothing,T-Shirt,1335.77,4,Yes,Inactive,Credit Card,2025-09-22,Bengaluru,5.0
C00858,24,Male,Sports,Cricket Bat,3413.22,1,No,Inactive,Debit Card,2024-08-12,Ahmedabad,4.0
C00440,63,Male,Clothing,Dress,3300.62,1,Yes,Inactive,Net Banking,2025-12-08,Mumbai,4.7
C00858,25,Female,Electronics,Smartwatch,2433.02,3,Yes,Inactive,Credit Card,2024-07-08,Chandigarh,4.3
C00714,63,Female,Electronics,Smartphone,36445.63,2,Yes,Active,Debit Card,2025-07-08,Pune,4.2
C01640,29,Male,Home & Kitchen,Coffee Maker,14998.39,5,No,Active,Credit Card,2024-06-02,Chennai,3.8
C01143,50,Male,Books,Business,1428.4,1,No,Inactive,Credit Card,2024-03-29,Mumbai,3.2
C00941,56,Other,Electronics,Speaker,50120.54,2,No,Active,Cash,2025-07-27,Delhi,3.9
C01526,46,Male,Electronics,Speaker,77335.77,1,No,Active,Debit Card,2024-10-15,Bengaluru,3.7
C00611,51,Male,Beauty,Shampoo,4362.91,1,No,Inactive,Cash,2025-06-25,Delhi,4.2
C00578,62,Female,Books,Comics,1829.87,1,No,Active,Wallet,2024-11-28,Mumbai,3.7
C01373,53,Female,Sports,Yoga Mat,1485.55,1,Yes,Active,Credit Card,2024-10-01,Ahmedabad,
C00381,20,Male,Home & Kitchen,Storage Box,4951.5,2,No,Active,Debit Card,2024-01-20,Chennai,4.0
C01190,37,Female,Electronics,Headphones,8702.96,4,No,Inactive,Cash,2025-09-27,Hyderabad,5.0
C01094,61,Female,Home & Kitchen,Lamp,5778.36,2,No,Inactive,Wallet,2024-07-24,Mumbai,4.3
C01254,48,Male,Beauty,Face Cream,1180.79,4,No,Active,Debit Card,2024-08-21,Bengaluru,4.3
C01083,19,Male,Electronics,Headphones,69780.59,1,No,Inactive,Credit Card,2025-08-04,Ahmedabad,4.6
C01947,55,Male,Books,Self-Help,1166.49,2,Yes,Active,Net Banking,2024-07-26,Kolkata,4.1
C00688,23,Male,Home & Kitchen,Storage Box,11468.31,1,No,Inactive,Credit Card,2025-03-16,Chandigarh,3.6
C01811,59,Male,Clothing,Jacket,2690.65,1,Yes,Active,Net Banking,2025-03-20,Hyderabad,4.1
C00201,61,Male,Home & Kitchen,Lamp,2958.47,3,Yes,Active,Net Banking,2025-12-27,Chennai,4.6
C01112,46,Female,Books,Technology,1331.36,2,No,Inactive,UPI,2024-04-06,Mumbai,4.0
C01988,18,Female,Beauty,Shampoo,4226.87,1,Yes,Active,UPI,2025-12-12,Kolkata,4.6
C00398,46,Other,Home & Kitchen,Lamp,13805.16,4,No,Inactive,UPI,2025-10-15,Hyderabad,3.5
C01178,22,Male,Home & Kitchen,Bedsheet,1167.54,3,Yes,Active,Debit Card,2024-03-01,Chennai,4.4
C00518,24,Male,Clothing,Sneakers,4674.21,1,Yes,Inactive,Wallet,2025-06-11,Delhi,3.4
C00214,51,Female,Books,Fiction,1702.42,2,No,Inactive,Credit Card,2024-06-01,Delhi,3.5
C01215,32,Female,Books,Technology,1402.34,2,Yes,Active,Credit Card,2025-11-14,Hyderabad,4.1
C00167,20,Female,Electronics,Headphones,76839.87,1,No,Active,Credit Card,2025-08-19,Kolkata,5.0
C00683,23,Female,Clothing,Jacket,986.47,3,No,Inactive,Debit Card,2024-07-13,Kolkata,4.3
C01468,38,Female,Books,Business,1295.63,1,No,Inactive,Debit Card,2025-09-01,Pune,3.5
C01673,34,Male,Clothing,T-Shirt,1004.12,1,No,Inactive,Debit Card,2025-04-02,Chennai,4.2
C00541,38,Female,Electronics,Laptop,1503.99,3,No,Active,Wallet,2025-05-07,Hyderabad,4.8
C01282,53,Male,Electronics,Laptop,83191.63,1,Yes,Inactive,Credit Card,2025-12-04,Pune,3.7
C00022,18,Female,Sports,Running Shoes,8711.68,1,No,Inactive,Debit Card,2025-11-16,Ahmedabad,3.0
C01573,60,Male,Clothing,Dress,3320.76,1,No,Inactive,Credit Card,2025-10-24,Bengaluru,3.1
C00128,63,Male,Sports,Football,4483.1,1,Yes,Active,UPI,2025-08-21,Delhi,4.6
C00871,27,Female,Electronics,Headphones,32304.43,4,No,Inactive,UPI,2024-12-18,Pune,3.0
C01105,41,Male,Clothing,T-Shirt,1427.6,1,No,Inactive,Net Banking,2025-03-06,Hyderabad,3.7
C01773,52,Female,Home & Kitchen,Lamp,14675.18,1,No,Inactive,Debit Card,2024-08-25,Mumbai,4.6
C00017,34,Male,Books,Fiction,1730.84,1,No,Active,UPI,2025-04-29,Chandigarh,4.1
C00797,54,Female,Clothing,Jeans,1411.64,3,Yes,Inactive,UPI,2024-06-27,Chennai,4.5
C00447,47,Female,Clothing,Dress,462.44,2,No,Inactive,Debit Card,2025-05-08,Kolkata,3.2
C01477,38,Female,Home & Kitchen,Storage Box,11300.61,5,No,Inactive,UPI,2025-10-08,Mumbai,4.2
C01870,20,Male,Beauty,Lipstick,981.33,1,Yes,Inactive,Credit Card,2025-12-17,Bengaluru,3.0
C00896,55,Other,Sports,Yoga Mat,8400.4,5,No,Active,Credit Card,2024-09-15,Jaipur,4.7
C01832,29,Male,Home & Kitchen,Storage Box,5681.42,3,No,Inactive,Credit Card,2024-09-27,Ahmedabad,3.3
C01890,64,Female,Clothing,Sneakers,1648.52,3,Yes,Inactive,Net Banking,2025-01-24,Chandigarh,5.0
C00212,36,Male,Clothing,T-Shirt,4658.62,1,Yes,Inactive,Debit Card,2025-03-22,Kolkata,4.0
C00110,48,Female,Beauty,Perfume,1575.05,3,No,Inactive,Debit Card,2024-05-22,Delhi,3.9
C01688,46,Male,Home & Kitchen,Lamp,8993.51,2,Yes,Inactive,Credit Card,2025-10-11,Mumbai,3.7
C00586,23,Male,Electronics,Headphones,61868.02,5,No,Active,Cash,2025-02-16,Chandigarh,2.6
C00921,51,Male,Home & Kitchen,Bedsheet,7281.91,2,Yes,Inactive,Debit Card,2024-08-01,Chandigarh,3.2
C00315,22,Female,Home & Kitchen,Storage Box,14519.47,1,Yes,Inactive,Net Banking,2024-04-21,Mumbai,3.7
C00023,46,Female,Beauty,Face Cream,2090.3,1,No,Active,Debit Card,2025-09-19,Kolkata,4.4
C00824,62,Female,Sports,Cricket Bat,7372.79,5,No,Inactive,Credit Card,2025-08-17,Kolkata,4.3
C00331,22,Female,Clothing,T-Shirt,3241.01,1,Yes,Active,UPI,2024-03-28,Jaipur,3.8
C00952,48,Female,Home & Kitchen,Cookware,7518.81,4,No,Active,UPI,2024-04-03,Bengaluru,3.5
C00185,33,Male,Clothing,T-Shirt,4172.49,3,No,Active,Debit Card,2025-12-22,Pune,3.1
C01278,45,Female,Electronics,Headphones,59089.48,1,No,Inactive,UPI,2024-08-15,Ahmedabad,3.0
C01626,48,Male,Electronics,Laptop,80930.8,1,No,Active,Credit Card,2024-10-05,Mumbai,4.7
C00877,62,Male,Sports,Football,8516.06,1,No,Inactive,Cash,2024-02-09,Pune,3.8
C00175,42,Female,Sports,Yoga Mat,1348.24,3,No,Active,Net Banking,2025-02-27,Jaipur,2.8
C00284,29,Male,Books,Technology,264.09,1,Yes,Inactive,Debit Card,2025-10-15,Kolkata,3.3
C01227,39,Male,Books,Technology,1036.19,3,Yes,Active,Debit Card,2025-11-07,Ahmedabad,4.5
C00080,53,Female,Sports,Football,5558.67,2,No,Inactive,Debit Card,2024-10-18,Pune,4.6
C00235,20,Male,Sports,Cricket Bat,8186.02,2,No,Inactive,Debit Card,2024-11-02,Jaipur,3.0
C00260,41,Male,Sports,Cricket Bat,6655.47,1,Yes,Active,Credit Card,2024-01-08,Delhi,2.9
C00214,28,Female,Clothing,Jeans,3882.12,1,No,Inactive,Cash,2025-08-14,Pune,4.3
C00905,23,Male,Electronics,Speaker,54351.62,2,No,Active,Debit Card,2024-10-01,Chennai,4.5
C00857,29,Other,Books,Comics,1042.96,5,No,Active,Credit Card,2025-12-20,Mumbai,3.7
C01617,21,Male,Books,Self-Help,1296.36,1,No,Active,Debit Card,2025-09-29,Mumbai,3.8
C00383,64,Male,Beauty,Face Cream,1412.83,1,No,Active,UPI,2024-12-09,Hyderabad,4.1
C00624,53,Male,Electronics,Headphones,12604.64,3,Yes,Inactive,Debit Card,2024-01-17,Mumbai,3.8
C00915,33,Female,Home & Kitchen,Storage Box,14124.55,1,No,Inactive,UPI,2025-04-29,Delhi,5.0
C00366,28,Female,Home & Kitchen,Coffee Maker,14048.46,2,No,Inactive,UPI,2025-09-27,Mumbai,3.9
C01257,31,Male,Beauty,Lipstick,698.54,1,No,Inactive,Credit Card,2025-10-29,Bengaluru,4.8
C00443,44,Female,Electronics,Smartwatch,56511.38,1,Yes,Inactive,Net Banking,2024-11-27,Delhi,5.0
C01097,45,Male,Electronics,Smartwatch,29783.53,2,No,Inactive,Cash,2024-02-08,Jaipur,2.8
C00958,46,Female,Sports,Cricket Bat,5156.95,5,Yes,Inactive,Cash,2024-05-08,Delhi,4.0
C01958,52,Female,Electronics,Speaker,5015.34,2,Yes,Active,Debit Card,2024-10-11,Chennai,3.5
C00068,33,Female,Home & Kitchen,Storage Box,14114.59,2,No,Active,Net Banking,2025-02-06,Chandigarh,4.3
C00915,39,Male,Home & Kitchen,Bedsheet,8780.89,2,No,Inactive,UPI,2024-03-04,Ahmedabad,4.6
C00135,21,Male,Clothing,Jacket,3600.28,2,No,Inactive,Credit Card,2025-04-24,Ahmedabad,4.0
C00418,33,Male,Electronics,Headphones,70721.09,2,No,Inactive,Debit Card,2024-09-15,Ahmedabad,2.9
C00685,34,Female,Electronics,Headphones,59809.61,1,No,Inactive,Credit Card,2025-09-18,Mumbai,3.6
C01556,37,Female,Books,Comics,1274.69,5,No,Inactive,Credit Card,2024-05-14,Chandigarh,3.9
C01959,55,Male,Sports,Cricket Bat,2970.65,4,Yes,Active,Debit Card,2025-08-11,Hyderabad,4.1
C01605,46,Male,Home & Kitchen,Lamp,3405.55,2,No,Inactive,Debit Card,2024-02-10,Delhi,3.2
C00604,50,Female,Electronics,Smartwatch,85240.81,2,No,Inactive,UPI,2025-09-12,Bengaluru,4.4
C00906,47,Male,Electronics,Headphones,21343.61,2,Yes,Inactive,Debit Card,2024-09-03,Bengaluru,3.1
C00724,24,Male,Electronics,Speaker,79973.65,2,Yes,Active,Cash,2025-10-09,Mumbai,2.8
C01752,64,Female,Beauty,Shampoo,2412.79,2,No,Inactive,Debit Card,2024-08-01,Delhi,3.8
C00973,25,Male,Clothing,Sneakers,3320.5,1,Yes,Inactive,Cash,2025-11-25,Kolkata,3.1
C00605,46,Female,Books,Fiction,975.55,4,No,Active,Debit Card,2025-08-25,Chandigarh,3.6
C00130,28,Female,Clothing,Jacket,3993.55,2,Yes,Inactive,Credit Card,2025-12-09,Chennai,3.4
C00980,24,Female,Beauty,Skin Serum,862.05,2,Yes,Inactive,Wallet,2024-01-31,Ahmedabad,5.0
C00712,34,Male,Electronics,Laptop,65230.23,2,Yes,Inactive,Net Banking,2024-12-20,Jaipur,2.3
C01554,47,Male,Home & Kitchen,Cookware,8427.23,4,Yes,Inactive,Wallet,2025-02-24,Bengaluru,3.7
C00014,22,Female,Electronics,Smartphone,79905.15,1,No,Inactive,Credit Card,2025-08-30,Hyderabad,5.0
C00736,34,Female,Beauty,Skin Serum,2105.24,2,No,Inactive,Debit Card,2024-03-10,Chennai,3.7
C01698,44,Male,Home & Kitchen,Cookware,9372.06,1,No,Active,UPI,2024-06-09,Ahmedabad,4.7
C01705,45,Female,Clothing,Sneakers,856.06,2,Yes,Inactive,UPI,2024-07-06,Chandigarh,4.6
C00554,48,Female,Books,Technology,903.46,4,No,Active,Debit Card,2024-04-01,Hyderabad,4.3
C01521,61,Female,Home & Kitchen,Lamp,6367.93,4,Yes,Inactive,UPI,2025-09-18,Jaipur,3.1
C00859,31,Female,Clothing,Jeans,4542.13,1,Yes,Active,Debit Card,2024-03-26,Bengaluru,3.3
C01658,21,Male,Books,Technology,464.39,1,No,Inactive,Debit Card,2024-10-26,Hyderabad,3.5
C00109,28,Female,Electronics,Smartphone,65396.26,3,No,Active,UPI,2025-10-03,Hyderabad,3.9
C01881,37,Male,Beauty,Shampoo,823.98,1,No,Inactive,Net Banking,2024-06-28,Bengaluru,3.5
C00588,65,Male,Clothing,Jacket,2341.66,3,No,Active,Net Banking,2025-08-04,Delhi,3.9
C00320,52,Male,Clothing,Jacket,2709.75,2,Yes,Active,Debit Card,2025-05-18,Bengaluru,3.5
C01475,34,Female,Clothing,Jacket,3162.41,1,No,Inactive,UPI,2024-12-02,Delhi,4.3
C00656,63,Male,Electronics,Laptop,80567.17,3,Yes,Inactive,Cash,2024-01-05,Chandigarh,3.8
C00337,46,Other,Beauty,Skin Serum,3517.79,1,No,Inactive,Credit Card,2024-07-03,Hyderabad,3.3
C00325,34,Male,Clothing,Sneakers,1284.62,1,Yes,Inactive,UPI,2025-10-13,Hyderabad,2.3
C01827,19,Female,Clothing,Jeans,368.56,3,No,Active,Net Banking,2024-12-10,Chandigarh,3.5
C01582,51,Male,Clothing,Dress,3533.02,1,No,Inactive,Debit Card,2024-03-25,Jaipur,5.0
C00563,47,Female,Books,Business,1748.16,2,Yes,Active,Cash,2025-06-15,Pune,3.7
C01377,34,Male,Home & Kitchen,Storage Box,10746.12,1,No,Active,Wallet,2025-10-14,Delhi,3.1
C01597,45,Male,Books,Self-Help,265.21,4,Yes,Inactive,UPI,2024-05-22,Hyderabad,4.0
C01626,45,Male,Beauty,Lipstick,2384.59,1,No,Inactive,Debit Card,2025-08-14,Delhi,3.3
C01456,31,Female,Clothing,Jacket,4245.73,3,Yes,Inactive,Cash,2025-04-21,Mumbai,3.6
C00666,64,Male,Home & Kitchen,Cookware,14902.29,1,No,Active,UPI,2025-10-26,Mumbai,4.5
C00893,18,Female,Books,Fiction,1561.37,4,Yes,Active,Debit Card,2024-05-30,Hyderabad,3.7
C00079,34,Female,Home & Kitchen,Bedsheet,3177.14,1,No,Inactive,Cash,2025-02-25,Jaipur,3.7
C01208,29,Male,Clothing,Jacket,1795.36,2,Yes,Active,Debit Card,2024-04-04,Bengaluru,3.2
C01758,42,Male,Books,Technology,685.21,4,Yes,Active,UPI,2024-05-28,Chandigarh,3.4
C00436,50,Male,Electronics,Speaker,24788.47,2,No,Inactive,Credit Card,2024-01-24,Mumbai,2.7
C00452,20,Female,Clothing,Jeans,4739.47,1,Yes,Inactive,Debit Card,2024-03-19,Kolkata,3.8
C00668,56,Female,Beauty,Shampoo,3920.59,2,Yes,Active,UPI,2024-04-19,Bengaluru,3.4
C01983,28,Female,Beauty,Skin Serum,4514.85,1,Yes,Inactive,Debit Card,2024-06-12,Pune,3.2
C00534,43,Female,Home & Kitchen,Bedsheet,10826.98,2,No,Active,Credit Card,2024-06-14,Kolkata,4.8
C00784,65,Male,Electronics,Speaker,73171.18,1,Yes,Active,UPI,2024-04-06,Chandigarh,3.7
C00491,53,Female,Home & Kitchen,Storage Box,13337.66,1,No,Active,Debit Card,2024-08-10,Chennai,3.9
C01108,27,Male,Home & Kitchen,Coffee Maker,4977.52,1,Yes,Inactive,UPI,2024-01-07,Pune,4.1
C00113,30,Male,Clothing,Jacket,1301.96,1,No,Inactive,Credit Card,2024-02-11,Jaipur,3.6
C00444,30,Female,Books,Technology,395.46,1,No,Inactive,Credit Card,2024-05-17,Chandigarh,4.9
C00584,21,Female,Books,Fiction,1037.25,1,Yes,Active,Credit Card,2025-01-24,Chandigarh,3.7
C01184,50,Male,Sports,Yoga Mat,3800.38,1,No,Inactive,Credit Card,2024-09-19,Ahmedabad,4.2
C01252,40,Female,Home & Kitchen,Coffee Maker,1755.16,1,No,Active,Credit Card,2024-07-02,Chennai,4.5
C00910,62,Male,Beauty,Skin Serum,2401.67,2,Yes,Inactive,Credit Card,2025-05-10,Mumbai,4.9
C00006,57,Female,Beauty,Lipstick,1601.49,2,Yes,Inactive,UPI,2025-08-03,Jaipur,2.2
C01763,29,Other,Sports,Dumbbells,4484.01,2,Yes,Active,Debit Card,2025-02-09,Delhi,4.1
C01962,18,Female,Home & Kitchen,Bedsheet,10874.53,1,Yes,Inactive,Debit Card,2025-12-04,Bengaluru,2.4
C01459,41,Male,Sports,Running Shoes,5130.67,2,Yes,Inactive,UPI,2024-11-21,Ahmedabad,3.3
C01969,59,Male,Electronics,Laptop,82922.53,1,Yes,Active,Cash,2024-07-10,Delhi,3.5
C00735,48,Female,Clothing,Dress,456.19,3,Yes,Active,UPI,2025-01-04,Jaipur,3.8
C01272,22,Male,Beauty,Lipstick,1058.39,2,No,Active,Credit Card,2025-10-15,Chandigarh,4.2
C01005,44,Male,Clothing,T-Shirt,1846.64,2,No,Inactive,UPI,2024-01-22,Bengaluru,4.2
C01250,65,Female,Clothing,T-Shirt,3271.44,1,Yes,Active,UPI,2025-08-24,Chennai,4.4
C00457,56,Female,Electronics,Smartphone,17609.87,1,Yes,Inactive,UPI,2024-03-16,Chandigarh,3.5
C00836,32,Female,Electronics,Headphones,58238.71,2,Yes,Active,Cash,2025-11-04,Kolkata,3.2
C00289,36,Female,Books,Self-Help,843.35,4,Yes,Inactive,Wallet,2024-09-03,Chandigarh,3.3
C01694,23,Male,Clothing,Sneakers,3534.67,2,Yes,Active,UPI,2024-05-11,Mumbai,4.1
C00123,59,Male,Clothing,Dress,1029.08,2,No,Inactive,Credit Card,2024-03-17,Kolkata,4.3
C01839,64,Male,Electronics,Smartphone,2644.03,3,No,Inactive,Debit Card,2024-06-14,Ahmedabad,4.9
C00546,64,Male,Home & Kitchen,Lamp,14793.74,1,No,Inactive,Credit Card,2025-05-01,Chandigarh,3.8
C00483,26,Male,Clothing,Sneakers,1839.51,4,No,Active,UPI,2024-04-20,Kolkata,4.5
C01187,18,Female,Home & Kitchen,Cookware,4201.31,1,No,Inactive,Debit Card,2025-06-12,Bengaluru,4.8
C00485,54,Female,Sports,Running Shoes,11206.16,2,No,Inactive,Credit Card,2024-12-22,Kolkata,3.1
C00644,27,Female,Clothing,T-Shirt,3308.63,3,No,Active,Credit Card,2024-08-30,Mumbai,3.8
C01687,48,Female,Sports,Running Shoes,11353.48,3,No,Inactive,UPI,2025-07-02,Jaipur,4.6
C00727,26,Female,Beauty,Lipstick,4370.0,3,No,Active,Cash,2024-05-08,Mumbai,4.7
C01674,24,Male,Sports,Dumbbells,5264.71,1,No,Inactive,Net Banking,2025-06-16,Pune,
C00494,32,Female,Home & Kitchen,Lamp,12248.95,1,No,Active,Debit Card,2025-10-26,Chennai,3.9
C01800,42,Female,Beauty,Shampoo,3077.95,3,No,Inactive,Credit Card,2024-06-17,Jaipur,3.7
C00467,42,Female,Home & Kitchen,Coffee Maker,14856.95,1,Yes,Inactive,Debit Card,2025-05-22,Chandigarh,5.0
C00089,58,Male,Home & Kitchen,Coffee Maker,5402.22,3,No,Inactive,Cash,2025-02-01,Chandigarh,3.9
C01645,51,Female,Clothing,T-Shirt,3023.98,3,No,Active,Net Banking,2025-08-08,Jaipur,4.3
C01108,20,Female,Books,Self-Help,1917.61,3,No,Inactive,Credit Card,2024-01-05,Bengaluru,4.2
C00899,53,Female,Home & Kitchen,Coffee Maker,12848.52,2,No,Active,Net Banking,2025-04-08,Chandigarh,3.3
C01879,24,Male,Home & Kitchen,Coffee Maker,8961.29,3,No,Active,Credit Card,2025-02-15,Bengaluru,3.7
C00171,21,Male,Electronics,Smartphone,1159.32,3,Yes,Active,Debit Card,2024-05-24,Jaipur,5.0
C01703,24,Male,Beauty,Lipstick,2645.8,1,No,Active,Debit Card,2025-11-26,Bengaluru,4.1
C01545,38,Female,Clothing,Sneakers,1041.3,5,No,Inactive,Wallet,2025-11-04,Kolkata,4.3
C01320,32,Male,Beauty,Perfume,1930.87,1,Yes,Inactive,Debit Card,2025-02-14,Delhi,3.2
C00794,59,Male,Sports,Running Shoes,837.13,3,No,Active,Debit Card,2024-02-06,Hyderabad,4.7
C00751,25,Male,Books,Business,1494.08,1,No,Active,Debit Card,2025-09-26,Pune,3.1
C00191,31,Male,Books,Fiction,1474.11,2,No,Inactive,Net Banking,2024-04-13,Chennai,4.5
C01317,40,Male,Books,Technology,1752.83,1,Yes,Active,Credit Card,2025-10-19,Bengaluru,3.3
C00093,57,Male,Electronics,Laptop,75232.99,1,Yes,Active,Cash,2024-08-28,Hyderabad,3.8
C01189,38,Female,Clothing,Jeans,2532.92,1,Yes,Inactive,Debit Card,2025-04-02,Kolkata,4.0
C00206,19,Female,Books,Fiction,1498.85,2,No,Active,Cash,2025-12-25,Hyderabad,2.8
C01586,38,Female,Clothing,T-Shirt,3702.34,2,No,Inactive,UPI,2025-03-12,Kolkata,4.2
C01253,65,Female,Electronics,Speaker,43641.29,1,No,Inactive,Debit Card,2025-07-09,Bengaluru,4.2
C01327,60,Male,Sports,Football,4176.64,3,No,Inactive,UPI,2025-08-02,Bengaluru,3.9
C01903,36,Female,Sports,Football,6178.32,1,No,Inactive,Cash,2024-04-13,Chandigarh,4.3
C01622,36,Male,Clothing,Jeans,3014.67,1,No,Inactive,Debit Card,2024-01-23,Hyderabad,3.1
C00848,55,Female,Home & Kitchen,Storage Box,11836.38,1,No,Inactive,Net Banking,2025-10-19,Hyderabad,4.0
C00630,43,Female,Electronics,Headphones,30280.76,5,No,Inactive,Credit Card,2024-10-31,Hyderabad,4.0
C01758,25,Male,Sports,Cricket Bat,6603.08,3,Yes,Inactive,Debit Card,2024-10-06,Jaipur,3.1
C00289,18,Female,Clothing,Sneakers,3041.46,1,Yes,Active,UPI,2024-12-01,Kolkata,4.0
C01099,49,Female,Home & Kitchen,Lamp,4613.71,2,No,Inactive,Net Banking,2025-08-24,Kolkata,4.1
C01223,65,Other,Home & Kitchen,Bedsheet,5901.65,3,No,Active,Credit Card,2025-03-12,Mumbai,4.8
C00860,24,Male,Electronics,Smartwatch,86915.64,1,Yes,Inactive,Debit Card,2025-10-24,Bengaluru,4.4
C01202,65,Female,Clothing,Dress,3360.25,2,No,Active,Debit Card,2025-01-30,Mumbai,3.6
C00925,37,Female,Clothing,Sneakers,3147.43,4,Yes,Active,Cash,2025-09-25,Bengaluru,4.1
C00101,39,Other,Home & Kitchen,Lamp,6918.81,3,Yes,Active,UPI,2025-12-30,Chandigarh,3.2
C01715,58,Male,Electronics,Headphones,69357.87,1,No,Active,Cash,2024-01-15,Ahmedabad,3.5
C01514,43,Female,Clothing,Dress,3464.2,1,No,Active,Credit Card,2024-12-18,Chandigarh,3.6
C01628,37,Male,Books,Fiction,1482.61,3,Yes,Inactive,Wallet,2025-09-19,Delhi,4.9
C00552,36,Female,Clothing,T-Shirt,3517.21,1,No,Inactive,UPI,2024-07-03,Jaipur,3.1
C01598,41,Male,Electronics,Laptop,84264.28,1,Yes,Active,Credit Card,2025-01-14,Delhi,3.8
C01017,50,Female,Books,Technology,405.94,2,No,Inactive,Wallet,2024-05-12,Kolkata,3.9
C01941,43,Male,Clothing,Dress,330.91,1,No,Inactive,UPI,2024-04-19,Chennai,3.6
C01255,31,Female,Electronics,Laptop,76009.51,1,Yes,Inactive,UPI,2025-07-02,Hyderabad,2.4
C01357,60,Male,Electronics,Smartwatch,24110.23,2,No,Active,Credit Card,2025-03-15,Kolkata,5.0
C00378,40,Male,Books,Fiction,829.99,1,No,Inactive,Credit Card,2024-12-13,Jaipur,2.7
C01523,18,Female,Sports,Football,7351.43,1,Yes,Inactive,UPI,2024-06-05,Jaipur,3.8
C00495,62,Male,Books,Comics,1713.77,2,Yes,Inactive,Wallet,2024-01-08,Chennai,3.5
C00486,34,Female,Home & Kitchen,Lamp,14339.56,1,No,Inactive,UPI,2024-12-17,Mumbai,
C00798,27,Male,Electronics,Speaker,69856.16,1,Yes,Active,Debit Card,2025-08-28,Kolkata,4.0
C00128,19,Female,Clothing,Dress,1707.68,3,No,Active,Cash,2025-10-23,Delhi,4.5
C01080,58,Male,Beauty,Face Cream,2308.63,1,Yes,Active,Cash,2025-11-18,Mumbai,5.0
C00134,45,Male,Electronics,Speaker,15319.68,2,No,Inactive,UPI,2025-08-19,Mumbai,3.3
C00457,25,Male,Sports,Running Shoes,5059.04,3,No,Inactive,UPI,2024-03-21,Chennai,4.1
C01867,47,Male,Sports,Dumbbells,550.41,2,Yes,Active,Wallet,2025-07-05,Bengaluru,4.1
C00787,30,Female,Beauty,Shampoo,1178.59,1,No,Active,UPI,2024-12-11,Bengaluru,3.8
C01684,54,Female,Electronics,Headphones,37742.6,2,No,Inactive,UPI,2024-02-03,Bengaluru,4.1
C01241,49,Male,Home & Kitchen,Lamp,13833.55,1,No,Inactive,UPI,2025-10-19,Pune,4.7
C01074,19,Other,Electronics,Laptop,24947.79,2,No,Inactive,Wallet,2025-03-09,Mumbai,3.9
C00754,35,Male,Electronics,Smartwatch,22803.62,3,No,Active,Debit Card,2024-12-28,Ahmedabad,4.4
C01302,41,Male,Electronics,Speaker,31228.95,1,Yes,Active,Cash,2025-01-09,Bengaluru,3.7
C00051,61,Female,Sports,Football,2507.01,1,Yes,Active,Net Banking,2025-10-12,Kolkata,4.0
C01316,31,Male,Electronics,Smartphone,7047.5,5,Yes,Active,UPI,2025-12-14,Hyderabad,4.4
C00276,62,Female,Beauty,Face Cream,4557.65,1,Yes,Active,Credit Card,2024-09-14,Jaipur,3.4
C00884,34,Male,Electronics,Laptop,30458.74,2,No,Inactive,Net Banking,2024-01-10,Hyderabad,4.3
C01099,38,Male,Home & Kitchen,Bedsheet,2272.03,1,Yes,Inactive,Credit Card,2024-12-29,Hyderabad,4.4
C01885,19,Female,Clothing,Jeans,4238.37,4,No,Inactive,Debit Card,2025-04-11,Pune,5.0
C00198,45,Male,Beauty,Lipstick,2728.37,4,No,Active,Debit Card,2024-03-08,Mumbai,4.8
C00061,28,Male,Home & Kitchen,Storage Box,7609.26,3,No,Inactive,Wallet,2025-09-02,Jaipur,4.2
C01257,43,Male,Electronics,Smartwatch,44947.96,1,No,Active,Net Banking,2024-01-22,Ahmedabad,5.0
C00346,27,Male,Clothing,Jeans,4854.02,3,Yes,Inactive,Debit Card,2025-02-11,Kolkata,3.1
C00101,50,Female,Clothing,Sneakers,1001.36,2,No,Inactive,Net Banking,2025-02-24,Hyderabad,3.9
C01415,44,Female,Electronics,Speaker,14734.72,3,Yes,Inactive,UPI,2024-08-02,Chennai,4.6
C00674,22,Male,Home & Kitchen,Cookware,3324.84,2,No,Inactive,UPI,2024-03-19,Kolkata,3.4
C00625,26,Male,Books,Technology,868.13,1,No,Inactive,UPI,2025-07-20,Pune,4.3
C00314,55,Female,Sports,Yoga Mat,5292.03,3,No,Active,Credit Card,2024-06-26,Kolkata,5.0
C01922,55,Female,Home & Kitchen,Lamp,12568.98,1,No,Active,Cash,2025-07-05,Delhi,4.1
C00598,64,Male,Electronics,Headphones,71858.35,1,Yes,Inactive,Credit Card,2025-12-17,Pune,5.0
C00871,51,Female,Books,Technology,1314.55,1,No,Inactive,Debit Card,2024-09-17,Jaipur,3.2
C01620,30,Other,Clothing,Jacket,1964.8,2,Yes,Inactive,Net Banking,2025-11-13,Mumbai,4.9
C00797,25,Other,Electronics,Smartwatch,39629.97,4,No,Inactive,UPI,2024-07-02,Pune,3.3
C01141,32,Male,Beauty,Lipstick,4581.83,4,No,Active,Credit Card,2025-10-06,Mumbai,4.9
C00533,60,Male,Clothing,Dress,4786.28,2,No,Inactive,Credit Card,2025-08-21,Kolkata,3.6
C00613,53,Female,Electronics,Smartphone,31606.62,1,No,Inactive,Credit Card,2024-11-10,Chandigarh,3.4
C00303,38,Male,Electronics,Speaker,49805.36,2,No,Active,UPI,2024-11-01,Bengaluru,2.7
C01773,64,Male,Sports,Running Shoes,8732.35,5,No,Active,UPI,2024-03-29,Bengaluru,4.8
C00439,37,Other,Sports,Cricket Bat,11232.83,1,Yes,Inactive,Credit Card,2024-04-22,Mumbai,3.6
C01959,30,Male,Beauty,Skin Serum,3231.29,1,Yes,Active,Credit Card,2024-04-13,Jaipur,4.0
C01717,46,Female,Electronics,Headphones,56962.05,1,No,Active,Net Banking,2025-08-29,Chennai,3.8
C00029,42,Male,Clothing,Sneakers,2242.81,1,Yes,Inactive,UPI,2025-12-07,Mumbai,3.7
C00720,43,Other,Books,Fiction,911.85,4,No,Active,Credit Card,2025-12-19,Ahmedabad,
C01037,57,Female,Clothing,Jacket,704.41,1,No,Inactive,Net Banking,2024-09-15,Chennai,3.0
C00289,31,Other,Electronics,Headphones,56111.18,1,Yes,Inactive,UPI,2025-05-04,Kolkata,4.6
C00771,31,Female,Home & Kitchen,Bedsheet,10388.3,2,Yes,Inactive,Net Banking,2024-02-05,Ahmedabad,2.7
C00981,32,Male,Sports,Yoga Mat,631.93,2,No,Active,Credit Card,2024-03-05,Mumbai,4.8
C01624,38,Female,Home & Kitchen,Coffee Maker,13638.96,2,No,Active,Wallet,2024-01-21,Bengaluru,3.1
C00504,33,Male,Clothing,Sneakers,3547.32,3,Yes,Inactive,Net Banking,2024-04-03,Hyderabad,4.7
C00273,45,Other,Electronics,Smartwatch,52780.31,1,No,Inactive,Net Banking,2024-08-21,Delhi,4.5
C01763,62,Female,Electronics,Speaker,6868.93,2,No,Inactive,UPI,2024-05-25,Pune,2.8
C01033,63,Female,Books,Comics,566.43,3,No,Active,UPI,2024-03-20,Kolkata,3.2
C01625,57,Male,Sports,Football,4146.88,4,Yes,Inactive,Wallet,2025-03-07,Hyderabad,5.0
C00834,39,Female,Sports,Yoga Mat,1649.55,1,Yes,Inactive,Debit Card,2024-12-18,Mumbai,3.6
C00724,59,Female,Beauty,Lipstick,3160.06,4,No,Inactive,Cash,2025-06-24,Delhi,5.0
C00963,49,Female,Clothing,Sneakers,3702.09,3,No,Inactive,Debit Card,2025-03-18,Pune,3.3
C00919,33,Female,Home & Kitchen,Bedsheet,10824.06,2,No,Active,Cash,2025-07-30,Jaipur,4.3
C01914,34,Female,Electronics,Headphones,50704.8,3,Yes,Inactive,Net Banking,2025-03-01,Chandigarh,4.6
C01210,57,Male,Books,Business,1017.45,2,No,Inactive,Wallet,2025-03-19,Mumbai,3.9
C01877,55,Female,Clothing,Sneakers,1651.55,1,No,Active,Net Banking,2024-03-14,Kolkata,3.0
C00405,31,Female,Electronics,Smartphone,28525.19,4,Yes,Active,Net Banking,2025-04-24,Ahmedabad,4.2
C00634,34,Female,Sports,Football,9716.93,4,No,Inactive,UPI,2024-12-09,Pune,3.8
C00328,52,Male,Home & Kitchen,Cookware,2942.46,4,No,Active,Net Banking,2025-06-11,Chandigarh,4.0
C01995,50,Female,Electronics,Headphones,51327.1,1,No,Active,Wallet,2025-01-12,Bengaluru,4.3
C01525,20,Other,Beauty,Perfume,4380.04,2,No,Inactive,Cash,2024-01-09,Chandigarh,3.9
C00188,24,Female,Electronics,Headphones,32696.51,5,No,Active,Credit Card,2025-09-13,Ahmedabad,3.5
C01022,29,Male,Beauty,Skin Serum,1370.79,2,No,Inactive,UPI,2024-12-30,Delhi,4.6
C01328,61,Female,Clothing,Dress,3333.03,2,Yes,Inactive,Debit Card,2024-11-19,Delhi,4.6
C00700,26,Female,Clothing,T-Shirt,1440.69,2,Yes,Inactive,Debit Card,2025-02-22,Mumbai,3.2
C01517,43,Male,Books,Fiction,1785.43,1,No,Inactive,Debit Card,2025-03-24,Bengaluru,3.2
C01378,52,Male,Home & Kitchen,Lamp,14567.37,1,No,Inactive,Debit Card,2024-05-18,Kolkata,3.5
C00096,29,Female,Books,Fiction,1390.11,3,No,Inactive,Credit Card,2025-05-28,Mumbai,4.5
C01978,41,Male,Clothing,Sneakers,2257.87,4,No,Inactive,Wallet,2024-03-04,Pune,4.2
C01305,38,Female,Electronics,Smartwatch,19778.26,2,No,Active,UPI,2024-04-08,Delhi,4.0
C01228,20,Male,Electronics,Smartwatch,64708.71,1,No,Inactive,Debit Card,2025-04-22,Ahmedabad,4.2
C01037,58,Female,Clothing,Jacket,3437.92,4,Yes,Inactive,Net Banking,2025-03-19,Hyderabad,3.4
C01196,27,Male,Electronics,Headphones,31549.33,1,Yes,Inactive,Debit Card,2025-02-20,Ahmedabad,3.7
C00872,46,Female,Books,Business,1309.95,3,No,Active,Net Banking,2025-03-10,Hyderabad,4.6
C00082,57,Male,Clothing,Dress,3986.59,4,Yes,Inactive,Wallet,2024-08-06,Hyderabad,3.6
C01536,57,Female,Beauty,Shampoo,3742.89,1,No,Active,Credit Card,2025-04-27,Hyderabad,5.0
C01545,50,Female,Clothing,T-Shirt,308.67,3,No,Inactive,Credit Card,2025-07-26,Bengaluru,
C00285,59,Male,Electronics,Speaker,28044.69,2,No,Active,Cash,2024-05-31,Jaipur,4.2
C00932,38,Male,Home & Kitchen,Storage Box,7918.98,4,Yes,Active,Cash,2025-11-16,Bengaluru,3.7
C00982,65,Male,Sports,Cricket Bat,10263.05,3,No,Inactive,Debit Card,2025-07-18,Delhi,4.8
C00485,39,Female,Electronics,Laptop,69223.97,2,No,Inactive,UPI,2025-05-22,Bengaluru,5.0
C01629,36,Other,Home & Kitchen,Bedsheet,13498.18,1,No,Active,UPI,2024-02-13,Pune,4.8
C00828,23,Male,Sports,Yoga Mat,10849.93,2,No,Active,Cash,2025-05-30,Bengaluru,4.5
C00015,35,Female,Clothing,Sneakers,2633.73,1,No,Active,Net Banking,2024-07-07,Bengaluru,3.4
C01600,37,Female,Home & Kitchen,Lamp,13031.96,1,Yes,Active,UPI,2024-01-08,Pune,4.7
C01141,40,Female,Beauty,Lipstick,1128.12,2,No,Inactive,UPI,2024-09-13,Bengaluru,4.3
C01032,22,Male,Beauty,Lipstick,1910.37,4,No,Inactive,Debit Card,2024-12-28,Mumbai,4.8
C00840,40,Male,Beauty,Skin Serum,879.76,2,Yes,Active,Net Banking,2024-01-17,Chandigarh,4.4
C00942,60,Female,Clothing,T-Shirt,3849.66,1,No,Active,Credit Card,2025-04-20,Jaipur,4.8
C00007,42,Female,Books,Business,1438.61,1,Yes,Inactive,UPI,2024-07-29,Chandigarh,5.0
C01140,36,Female,Beauty,Shampoo,2897.91,3,No,Inactive,UPI,2025-05-24,Ahmedabad,3.7
C00853,37,Female,Clothing,Dress,4284.23,1,No,Inactive,Debit Card,2025-09-08,Bengaluru,4.2
C01399,34,Male,Clothing,Sneakers,1334.93,1,No,Active,Cash,2024-11-28,Mumbai,4.2
C00161,61,Male,Clothing,Jacket,1551.59,4,No,Active,Net Banking,2024-01-22,Ahmedabad,4.4
C00356,32,Male,Home & Kitchen,Lamp,13864.72,1,No,Active,Debit Card,2025-03-20,Hyderabad,5.0
C00435,56,Male,Clothing,Sneakers,1595.34,4,Yes,Inactive,Debit Card,2025-01-22,Hyderabad,3.0
C00299,60,Male,Sports,Cricket Bat,9123.3,3,No,Inactive,Debit Card,2024-02-02,Delhi,4.2
C01328,29,Male,Books,Business,1830.76,1,Yes,Inactive,Net Banking,2024-01-11,Ahmedabad,4.0
C01594,23,Female,Home & Kitchen,Bedsheet,6958.08,2,No,Inactive,Wallet,2024-12-17,Hyderabad,5.0
C01936,26,Male,Beauty,Face Cream,655.85,3,Yes,Inactive,Credit Card,2024-04-05,Ahmedabad,4.4
C01355,49,Male,Clothing,Jeans,3435.8,1,No,Inactive,Debit Card,2024-07-19,Mumbai,4.7
C01459,46,Male,Beauty,Skin Serum,2006.91,2,No,Active,UPI,2024-06-24,Hyderabad,4.0
C00827,54,Female,Sports,Dumbbells,5138.14,1,No,Active,Wallet,2024-02-02,Pune,4.6
C01234,40,Male,Books,Self-Help,242.66,1,No,Active,UPI,2024-02-06,Pune,4.2
C00805,44,Male,Sports,Cricket Bat,10814.71,5,Yes,Active,Cash,2025-10-25,Ahmedabad,3.3
C01757,47,Male,Clothing,T-Shirt,3150.41,4,No,Inactive,Cash,2024-06-30,Jaipur,4.2
C01108,47,Female,Sports,Cricket Bat,11100.12,1,No,Inactive,Credit Card,2025-02-25,Chennai,4.6
C01551,42,Male,Clothing,Dress,3953.6,1,No,Active,Debit Card,2024-03-04,Ahmedabad,4.3
C01846,44,Female,Electronics,Smartphone,43490.71,4,Yes,Inactive,UPI,2025-12-14,Pune,3.3
C00918,26,Female,Clothing,Sneakers,4307.83,1,No,Active,Credit Card,2025-01-17,Bengaluru,4.6
C00619,50,Female,Beauty,Shampoo,534.88,3,Yes,Inactive,Credit Card,2024-09-06,Chennai,4.8
C00277,46,Female,Clothing,T-Shirt,2024.2,5,No,Inactive,UPI,2024-09-26,Hyderabad,2.2
C01219,28,Male,Home & Kitchen,Coffee Maker,676.77,1,Yes,Inactive,Debit Card,2025-01-02,Bengaluru,3.3
C00826,39,Female,Home & Kitchen,Lamp,7372.85,1,Yes,Active,UPI,2025-12-11,Delhi,4.4
C00570,47,Female,Home & Kitchen,Storage Box,3598.1,2,No,Active,UPI,2025-03-11,Delhi,3.8
C00490,39,Other,Clothing,Jeans,2921.61,2,No,Inactive,UPI,2025-05-08,Pune,4.1
C00894,44,Other,Books,Fiction,1538.64,1,Yes,Inactive,Credit Card,2024-10-07,Jaipur,4.2
C00573,65,Other,Home & Kitchen,Coffee Maker,14441.63,4,Yes,Inactive,Credit Card,2024-03-16,Pune,4.2
C00634,62,Male,Sports,Cricket Bat,5538.68,2,No,Inactive,Wallet,2024-07-17,Ahmedabad,3.3
C01195,29,Male,Clothing,T-Shirt,3497.86,2,No,Active,Debit Card,2024-11-08,Ahmedabad,3.8
C01758,63,Male,Home & Kitchen,Storage Box,2647.03,5,Yes,Inactive,Wallet,2025-11-11,Mumbai,3.9
C00154,55,Male,Electronics,Smartphone,6522.31,1,No,Inactive,Net Banking,2025-02-24,Chandigarh,3.1
C01580,22,Female,Home & Kitchen,Cookware,3766.46,1,No,Inactive,Wallet,2024-04-30,Mumbai,3.7
C00761,54,Male,Books,Business,1021.39,3,No,Active,Credit Card,2025-08-06,Chandigarh,5.0
C00471,40,Male,Electronics,Laptop,27406.38,1,No,Inactive,UPI,2024-11-16,Hyderabad,2.6
C01401,45,Male,Clothing,Dress,4976.47,2,No,Inactive,Wallet,2024-03-04,Chandigarh,3.7
C00306,20,Male,Sports,Dumbbells,1603.78,1,Yes,Inactive,Credit Card,2024-02-13,Mumbai,5.0
C01381,34,Female,Electronics,Headphones,15102.3,3,Yes,Active,Wallet,2025-07-24,Mumbai,2.7
C00425,62,Male,Clothing,Jacket,2986.82,5,Yes,Active,UPI,2025-03-09,Chennai,4.6
C01295,33,Male,Clothing,Jeans,1966.63,5,No,Active,Cash,2024-11-08,Chandigarh,4.2
C01015,42,Female,Beauty,Shampoo,3974.96,1,Yes,Inactive,Debit Card,2025-02-06,Delhi,3.7
C00039,50,Female,Electronics,Headphones,67733.98,3,No,Inactive,Credit Card,2024-04-18,Pune,4.8
C01117,18,Female,Electronics,Laptop,33033.46,3,No,Active,UPI,2025-10-14,Bengaluru,3.9
C01348,37,Male,Beauty,Face Cream,2183.55,2,No,Active,UPI,2024-05-02,Hyderabad,4.1
C01542,22,Female,Home & Kitchen,Cookware,13827.0,1,No,Inactive,UPI,2025-08-19,Chandigarh,4.8
C00988,21,Female,Electronics,Smartwatch,75367.27,4,Yes,Active,UPI,2025-02-14,Kolkata,4.0
C01253,52,Female,Sports,Yoga Mat,4049.04,1,No,Active,Debit Card,2024-07-31,Chennai,5.0
C01852,55,Male,Sports,Football,578.29,2,No,Active,UPI,2025-10-05,Mumbai,5.0
C00563,52,Female,Beauty,Perfume,1527.41,3,No,Inactive,UPI,2024-01-24,Mumbai,2.2
C01728,18,Male,Beauty,Face Cream,2644.99,3,No,Inactive,Credit Card,2025-06-24,Chandigarh,4.7
C01009,21,Female,Beauty,Skin Serum,1606.38,1,No,Active,Wallet,2024-10-14,Bengaluru,4.3
C01514,24,Female,Beauty,Perfume,1463.54,2,No,Active,Debit Card,2025-01-27,Jaipur,4.6
C01630,46,Female,Sports,Football,9713.85,3,No,Active,Cash,2025-07-20,Jaipur,3.8
C01924,18,Female,Electronics,Smartwatch,7648.07,2,No,Inactive,Credit Card,2024-03-04,Pune,3.9
C01600,21,Female,Sports,Running Shoes,10660.74,1,No,Inactive,UPI,2024-08-10,Kolkata,4.5
C00429,49,Female,Sports,Football,3321.4,2,Yes,Inactive,UPI,2025-11-15,Mumbai,3.2
C00210,58,Male,Electronics,Smartwatch,84878.25,1,Yes,Inactive,UPI,2024-04-26,Pune,3.6
C01192,45,Female,Clothing,Sneakers,3048.95,1,No,Inactive,Net Banking,2025-04-03,Chennai,4.1
C00383,43,Female,Clothing,Jacket,3116.74,1,Yes,Inactive,Wallet,2024-02-02,Kolkata,
C01700,64,Male,Clothing,Sneakers,4661.7,4,No,Inactive,Credit Card,2024-05-22,Chennai,3.3
C00226,42,Male,Books,Business,1524.53,1,Yes,Active,Credit Card,2024-10-14,Delhi,5.0
C01592,20,Male,Books,Fiction,1197.79,1,No,Inactive,Debit Card,2025-06-27,Jaipur,4.1
C00104,22,Male,Clothing,Jeans,2127.47,1,No,Active,Cash,2024-08-04,Bengaluru,5.0
C00885,26,Male,Electronics,Speaker,56137.69,1,No,Inactive,UPI,2024-06-13,Chennai,3.8
C00211,34,Male,Home & Kitchen,Coffee Maker,6958.7,2,No,Active,Credit Card,2024-01-15,Mumbai,4.0
C00467,31,Female,Electronics,Headphones,15808.55,1,Yes,Active,UPI,2024-06-24,Pune,3.6
C01516,25,Male,Clothing,Jeans,741.87,3,Yes,Inactive,UPI,2025-09-21,Ahmedabad,3.8
C01952,38,Female,Clothing,Jacket,831.31,2,No,Inactive,Cash,2024-02-10,Mumbai,3.4
C01598,49,Female,Clothing,Dress,903.55,5,No,Inactive,Net Banking,2025-02-15,Jaipur,4.1
C00255,56,Female,Clothing,Jacket,4266.62,1,No,Active,Net Banking,2025-10-26,Delhi,3.5
C01524,41,Female,Books,Comics,913.44,3,No,Inactive,Net Banking,2024-12-04,Bengaluru,3.7
C00905,28,Male,Beauty,Perfume,1770.64,3,No,Inactive,Wallet,2024-03-28,Chennai,4.0
C00372,61,Female,Home & Kitchen,Coffee Maker,1480.07,4,No,Inactive,Credit Card,2024-04-30,Pune,2.8
C00762,44,Female,Books,Technology,1417.25,4,Yes,Inactive,Debit Card,2025-06-07,Ahmedabad,2.8
C00517,61,Male,Electronics,Speaker,51089.56,4,No,Inactive,Credit Card,2024-03-15,Kolkata,3.6
C01105,35,Female,Sports,Dumbbells,9288.82,2,No,Inactive,Credit Card,2025-06-18,Chennai,4.5
C00162,54,Male,Home & Kitchen,Storage Box,1796.3,3,Yes,Active,UPI,2025-05-04,Jaipur,5.0
C01524,65,Male,Clothing,Sneakers,3155.52,1,No,Active,Cash,2024-10-06,Bengaluru,3.6
C01192,27,Male,Home & Kitchen,Bedsheet,6701.86,2,Yes,Active,Net Banking,2024-10-22,Bengaluru,3.8
C00890,36,Male,Clothing,Jacket,348.13,1,No,Inactive,Debit Card,2025-04-07,Kolkata,4.8
C00071,37,Female,Books,Business,814.86,2,No,Inactive,UPI,2025-08-19,Delhi,3.7
C00163,64,Female,Beauty,Face Cream,4698.26,1,Yes,Active,Credit Card,2024-11-25,Delhi,4.3
C01807,22,Male,Electronics,Speaker,18799.92,1,No,Active,Credit Card,2025-11-24,Chandigarh,4.3
C00277,29,Male,Clothing,Sneakers,4931.78,1,No,Inactive,Credit Card,2024-05-06,Pune,4.4
C01910,30,Female,Clothing,Sneakers,2108.42,2,No,Active,Wallet,2024-05-31,Chennai,3.0
C00192,38,Female,Clothing,Jacket,341.7,2,No,Active,Cash,2025-02-10,Kolkata,3.0
C01971,51,Female,Sports,Running Shoes,10237.15,2,No,Active,UPI,2024-08-25,Kolkata,3.6
C01793,51,Female,Beauty,Perfume,1993.65,1,No,Inactive,Debit Card,2025-04-20,Jaipur,3.7
C00918,34,Male,Clothing,Jacket,3255.68,2,Yes,Active,Net Banking,2024-09-14,Ahmedabad,3.7
C00719,30,Male,Clothing,Dress,3234.09,2,Yes,Active,UPI,2025-12-06,Chandigarh,4.2
C00864,26,Male,Sports,Football,11036.02,2,Yes,Inactive,UPI,2025-06-18,Delhi,4.0
C01344,58,Female,Sports,Cricket Bat,9934.17,1,Yes,Inactive,Credit Card,2024-01-18,Chandigarh,3.4
C00268,44,Male,Clothing,T-Shirt,1516.17,1,No,Inactive,Net Banking,2025-08-18,Mumbai,3.2
C01831,30,Female,Electronics,Smartphone,35358.87,2,Yes,Inactive,Wallet,2024-09-17,Jaipur,4.6
C00401,45,Male,Home & Kitchen,Storage Box,8042.47,1,Yes,Inactive,UPI,2025-06-17,Jaipur,5.0
C01945,64,Female,Clothing,Jacket,1755.89,4,Yes,Inactive,UPI,2025-08-18,Delhi,4.2
C01869,34,Female,Books,Self-Help,1364.51,2,No,Active,Credit Card,2025-12-10,Mumbai,3.2
C00404,45,Female,Home & Kitchen,Cookware,6105.0,4,No,Inactive,UPI,2024-08-22,Hyderabad,3.5
C00275,33,Male,Books,Business,1696.94,2,No,Inactive,Cash,2024-05-08,Jaipur,3.9
C00862,55,Female,Sports,Yoga Mat,5315.21,2,No,Inactive,Net Banking,2024-01-06,Chandigarh,3.6
C01397,51,Other,Clothing,Dress,2341.67,2,No,Inactive,Debit Card,2025-08-20,Kolkata,3.9
C01599,58,Female,Electronics,Smartphone,28928.99,1,Yes,Active,Cash,2024-07-01,Kolkata,4.9
C00858,33,Female,Electronics,Headphones,57111.29,1,No,Inactive,Debit Card,2025-08-31,Kolkata,3.9
C00227,33,Female,Electronics,Speaker,56726.22,3,No,Active,Debit Card,2025-12-12,Hyderabad,3.9
C01902,22,Female,Home & Kitchen,Coffee Maker,8763.29,1,Yes,Inactive,Cash,2024-03-21,Hyderabad,4.0
C01699,18,Female,Books,Technology,818.9,3,Yes,Inactive,Wallet,2025-02-02,Mumbai,3.5
C00547,23,Male,Home & Kitchen,Lamp,11808.33,1,Yes,Inactive,Cash,2024-05-24,Delhi,2.5
C01717,39,Female,Home & Kitchen,Cookware,748.32,5,No,Active,UPI,2025-12-03,Hyderabad,3.7
C01924,31,Male,Clothing,Jacket,4425.84,1,No,Inactive,Cash,2025-12-25,Pune,4.9
C01093,44,Female,Home & Kitchen,Storage Box,6240.23,1,No,Active,Debit Card,2024-11-27,Kolkata,3.4
C00655,52,Male,Sports,Football,6869.51,2,Yes,Inactive,Cash,2025-06-16,Chennai,3.9
C00865,48,Male,Books,Self-Help,1812.04,1,Yes,Inactive,UPI,2025-04-27,Bengaluru,3.8
C02000,18,Female,Sports,Cricket Bat,8825.57,1,No,Inactive,Credit Card,2024-09-17,Mumbai,4.5
C00177,27,Male,Books,Comics,1068.17,1,No,Inactive,Debit Card,2025-07-19,Jaipur,3.2
C01838,64,Female,Beauty,Face Cream,754.58,3,No,Inactive,Net Banking,2024-06-16,Jaipur,4.1
C01486,28,Male,Sports,Football,4490.29,1,Yes,Active,Debit Card,2024-09-14,Ahmedabad,4.4
C01520,45,Male,Home & Kitchen,Cookware,1274.33,3,Yes,Active,UPI,2025-04-24,Jaipur,3.7
C00814,46,Female,Electronics,Headphones,19063.46,2,No,Active,Net Banking,2024-10-13,Chandigarh,2.6
C01574,47,Male,Beauty,Perfume,1477.88,1,No,Active,Net Banking,2025-05-18,Chandigarh,4.3
C01047,44,Female,Clothing,Sneakers,2173.19,1,No,Inactive,Debit Card,2024-07-14,Bengaluru,3.3
C00982,61,Male,Home & Kitchen,Lamp,7102.08,2,Yes,Inactive,UPI,2025-10-23,Bengaluru,4.5
C01870,26,Male,Clothing,T-Shirt,2170.58,3,No,Inactive,UPI,2024-02-04,Delhi,3.5
C00043,41,Male,Sports,Yoga Mat,8828.71,3,Yes,Inactive,Net Banking,2025-02-11,Ahmedabad,3.9
C00073,62,Male,Clothing,Sneakers,4886.78,3,No,Inactive,Net Banking,2024-04-27,Delhi,
C01203,45,Female,Clothing,Sneakers,1368.77,1,No,Active,Net Banking,2024-07-31,Mumbai,3.8
C00032,24,Female,Clothing,Sneakers,2058.57,2,No,Inactive,Cash,2025-05-11,Mumbai,4.3
C00449,44,Male,Home & Kitchen,Storage Box,7301.79,1,No,Active,Credit Card,2025-10-15,Chandigarh,3.6
C01761,34,Female,Clothing,Jeans,836.33,2,No,Inactive,Credit Card,2024-09-10,Pune,3.2
C00116,59,Female,Clothing,Dress,2963.45,1,No,Inactive,Wallet,2024-07-18,Delhi,4.2
C00118,34,Male,Clothing,Jacket,1961.02,3,No,Inactive,Wallet,2025-03-20,Delhi,3.2
C00429,24,Female,Beauty,Face Cream,1538.08,1,Yes,Active,Debit Card,2025-01-05,Bengaluru,3.9
C00686,18,Female,Sports,Yoga Mat,1921.5,2,Yes,Active,Credit Card,2025-11-03,Hyderabad,4.6
C01109,35,Male,Beauty,Shampoo,3854.65,4,No,Inactive,Net Banking,2024-02-05,Pune,3.8
C00247,27,Male,Clothing,Dress,993.72,1,Yes,Inactive,Credit Card,2024-03-11,Chennai,3.8
C00464,43,Female,Home & Kitchen,Lamp,8593.75,2,No,Inactive,Credit Card,2025-11-19,Delhi,4.2
C00402,45,Male,Books,Technology,401.59,2,No,Active,UPI,2024-05-21,Hyderabad,4.1
C00754,25,Male,Clothing,Dress,2699.13,2,Yes,Active,Debit Card,2025-05-05,Chennai,4.4
C00665,26,Female,Clothing,T-Shirt,3106.08,1,Yes,Inactive,Credit Card,2025-04-29,Chennai,4.1
C01261,46,Female,Home & Kitchen,Storage Box,7504.52,3,No,Active,Net Banking,2024-09-12,Chandigarh,3.9
C00022,60,Male,Clothing,Jeans,2660.93,2,No,Inactive,Credit Card,2024-04-18,Chandigarh,4.3
C00925,30,Female,Electronics,Speaker,73711.14,2,No,Inactive,Credit Card,2024-06-15,Kolkata,4.5
C00183,21,Male,Electronics,Speaker,50901.6,1,Yes,Inactive,Debit Card,2025-03-06,Hyderabad,3.3
C01460,49,Female,Electronics,Smartphone,67736.65,3,No,Inactive,Credit Card,2025-03-30,Delhi,3.8
C01709,22,Male,Beauty,Perfume,2608.35,1,No,Inactive,Credit Card,2025-05-02,Jaipur,3.8
C01627,27,Male,Beauty,Skin Serum,3661.37,1,No,Inactive,Credit Card,2024-11-25,Jaipur,4.4
C00021,26,Male,Home & Kitchen,Coffee Maker,3715.58,1,Yes,Active,Credit Card,2025-12-29,Bengaluru,3.2
C01146,59,Female,Clothing,Jacket,4775.83,1,Yes,Active,Credit Card,2025-08-31,Kolkata,4.8
C01112,38,Male,Sports,Dumbbells,2483.31,2,Yes,Active,Debit Card,2024-09-09,Chandigarh,5.0
C01320,50,Male,Home & Kitchen,Cookware,1049.88,4,Yes,Active,UPI,2024-05-24,Chandigarh,3.7
C00321,19,Female,Sports,Football,6681.49,3,Yes,Inactive,UPI,2024-02-16,Chennai,3.8
C00759,48,Male,Sports,Football,11662.68,1,Yes,Active,UPI,2025-09-01,Mumbai,2.5
C00111,55,Male,Clothing,Jacket,1185.46,3,No,Inactive,Credit Card,2024-05-18,Hyderabad,3.2
C01608,34,Male,Sports,Cricket Bat,2901.07,1,No,Inactive,UPI,2024-07-26,Chennai,4.0
C00761,38,Male,Beauty,Skin Serum,3258.83,4,Yes,Active,Debit Card,2025-06-19,Bengaluru,5.0
C00476,44,Female,Electronics,Smartphone,60210.84,5,Yes,Inactive,Debit Card,2024-09-22,Chennai,3.8
C00295,64,Female,Beauty,Perfume,655.89,1,No,Inactive,UPI,2025-04-10,Kolkata,4.1
C00001,39,Male,Electronics,Speaker,41527.72,1,No,Inactive,Wallet,2025-12-14,Delhi,4.2
C01651,22,Female,Sports,Cricket Bat,8493.3,1,Yes,Inactive,Credit Card,2024-10-12,Chennai,4.0
C00744,45,Male,Sports,Running Shoes,2541.76,3,No,Active,UPI,2025-05-10,Pune,3.8
C01094,61,Male,Clothing,Dress,3890.25,1,No,Inactive,UPI,2024-11-18,Mumbai,3.6
C01388,57,Female,Clothing,T-Shirt,1082.66,5,No,Active,Wallet,2025-02-04,Ahmedabad,3.7
C01800,18,Male,Clothing,Sneakers,2165.72,5,No,Active,Cash,2024-03-02,Mumbai,4.8
C00699,50,Male,Electronics,Smartwatch,89970.77,1,No,Inactive,Debit Card,2024-09-14,Chandigarh,3.8
C00140,21,Female,Books,Fiction,1584.97,2,No,Inactive,Net Banking,2025-02-10,Chennai,3.7
C00722,59,Male,Home & Kitchen,Cookware,14361.01,2,Yes,Active,Net Banking,2024-12-19,Ahmedabad,3.3
C00649,53,Male,Beauty,Face Cream,723.36,1,No,Active,Debit Card,2024-07-20,Kolkata,3.5
C01728,65,Female,Beauty,Shampoo,1697.78,1,No,Inactive,Credit Card,2024-07-19,Hyderabad,3.4
C00390,55,Female,Home & Kitchen,Bedsheet,11402.65,2,Yes,Active,Credit Card,2024-12-12,Pune,3.5
C01820,51,Female,Beauty,Shampoo,852.23,2,No,Active,UPI,2025-11-30,Bengaluru,5.0
C00657,23,Male,Clothing,Sneakers,1255.48,1,No,Inactive,Debit Card,2025-01-06,Chennai,3.9
C01106,25,Male,Home & Kitchen,Coffee Maker,8586.15,1,No,Inactive,Credit Card,2025-11-20,Mumbai,3.6
C01533,58,Female,Books,Business,1450.73,1,Yes,Inactive,Cash,2024-11-22,Jaipur,4.4
C00986,41,Male,Clothing,Jacket,4598.1,1,Yes,Active,UPI,2024-04-19,Mumbai,3.9
C00598,25,Male,Electronics,Laptop,45270.03,2,No,Inactive,Cash,2025-06-30,Kolkata,4.2
C00313,52,Female,Clothing,Jeans,4355.72,3,Yes,Inactive,UPI,2025-09-12,Kolkata,3.4
C01475,48,Female,Sports,Dumbbells,10947.84,2,Yes,Active,Wallet,2024-06-21,Bengaluru,4.0
C01047,19,Male,Beauty,Lipstick,648.29,2,Yes,Active,Wallet,2024-07-09,Mumbai,3.4
C01625,52,Female,Sports,Yoga Mat,505.32,4,No,Active,UPI,2025-07-12,Kolkata,3.5
C00828,42,Male,Home & Kitchen,Cookware,9085.34,1,No,Active,Credit Card,2024-10-22,Delhi,3.7
C00536,33,Female,Electronics,Speaker,15787.73,2,No,Active,Credit Card,2025-05-25,Chennai,3.9
C00436,38,Female,Electronics,Laptop,71081.44,5,No,Active,Debit Card,2025-08-20,Hyderabad,3.7
C01793,21,Male,Books,Self-Help,564.88,1,Yes,Inactive,Wallet,2025-01-06,Chennai,4.2
C01326,33,Male,Home & Kitchen,Lamp,10515.71,2,No,Inactive,UPI,2024-02-11,Kolkata,3.0
C00831,63,Female,Clothing,T-Shirt,2467.24,5,No,Active,Wallet,2024-09-04,Chandigarh,4.4
C01674,35,Female,Beauty,Skin Serum,3549.04,3,No,Inactive,Debit Card,2025-08-20,Delhi,3.3
C01171,61,Male,Home & Kitchen,Storage Box,4894.55,1,No,Inactive,Credit Card,2025-07-21,Hyderabad,4.4
C01385,36,Male,Books,Technology,1654.97,2,No,Inactive,Wallet,2025-08-26,Ahmedabad,4.5
C01665,54,Male,Clothing,Jacket,991.63,4,Yes,Active,Debit Card,2024-03-13,Hyderabad,3.4
C00055,44,Male,Books,Fiction,538.29,2,No,Inactive,Net Banking,2024-05-17,Chandigarh,4.9
C00866,58,Male,Clothing,Jeans,1149.76,4,No,Active,Debit Card,2024-09-09,Chennai,5.0
C01935,49,Male,Clothing,Jeans,2362.32,5,Yes,Inactive,Net Banking,2025-01-13,Mumbai,4.9
C01463,22,Female,Electronics,Smartphone,3252.35,1,No,Inactive,UPI,2024-07-20,Chennai,4.6
C00537,41,Male,Beauty,Lipstick,1951.71,5,No,Inactive,UPI,2024-10-02,Pune,3.4
C00338,55,Male,Home & Kitchen,Cookware,6293.82,2,Yes,Active,UPI,2024-02-25,Chandigarh,4.3
C01938,47,Male,Electronics,Smartphone,6833.47,1,No,Active,Net Banking,2024-08-28,Hyderabad,3.2
C01688,48,Other,Beauty,Perfume,4252.53,1,Yes,Inactive,UPI,2025-10-15,Pune,3.8
C00577,29,Male,Electronics,Laptop,28244.33,1,No,Active,Credit Card,2024-02-22,Hyderabad,3.3
C00041,27,Male,Electronics,Speaker,78615.53,2,No,Inactive,Debit Card,2025-08-07,Kolkata,4.6
C00588,55,Female,Electronics,Laptop,65853.73,1,No,Active,Debit Card,2024-09-20,Bengaluru,4.9
C00198,60,Female,Home & Kitchen,Coffee Maker,14019.28,3,No,Inactive,Debit Card,2025-07-05,Ahmedabad,3.5
C00210,64,Female,Home & Kitchen,Cookware,14934.87,2,No,Active,Wallet,2024-11-01,Mumbai,3.1
C00837,47,Female,Beauty,Skin Serum,3475.72,1,No,Inactive,Wallet,2025-04-26,Delhi,4.7
C00376,45,Female,Home & Kitchen,Cookware,10868.0,1,No,Active,Credit Card,2025-07-26,Bengaluru,
C00760,32,Female,Beauty,Shampoo,3265.06,3,Yes,Inactive,Credit Card,2025-02-28,Kolkata,4.2
C00471,37,Female,Clothing,Dress,2635.41,2,No,Active,Cash,2024-05-04,Jaipur,5.0
C01111,64,Female,Electronics,Laptop,84161.79,1,Yes,Inactive,Credit Card,2025-05-29,Pune,4.4
C00201,24,Female,Clothing,T-Shirt,1286.69,4,No,Inactive,Wallet,2024-04-24,Kolkata,5.0
C00244,22,Male,Home & Kitchen,Coffee Maker,9827.72,1,Yes,Inactive,Debit Card,2024-05-14,Bengaluru,2.6
C01910,31,Male,Beauty,Lipstick,4420.21,3,No,Inactive,Debit Card,2024-08-06,Ahmedabad,4.1
C00686,29,Female,Home & Kitchen,Storage Box,9409.16,2,Yes,Active,UPI,2025-10-13,Chennai,4.6
C01523,33,Male,Electronics,Speaker,20966.17,5,No,Inactive,UPI,2025-10-23,Pune,3.2
C00251,33,Male,Electronics,Smartwatch,40033.7,1,No,Inactive,Debit Card,2024-05-24,Delhi,3.0
C01976,47,Male,Clothing,T-Shirt,4117.88,2,No,Active,Cash,2025-01-02,Delhi,4.6
C00593,44,Male,Home & Kitchen,Cookware,8777.69,2,Yes,Inactive,Debit Card,2024-07-16,Hyderabad,5.0
C00371,23,Male,Sports,Running Shoes,4151.13,1,No,Inactive,Net Banking,2025-05-09,Mumbai,3.0
C00133,29,Male,Home & Kitchen,Coffee Maker,13732.28,2,Yes,Active,Debit Card,2025-03-23,Bengaluru,4.2
C00164,39,Male,Home & Kitchen,Bedsheet,13015.26,1,No,Inactive,UPI,2025-10-15,Chennai,4.9
C01702,23,Male,Clothing,Jacket,1022.91,2,No,Active,UPI,2025-07-07,Jaipur,5.0
C01401,38,Male,Beauty,Face Cream,1158.14,1,Yes,Inactive,Debit Card,2024-10-07,Bengaluru,5.0
C00869,59,Female,Electronics,Smartphone,33428.69,3,No,Inactive,Debit Card,2024-11-16,Pune,4.1
C00229,23,Female,Sports,Yoga Mat,9595.82,4,No,Inactive,Credit Card,2025-01-20,Hyderabad,4.6
C00969,45,Male,Home & Kitchen,Coffee Maker,8450.23,1,No,Inactive,Debit Card,2025-12-25,Chennai,5.0
C01875,36,Male,Home & Kitchen,Coffee Maker,11157.77,1,No,Inactive,UPI,2025-03-06,Jaipur,4.1
C00732,63,Other,Electronics,Smartphone,4419.7,1,No,Inactive,UPI,2024-06-23,Hyderabad,3.5
C00465,27,Female,Beauty,Face Cream,4590.1,1,No,Inactive,Credit Card,2024-11-28,Jaipur,3.8
C00099,44,Female,Home & Kitchen,Storage Box,816.49,2,Yes,Inactive,Net Banking,2024-05-16,Jaipur,3.0
C01897,63,Male,Clothing,T-Shirt,618.58,1,Yes,Active,Cash,2024-03-31,Mumbai,4.9
C01976,50,Female,Beauty,Shampoo,2760.29,2,No,Inactive,Wallet,2024-01-16,Bengaluru,4.3
C00574,51,Female,Sports,Yoga Mat,8006.48,2,Yes,Active,UPI,2024-03-20,Jaipur,4.0
C01622,50,Male,Home & Kitchen,Cookware,10193.76,4,No,Inactive,UPI,2024-02-22,Ahmedabad,5.0
C01504,36,Male,Home & Kitchen,Coffee Maker,10129.16,2,No,Active,UPI,2025-09-10,Hyderabad,3.4
C01484,27,Male,Clothing,Sneakers,526.68,3,No,Active,Credit Card,2025-01-21,Chandigarh,2.6
C01451,38,Female,Clothing,T-Shirt,4124.9,2,No,Inactive,Credit Card,2024-12-08,Chandigarh,4.7
C01775,21,Male,Books,Comics,1088.83,2,No,Active,UPI,2024-02-19,Delhi,3.9
C00766,29,Female,Beauty,Perfume,3330.54,3,Yes,Inactive,Credit Card,2024-04-14,Pune,3.9
C00343,52,Female,Electronics,Smartphone,74809.71,1,No,Active,Credit Card,2025-05-28,Ahmedabad,4.3
C00554,40,Female,Sports,Football,444.38,1,No,Inactive,UPI,2025-03-20,Ahmedabad,4.1
C00377,57,Female,Clothing,Sneakers,1836.16,3,Yes,Inactive,UPI,2025-05-29,Chandigarh,4.5
C01811,30,Female,Sports,Dumbbells,3571.66,1,No,Inactive,Cash,2024-11-19,Mumbai,4.8
C00976,30,Female,Clothing,Dress,3308.12,2,No,Active,UPI,2024-02-12,Kolkata,4.5
C01136,42,Female,Home & Kitchen,Storage Box,10640.36,2,No,Inactive,UPI,2025-11-04,Hyderabad,3.4
C00413,28,Female,Beauty,Shampoo,1787.27,1,No,Inactive,Debit Card,2025-06-22,Mumbai,5.0
C00004,32,Female,Home & Kitchen,Bedsheet,4969.79,4,Yes,Inactive,Cash,2025-02-14,Bengaluru,3.4
C00201,24,Male,Home & Kitchen,Bedsheet,2982.3,1,No,Inactive,Wallet,2025-10-26,Delhi,4.0
C00836,36,Male,Electronics,Headphones,2630.76,1,Yes,Inactive,UPI,2024-04-03,Delhi,4.3
C01849,34,Female,Home & Kitchen,Coffee Maker,5296.41,1,No,Inactive,Cash,2025-08-07,Hyderabad,3.6
C01071,46,Other,Electronics,Laptop,35091.21,2,No,Inactive,Debit Card,2024-10-15,Bengaluru,3.8
C00105,53,Male,Beauty,Lipstick,552.19,1,No,Inactive,Debit Card,2025-05-26,Chandigarh,3.9
C01266,55,Female,Books,Technology,387.42,3,No,Inactive,UPI,2024-04-22,Kolkata,4.0
C01383,37,Female,Clothing,Jeans,2014.0,1,No,Inactive,UPI,2024-04-16,Ahmedabad,3.5
C00725,25,Female,Home & Kitchen,Storage Box,13889.08,2,Yes,Inactive,Wallet,2025-08-04,Pune,4.4
C00659,51,Male,Books,Self-Help,245.39,1,No,Active,Net Banking,2024-06-08,Kolkata,3.9
C00681,25,Female,Clothing,Dress,4856.97,2,No,Active,UPI,2025-06-12,Pune,3.8
C00848,55,Male,Clothing,T-Shirt,1678.37,3,Yes,Active,UPI,2025-05-24,Pune,3.7
C00497,38,Female,Clothing,T-Shirt,2666.04,5,No,Inactive,Net Banking,2024-12-18,Ahmedabad,3.4
C01029,27,Female,Electronics,Laptop,87100.92,2,Yes,Active,UPI,2024-06-09,Pune,3.9
C00006,52,Male,Beauty,Face Cream,3314.75,3,No,Inactive,Credit Card,2024-12-30,Kolkata,5.0
C01388,36,Female,Sports,Running Shoes,8269.11,3,No,Active,Credit Card,2025-03-26,Kolkata,4.1
C01102,56,Female,Electronics,Headphones,43089.8,2,No,Active,Debit Card,2024-11-28,Chandigarh,3.9
C00338,48,Male,Sports,Yoga Mat,933.84,1,Yes,Inactive,Credit Card,2024-04-18,Hyderabad,3.0
C01246,23,Male,Home & Kitchen,Lamp,4922.12,1,Yes,Active,Cash,2024-04-01,Hyderabad,3.6
C00432,26,Other,Beauty,Skin Serum,280.43,1,Yes,Inactive,Debit Card,2025-10-21,Pune,4.6
C00731,51,Male,Clothing,Jacket,4878.26,1,No,Active,Net Banking,2024-12-04,Pune,4.7
C01244,31,Female,Beauty,Shampoo,2004.31,4,No,Inactive,Credit Card,2024-11-27,Jaipur,4.8
C00362,43,Female,Electronics,Laptop,34427.35,1,No,Inactive,UPI,2024-05-27,Kolkata,5.0
C01578,60,Male,Books,Self-Help,876.48,2,No,Inactive,UPI,2024-10-14,Jaipur,3.2
C01344,60,Female,Clothing,Sneakers,3242.19,3,No,Inactive,Credit Card,2025-12-31,Hyderabad,3.4
C01782,50,Female,Beauty,Face Cream,545.11,2,Yes,Inactive,Debit Card,2024-05-02,Jaipur,4.5
C00939,23,Male,Clothing,Sneakers,4184.82,2,No,Inactive,UPI,2024-01-08,Delhi,2.7
C00163,32,Male,Home & Kitchen,Cookware,5985.29,1,Yes,Active,Net Banking,2024-04-05,Kolkata,4.4
C00912,45,Male,Electronics,Laptop,14908.19,2,No,Inactive,Debit Card,2024-05-26,Chennai,3.9
C01800,65,Male,Electronics,Speaker,46216.1,1,No,Inactive,UPI,2025-09-20,Mumbai,3.4
C00934,43,Male,Books,Fiction,1155.61,2,No,Active,Cash,2025-04-21,Hyderabad,4.6
C01289,30,Male,Home & Kitchen,Coffee Maker,10843.85,2,No,Inactive,Credit Card,2024-10-03,Pune,4.8
C01318,38,Male,Sports,Yoga Mat,10589.27,1,Yes,Inactive,Debit Card,2025-12-02,Delhi,3.8
C01574,36,Female,Sports,Yoga Mat,8330.14,2,No,Inactive,Net Banking,2024-01-16,Chandigarh,4.2
C01364,49,Female,Sports,Running Shoes,8975.58,2,No,Inactive,UPI,2025-05-17,Delhi,4.0
C00715,33,Female,Home & Kitchen,Bedsheet,13470.34,3,No,Inactive,Debit Card,2025-11-01,Jaipur,4.7
C01501,21,Male,Electronics,Smartwatch,65315.06,1,Yes,Inactive,Net Banking,2025-03-03,Chandigarh,4.0
C01551,22,Male,Electronics,Headphones,35606.93,1,No,Inactive,UPI,2025-04-29,Chandigarh,3.9
C00494,30,Other,Sports,Running Shoes,7235.34,4,No,Active,Net Banking,2024-05-27,Jaipur,3.4
C00283,63,Male,Electronics,Headphones,57766.8,1,No,Active,UPI,2025-06-29,Chennai,4.8
C00343,41,Male,Sports,Dumbbells,3356.51,1,Yes,Inactive,Credit Card,2025-05-23,Chennai,3.0
C01730,46,Female,Clothing,Jeans,2221.2,1,No,Active,UPI,2024-01-06,Hyderabad,4.5
C00791,64,Female,Books,Comics,1739.15,1,Yes,Inactive,UPI,2025-05-13,Hyderabad,4.0
C00490,53,Female,Clothing,Sneakers,4546.74,3,No,Active,UPI,2024-06-26,Chandigarh,4.0
C00940,64,Male,Home & Kitchen,Cookware,3654.48,1,Yes,Inactive,UPI,2024-12-04,Hyderabad,5.0
C00005,28,Other,Electronics,Speaker,55370.75,2,No,Inactive,Debit Card,2025-07-02,Ahmedabad,3.0
C01051,18,Male,Home & Kitchen,Lamp,721.08,2,Yes,Active,Debit Card,2025-12-24,Ahmedabad,3.9
C01066,22,Male,Home & Kitchen,Cookware,8864.92,1,No,Inactive,Debit Card,2024-04-07,Kolkata,4.8
C00137,24,Male,Clothing,T-Shirt,4486.75,1,Yes,Inactive,Cash,2025-03-03,Bengaluru,4.5
C00363,29,Male,Home & Kitchen,Cookware,8038.83,3,No,Inactive,UPI,2025-12-15,Hyderabad,3.1
C01066,33,Male,Home & Kitchen,Cookware,7198.02,3,No,Active,Wallet,2024-11-30,Delhi,4.0
C01596,36,Male,Clothing,Jacket,3800.2,1,No,Active,Cash,2024-07-08,Hyderabad,4.0
C00424,33,Male,Beauty,Face Cream,2581.63,1,No,Inactive,Debit Card,2024-11-17,Pune,3.9
C01811,39,Male,Clothing,Jacket,986.5,1,No,Inactive,UPI,2025-09-07,Chandigarh,3.1
C01170,34,Female,Clothing,Jeans,3423.5,1,No,Inactive,Credit Card,2024-11-20,Mumbai,4.3
C01881,38,Female,Beauty,Lipstick,585.58,1,Yes,Inactive,UPI,2025-10-26,Mumbai,3.7
C00193,44,Female,Books,Business,1506.75,1,No,Inactive,Credit Card,2025-04-16,Bengaluru,4.0
C01941,37,Other,Clothing,Sneakers,3425.73,2,Yes,Active,Debit Card,2025-04-20,Delhi,4.3
C00628,59,Female,Clothing,T-Shirt,4135.07,1,No,Active,Cash,2024-02-26,Chandigarh,4.2
C01899,45,Female,Sports,Yoga Mat,438.13,1,No,Active,Cash,2024-12-09,Chandigarh,4.4
C01312,43,Female,Books,Technology,210.56,2,Yes,Active,Credit Card,2024-12-25,Hyderabad,4.0
C00588,25,Male,Beauty,Lipstick,3318.83,2,No,Active,UPI,2025-01-11,Bengaluru,4.0
C00564,27,Female,Clothing,Dress,3567.34,3,No,Inactive,Wallet,2024-09-02,Pune,4.7
C01265,32,Male,Books,Comics,277.53,5,Yes,Inactive,UPI,2024-05-27,Kolkata,3.9
C01123,20,Female,Clothing,T-Shirt,3498.21,1,No,Active,Credit Card,2024-09-29,Bengaluru,5.0
C01599,52,Female,Home & Kitchen,Cookware,12205.64,1,Yes,Inactive,UPI,2024-09-20,Delhi,4.1
C01154,42,Female,Electronics,Headphones,73785.94,2,No,Inactive,UPI,2025-03-19,Jaipur,5.0
C00960,22,Male,Sports,Football,1996.27,3,Yes,Inactive,UPI,2024-07-20,Ahmedabad,5.0
C01990,59,Male,Books,Self-Help,1490.27,3,Yes,Active,Debit Card,2024-03-22,Jaipur,4.5
C00491,31,Female,Electronics,Headphones,83542.76,4,No,Inactive,UPI,2025-03-25,Kolkata,4.9
C00991,43,Male,Clothing,Jeans,1663.59,3,No,Inactive,Credit Card,2025-12-21,Ahmedabad,4.4
C00833,21,Female,Electronics,Smartphone,64102.29,1,Yes,Inactive,Debit Card,2024-12-07,Ahmedabad,3.7
C00072,55,Male,Electronics,Laptop,70915.73,1,No,Active,Net Banking,2024-08-05,Bengaluru,4.3
C01168,25,Female,Clothing,Jacket,4979.77,2,No,Active,Debit Card,2025-12-23,Kolkata,3.8
C01949,54,Female,Books,Business,1739.92,2,No,Inactive,Credit Card,2024-09-25,Pune,5.0
C00509,24,Female,Electronics,Headphones,43296.94,2,No,Active,Credit Card,2024-02-29,Jaipur,2.9
C00078,42,Female,Clothing,Sneakers,4588.86,3,Yes,Inactive,Wallet,2024-12-09,Chandigarh,3.9
C01529,25,Female,Electronics,Speaker,51689.57,4,Yes,Inactive,UPI,2025-10-07,Pune,4.0
C00339,32,Female,Home & Kitchen,Bedsheet,1935.25,3,Yes,Inactive,Cash,2025-06-10,Chandigarh,4.3
C01689,41,Male,Clothing,Sneakers,3414.5,1,No,Active,Net Banking,2024-11-06,Ahmedabad,4.8
C01590,52,Female,Books,Comics,863.96,2,No,Inactive,Cash,2024-05-06,Pune,3.8
C00994,25,Female,Electronics,Laptop,73719.17,1,No,Inactive,Debit Card,2024-08-11,Delhi,4.1
C01319,60,Female,Clothing,T-Shirt,310.53,2,Yes,Inactive,Net Banking,2025-03-29,Hyderabad,4.3
C01960,39,Male,Beauty,Shampoo,4971.4,4,Yes,Inactive,Credit Card,2025-01-02,Chennai,3.7
C01242,29,Male,Books,Comics,965.67,2,Yes,Inactive,Debit Card,2024-04-27,Chennai,4.0
C00748,39,Female,Books,Fiction,1389.27,4,Yes,Inactive,Net Banking,2025-02-10,Chennai,2.4
C00453,26,Female,Electronics,Smartwatch,60209.67,3,Yes,Inactive,Cash,2024-09-07,Jaipur,4.6
C00632,22,Male,Clothing,Dress,2014.11,1,No,Inactive,Debit Card,2024-02-08,Mumbai,4.4
C01846,24,Female,Home & Kitchen,Bedsheet,6395.48,1,No,Active,Cash,2025-03-22,Chennai,4.0
C01257,20,Female,Books,Self-Help,248.69,3,No,Inactive,UPI,2025-06-08,Ahmedabad,3.2
C01501,28,Female,Clothing,Jacket,4674.32,3,No,Inactive,UPI,2025-11-06,Chennai,4.7
C00202,33,Male,Clothing,Dress,4136.93,3,No,Inactive,UPI,2025-05-23,Jaipur,2.6
C01192,35,Male,Beauty,Face Cream,2137.57,2,No,Inactive,Debit Card,2025-04-12,Delhi,4.0
C01266,55,Female,Electronics,Speaker,72171.19,2,Yes,Inactive,Debit Card,2024-05-28,Ahmedabad,4.1
C00175,41,Female,Electronics,Smartphone,67606.85,1,No,Active,Debit Card,2024-05-24,Ahmedabad,4.9
C01351,44,Other,Books,Fiction,1188.55,5,Yes,Active,Net Banking,2025-12-23,Kolkata,5.0
C00658,33,Male,Books,Self-Help,863.96,2,No,Inactive,Credit Card,2024-10-10,Pune,3.3
C01708,38,Male,Clothing,Jacket,1787.72,2,No,Active,Cash,2025-05-29,Chennai,3.2
C01267,23,Other,Beauty,Perfume,3166.45,1,No,Inactive,Credit Card,2024-10-27,Chennai,3.6
C00460,46,Male,Sports,Cricket Bat,4907.24,2,No,Active,UPI,2025-11-03,Delhi,4.2
C01165,35,Male,Sports,Football,4747.39,4,No,Inactive,Cash,2025-06-29,Ahmedabad,3.7
C00794,34,Other,Clothing,Jacket,1700.27,5,Yes,Inactive,Net Banking,2025-01-25,Delhi,3.7
C01644,47,Male,Beauty,Skin Serum,655.13,2,Yes,Inactive,Net Banking,2024-11-28,Kolkata,5.0
C01368,26,Female,Clothing,Jeans,4445.9,2,No,Active,Debit Card,2025-09-14,Bengaluru,4.8
C01848,27,Male,Clothing,Jeans,4878.1,2,No,Inactive,Net Banking,2024-06-04,Chennai,4.0
C00860,50,Male,Clothing,Jeans,331.0,3,No,Inactive,Wallet,2024-09-30,Hyderabad,3.6
C01745,19,Male,Books,Self-Help,1208.8,1,Yes,Inactive,Credit Card,2024-04-15,Pune,
C00416,40,Male,Beauty,Shampoo,2942.31,1,No,Inactive,Credit Card,2024-07-12,Hyderabad,3.4
C01568,30,Male,Clothing,Jeans,508.11,1,Yes,Active,Credit Card,2025-02-17,Delhi,3.7
C01679,39,Female,Books,Fiction,344.81,1,No,Inactive,Net Banking,2025-08-20,Hyderabad,3.7
C00511,30,Female,Books,Technology,351.0,2,No,Active,Debit Card,2025-08-12,Chandigarh,4.1
C01772,49,Female,Electronics,Speaker,35329.26,2,Yes,Active,Debit Card,2025-11-28,Mumbai,3.8
C00427,43,Female,Electronics,Speaker,77151.81,2,Yes,Active,Credit Card,2025-08-13,Chennai,4.1
C00156,58,Female,Sports,Cricket Bat,9345.51,2,No,Inactive,Net Banking,2025-08-19,Jaipur,4.1
C00175,19,Male,Electronics,Smartwatch,88828.68,1,No,Active,Debit Card,2025-02-23,Pune,3.0
C01078,65,Female,Books,Fiction,1310.42,3,No,Active,Debit Card,2024-11-06,Ahmedabad,3.8
C01396,55,Female,Books,Business,1860.26,2,Yes,Active,Wallet,2024-10-16,Chennai,4.6
C01370,26,Female,Home & Kitchen,Storage Box,14557.9,4,No,Inactive,Credit Card,2024-08-22,Hyderabad,3.6
C01597,32,Female,Electronics,Headphones,6470.09,1,No,Inactive,UPI,2025-08-11,Hyderabad,3.6
C00050,48,Female,Sports,Yoga Mat,1333.23,1,Yes,Active,UPI,2025-08-05,Bengaluru,4.6
C01312,53,Male,Home & Kitchen,Cookware,796.99,4,No,Active,Credit Card,2024-05-29,Bengaluru,4.4
C00844,21,Female,Electronics,Smartwatch,28031.54,4,No,Inactive,Debit Card,2024-02-04,Ahmedabad,4.7
C00078,52,Male,Clothing,T-Shirt,1138.65,2,Yes,Inactive,Debit Card,2024-01-24,Delhi,3.0
C00663,26,Female,Electronics,Smartphone,68594.34,1,No,Inactive,Net Banking,2024-11-19,Pune,4.0
C01069,46,Female,Sports,Football,9229.96,3,Yes,Active,Debit Card,2024-01-08,Chennai,4.8
C00992,39,Female,Home & Kitchen,Cookware,1816.91,1,No,Inactive,UPI,2024-06-10,Bengaluru,3.5
C00464,37,Male,Beauty,Shampoo,3483.25,2,No,Inactive,Wallet,2025-04-07,Mumbai,3.8
C00710,21,Male,Home & Kitchen,Coffee Maker,13220.36,2,No,Active,UPI,2025-09-15,Jaipur,4.2
C01108,19,Male,Electronics,Smartwatch,40188.7,1,Yes,Active,Wallet,2025-07-23,Chennai,3.2
C00384,31,Other,Home & Kitchen,Bedsheet,5761.89,1,No,Active,Debit Card,2024-08-29,Ahmedabad,3.1
C00500,36,Male,Electronics,Speaker,23731.7,1,No,Inactive,Debit Card,2025-03-18,Pune,3.8
C00177,22,Male,Clothing,Jeans,2707.59,1,Yes,Inactive,Wallet,2025-07-25,Mumbai,3.6
C00954,65,Male,Sports,Dumbbells,10379.82,1,Yes,Active,Credit Card,2024-05-09,Ahmedabad,3.6
C00375,50,Female,Beauty,Lipstick,3486.37,1,No,Inactive,Net Banking,2025-05-03,Chandigarh,5.0
C01591,62,Male,Beauty,Lipstick,2215.33,1,No,Inactive,Credit Card,2024-06-16,Chennai,2.8
C00061,44,Female,Home & Kitchen,Lamp,4058.53,2,No,Inactive,UPI,2025-04-19,Kolkata,3.8
C00338,56,Male,Books,Technology,918.19,2,No,Active,Credit Card,2024-01-15,Hyderabad,4.0
C01682,59,Female,Sports,Yoga Mat,4567.36,1,No,Active,UPI,2025-11-25,Bengaluru,4.7
C01250,54,Female,Sports,Running Shoes,11740.31,1,Yes,Inactive,Credit Card,2025-12-03,Chandigarh,2.7
C01827,65,Female,Sports,Cricket Bat,9706.38,3,No,Active,Cash,2025-12-02,Chennai,3.9
C01117,64,Other,Books,Comics,577.83,1,No,Active,Credit Card,2025-03-10,Ahmedabad,3.6
C01890,62,Male,Clothing,Jacket,1896.83,2,No,Inactive,UPI,2024-10-22,Pune,5.0
C00570,57,Female,Sports,Running Shoes,5450.26,1,Yes,Inactive,UPI,2025-10-16,Chennai,4.3
C00779,34,Male,Electronics,Headphones,29528.59,2,No,Inactive,Credit Card,2025-12-30,Chandigarh,2.1
C00930,19,Male,Beauty,Skin Serum,4449.64,2,Yes,Inactive,Net Banking,2024-08-13,Kolkata,3.9
C01934,54,Male,Books,Comics,1245.98,3,No,Inactive,Credit Card,2024-06-08,Delhi,4.1
C01696,26,Male,Home & Kitchen,Cookware,6838.06,3,No,Active,Credit Card,2024-05-22,Chennai,3.5
C01775,18,Female,Sports,Cricket Bat,9984.69,1,No,Inactive,Cash,2024-02-20,Ahmedabad,3.1
C01064,64,Female,Clothing,T-Shirt,4749.48,1,Yes,Inactive,UPI,2025-01-27,Mumbai,4.0
C00249,50,Female,Home & Kitchen,Coffee Maker,11793.82,2,No,Inactive,UPI,2024-09-05,Jaipur,4.6
C01915,21,Male,Clothing,T-Shirt,618.67,1,Yes,Inactive,Credit Card,2024-04-15,Jaipur,3.2
C01247,33,Other,Sports,Running Shoes,10115.63,1,No,Active,Cash,2024-06-02,Jaipur,2.6
C00160,30,Female,Sports,Football,7584.33,2,No,Active,UPI,2024-11-18,Pune,5.0
C01550,19,Female,Sports,Cricket Bat,5023.39,1,No,Inactive,Credit Card,2025-07-10,Ahmedabad,4.8
C01168,35,Female,Electronics,Smartphone,53827.82,1,Yes,Active,UPI,2025-11-26,Bengaluru,3.9
C00054,59,Male,Clothing,Jacket,1426.62,1,Yes,Active,UPI,2025-03-15,Bengaluru,3.4
C01951,59,Female,Beauty,Shampoo,757.23,2,Yes,Inactive,Net Banking,2025-03-30,Chandigarh,4.6
C01630,56,Female,Clothing,Jacket,3717.16,2,Yes,Active,Credit Card,2024-03-27,Kolkata,3.2
C00776,33,Female,Home & Kitchen,Storage Box,4394.55,2,Yes,Active,Debit Card,2025-07-31,Ahmedabad,3.7
C00548,58,Male,Beauty,Lipstick,4628.27,2,No,Inactive,UPI,2025-03-12,Bengaluru,3.4
C01728,50,Female,Books,Self-Help,597.98,1,Yes,Inactive,Credit Card,2025-05-22,Chandigarh,4.0
C00244,35,Male,Sports,Cricket Bat,534.14,3,Yes,Active,Credit Card,2024-11-06,Mumbai,4.7
C00634,37,Male,Sports,Yoga Mat,4527.53,1,No,Inactive,UPI,2024-04-20,Kolkata,4.2
C01206,28,Male,Beauty,Lipstick,1092.74,2,No,Active,Net Banking,2025-02-06,Hyderabad,4.2
C01733,46,Female,Clothing,Sneakers,1544.87,2,No,Active,UPI,2025-10-29,Chandigarh,4.5
C00753,50,Male,Sports,Running Shoes,11012.93,4,Yes,Inactive,Cash,2024-05-21,Delhi,4.3
C00608,20,Female,Beauty,Perfume,907.19,2,No,Active,Credit Card,2024-02-06,Jaipur,4.9
C00123,64,Female,Electronics,Speaker,2899.89,1,No,Active,UPI,2024-09-08,Delhi,3.2
C01493,25,Male,Home & Kitchen,Cookware,4404.65,2,No,Active,Net Banking,2025-02-05,Mumbai,4.7
C01578,64,Male,Home & Kitchen,Bedsheet,10888.0,1,No,Inactive,UPI,2025-09-16,Bengaluru,4.3
C00868,24,Female,Beauty,Lipstick,4693.06,3,Yes,Inactive,Credit Card,2025-02-20,Kolkata,3.7
C01657,62,Male,Home & Kitchen,Storage Box,6322.85,2,Yes,Inactive,Debit Card,2025-02-22,Kolkata,4.3
C01632,59,Female,Sports,Yoga Mat,5334.78,2,Yes,Active,Debit Card,2025-09-17,Kolkata,3.5
C01491,23,Male,Beauty,Skin Serum,4120.1,1,Yes,Inactive,Credit Card,2025-07-13,Hyderabad,3.0
C01662,35,Female,Sports,Football,5304.75,2,No,Inactive,Debit Card,2025-01-12,Kolkata,4.4
C01367,61,Female,Electronics,Laptop,57868.05,1,No,Active,Net Banking,2025-10-10,Delhi,4.2
C01461,36,Female,Beauty,Lipstick,4371.82,2,No,Active,Net Banking,2024-11-20,Chandigarh,3.3
C00520,22,Female,Home & Kitchen,Storage Box,11890.75,2,Yes,Inactive,Debit Card,2025-07-17,Bengaluru,3.6
C01400,25,Male,Sports,Running Shoes,7212.84,1,No,Inactive,Credit Card,2024-05-19,Bengaluru,4.1
C01996,64,Male,Clothing,Dress,3217.32,3,No,Inactive,Wallet,2024-06-25,Mumbai,4.7
C01711,46,Female,Home & Kitchen,Coffee Maker,6650.48,1,No,Active,UPI,2025-03-24,Chennai,4.9
C01416,41,Female,Home & Kitchen,Lamp,13580.43,2,No,Inactive,Debit Card,2024-07-05,Delhi,4.4
C01550,43,Other,Clothing,Sneakers,1381.37,2,No,Inactive,Debit Card,2024-03-29,Bengaluru,4.7
C00189,24,Male,Books,Technology,1008.38,1,Yes,Inactive,Debit Card,2024-02-03,Delhi,4.4
C01306,52,Female,Electronics,Smartphone,44389.68,3,Yes,Active,Net Banking,2024-10-03,Chandigarh,3.0
C00477,37,Male,Clothing,Jeans,4840.08,3,No,Active,Debit Card,2025-01-12,Bengaluru,3.8
C01142,49,Female,Beauty,Perfume,2043.11,1,Yes,Active,Debit Card,2024-09-28,Delhi,5.0
C01885,44,Male,Sports,Running Shoes,8864.61,1,Yes,Inactive,Net Banking,2024-12-25,Mumbai,2.8
C01798,60,Female,Sports,Cricket Bat,11262.61,2,No,Active,Cash,2025-09-26,Mumbai,4.3
C01030,64,Female,Clothing,Dress,1200.7,1,No,Inactive,Credit Card,2025-02-05,Kolkata,4.2
C01883,65,Female,Electronics,Headphones,24238.17,1,No,Inactive,Cash,2025-12-17,Hyderabad,5.0
C01169,18,Male,Clothing,Jacket,4155.65,4,No,Active,UPI,2024-06-16,Jaipur,3.1
C00356,41,Female,Home & Kitchen,Coffee Maker,7951.33,1,No,Active,Credit Card,2024-06-30,Jaipur,4.0
C01222,27,Male,Beauty,Skin Serum,2599.33,1,No,Inactive,Credit Card,2025-02-11,Jaipur,3.3
C00878,55,Male,Beauty,Skin Serum,4420.48,2,No,Active,Debit Card,2024-11-22,Kolkata,3.9
C00594,59,Male,Home & Kitchen,Cookware,2717.25,4,Yes,Inactive,Cash,2024-11-06,Ahmedabad,4.8
C01009,22,Female,Electronics,Laptop,36400.67,1,No,Active,Debit Card,2025-05-17,Kolkata,3.7
C00726,59,Male,Sports,Running Shoes,2546.11,1,No,Inactive,Debit Card,2025-09-05,Delhi,5.0
C01068,36,Female,Clothing,Jacket,3204.07,3,No,Active,Wallet,2024-01-19,Bengaluru,3.6
C01166,45,Male,Books,Self-Help,1557.91,1,No,Inactive,Debit Card,2025-05-03,Pune,3.6
C00933,51,Male,Clothing,Dress,4426.88,2,No,Inactive,Debit Card,2024-10-06,Kolkata,4.5
C00412,22,Female,Electronics,Speaker,25785.84,4,No,Inactive,Wallet,2024-01-21,Jaipur,
C00500,32,Female,Home & Kitchen,Lamp,1396.97,4,No,Active,Cash,2024-11-20,Chennai,4.1
C01987,26,Female,Home & Kitchen,Cookware,8030.1,1,Yes,Inactive,Cash,2024-11-08,Mumbai,4.9
C00359,61,Male,Clothing,Dress,3442.39,4,Yes,Active,Wallet,2025-03-15,Delhi,4.7
C01526,31,Female,Sports,Football,11432.91,2,No,Inactive,UPI,2024-12-17,Mumbai,4.9
C00075,28,Male,Clothing,Jeans,2605.2,3,No,Active,Wallet,2024-01-23,Kolkata,3.4
C00904,22,Male,Clothing,Sneakers,1456.8,3,Yes,Active,UPI,2024-07-21,Kolkata,4.7
C00776,51,Male,Books,Technology,926.8,2,No,Inactive,Credit Card,2024-03-21,Kolkata,4.9
C01103,33,Female,Sports,Running Shoes,2896.24,2,Yes,Inactive,Credit Card,2025-07-06,Chandigarh,5.0
C01985,50,Male,Sports,Dumbbells,6012.35,1,No,Inactive,Net Banking,2024-04-01,Bengaluru,3.7
C00659,20,Female,Beauty,Shampoo,346.84,2,No,Inactive,Cash,2024-04-12,Delhi,4.0
C00493,30,Female,Sports,Running Shoes,2162.58,2,No,Inactive,UPI,2024-10-07,Chandigarh,4.7
C01044,46,Female,Clothing,Jeans,4368.94,5,No,Inactive,Wallet,2025-04-06,Jaipur,4.6
C01239,34,Male,Beauty,Lipstick,2794.1,1,No,Inactive,UPI,2025-07-15,Mumbai,4.3
C01168,23,Female,Beauty,Skin Serum,1130.87,1,No,Inactive,Net Banking,2024-03-06,Delhi,3.7
C00915,58,Male,Books,Self-Help,1546.57,5,No,Inactive,UPI,2024-10-15,Jaipur,5.0
C00595,37,Female,Books,Business,346.35,1,Yes,Active,Credit Card,2025-05-28,Bengaluru,3.5
C00026,63,Female,Clothing,Dress,3451.68,1,Yes,Active,UPI,2024-12-15,Delhi,4.0
C01717,26,Other,Books,Fiction,929.63,1,No,Inactive,UPI,2024-01-10,Ahmedabad,3.6
C00388,21,Female,Electronics,Smartwatch,6236.33,3,No,Inactive,Cash,2024-09-28,Hyderabad,5.0
C01807,52,Female,Clothing,Jeans,2691.53,1,Yes,Inactive,Credit Card,2024-01-27,Hyderabad,5.0
C01674,61,Female,Electronics,Smartwatch,62621.71,4,No,Inactive,UPI,2024-03-30,Hyderabad,4.1
C01130,38,Other,Clothing,Jacket,2605.28,1,No,Inactive,Debit Card,2025-11-13,Chandigarh,4.3
C01977,21,Male,Sports,Cricket Bat,1881.71,1,No,Inactive,Credit Card,2025-12-08,Hyderabad,4.9
C00947,26,Female,Books,Comics,609.71,3,Yes,Inactive,Credit Card,2025-06-16,Mumbai,4.1
C00391,25,Male,Home & Kitchen,Coffee Maker,8811.39,1,No,Inactive,Credit Card,2024-07-19,Jaipur,2.7
C00348,28,Female,Sports,Football,7693.59,2,No,Active,Net Banking,2024-10-30,Jaipur,4.0
C01487,37,Male,Books,Self-Help,903.82,2,Yes,Inactive,Credit Card,2024-04-05,Mumbai,4.6
C01591,23,Female,Clothing,Dress,2622.42,4,No,Active,Cash,2024-11-12,Pune,4.2
C00238,42,Male,Electronics,Speaker,45711.58,1,No,Inactive,Debit Card,2025-07-24,Ahmedabad,3.3
C00613,24,Female,Sports,Dumbbells,8491.23,2,Yes,Inactive,Wallet,2025-09-08,Chennai,3.6
C01478,62,Female,Clothing,Jeans,918.51,2,No,Active,UPI,2024-03-21,Hyderabad,4.1
C00947,22,Male,Sports,Yoga Mat,3258.99,1,No,Inactive,Debit Card,2025-11-07,Chennai,3.6
C01070,56,Male,Sports,Football,10559.59,3,No,Active,UPI,2025-11-03,Ahmedabad,3.5
C01245,24,Female,Books,Technology,394.76,1,No,Inactive,UPI,2024-06-04,Delhi,3.6
C01179,38,Male,Books,Fiction,1986.81,4,No,Inactive,Net Banking,2025-07-22,Ahmedabad,3.5
C00370,27,Female,Clothing,T-Shirt,690.31,1,Yes,Active,UPI,2024-06-25,Chandigarh,2.8
C01044,45,Male,Clothing,Jeans,4563.89,1,Yes,Inactive,Credit Card,2025-07-28,Mumbai,3.7
C00500,21,Female,Electronics,Smartwatch,9445.72,1,No,Inactive,UPI,2025-02-28,Ahmedabad,2.7
C00820,21,Other,Electronics,Smartphone,53945.33,4,Yes,Inactive,Debit Card,2025-03-07,Kolkata,3.8
C01980,61,Female,Electronics,Headphones,84338.58,2,No,Inactive,Credit Card,2024-07-20,Bengaluru,4.0
C00058,52,Male,Sports,Cricket Bat,9492.01,2,Yes,Inactive,UPI,2024-12-10,Chandigarh,4.1
C00390,44,Male,Electronics,Smartphone,18905.14,1,Yes,Inactive,Credit Card,2024-01-04,Hyderabad,4.6
C01443,65,Male,Books,Fiction,1903.73,1,No,Inactive,Debit Card,2025-02-27,Delhi,4.5
C01548,64,Male,Electronics,Speaker,4198.48,2,Yes,Inactive,Credit Card,2025-04-04,Bengaluru,3.9
C00241,58,Female,Books,Technology,1682.66,2,No,Active,Credit Card,2024-07-03,Hyderabad,4.3
C01188,38,Male,Beauty,Face Cream,4597.04,1,No,Active,Cash,2025-05-17,Kolkata,3.6
C01332,60,Female,Electronics,Speaker,4754.46,2,No,Active,Debit Card,2024-02-02,Pune,4.8
C00623,37,Male,Electronics,Smartphone,6960.08,2,Yes,Active,Cash,2025-02-16,Chennai,4.8
C00118,53,Female,Sports,Yoga Mat,7170.43,2,Yes,Inactive,Wallet,2024-05-01,Delhi,3.2
C01148,36,Male,Electronics,Smartwatch,31637.63,1,No,Inactive,Credit Card,2024-05-17,Hyderabad,2.8
C00857,29,Male,Electronics,Laptop,63426.66,4,Yes,Active,UPI,2025-11-09,Jaipur,5.0
C01138,35,Female,Home & Kitchen,Lamp,4778.41,3,No,Inactive,Credit Card,2024-01-12,Delhi,2.8
C00472,37,Female,Electronics,Laptop,81437.62,1,Yes,Inactive,Credit Card,2024-07-23,Pune,4.3
C00305,30,Female,Home & Kitchen,Bedsheet,636.66,2,No,Inactive,UPI,2025-09-18,Bengaluru,4.4
C01240,42,Female,Clothing,Dress,1425.93,3,Yes,Inactive,UPI,2025-03-27,Kolkata,3.5
C01096,34,Female,Home & Kitchen,Storage Box,1055.05,2,Yes,Inactive,UPI,2025-03-12,Pune,4.1
C00979,44,Male,Sports,Football,8108.06,1,Yes,Inactive,Credit Card,2024-12-27,Hyderabad,3.1
C01391,45,Female,Electronics,Headphones,11034.22,4,No,Inactive,Credit Card,2025-08-19,Jaipur,4.8
C00898,65,Male,Beauty,Skin Serum,4701.64,1,Yes,Active,Debit Card,2024-09-01,Chennai,3.5
C00443,29,Female,Home & Kitchen,Cookware,12937.99,4,No,Active,Cash,2024-02-04,Delhi,4.0
C00779,31,Male,Clothing,Dress,3766.9,2,No,Active,Credit Card,2024-05-25,Chandigarh,4.1
C01565,50,Male,Books,Business,1693.9,1,Yes,Inactive,Cash,2025-04-29,Hyderabad,3.1
C01291,45,Male,Beauty,Perfume,703.36,1,No,Active,Cash,2025-12-05,Ahmedabad,3.8
C01446,32,Male,Beauty,Shampoo,502.54,1,No,Active,Net Banking,2024-01-17,Mumbai,5.0
C00498,56,Female,Sports,Football,2081.41,3,No,Active,Credit Card,2024-03-05,Mumbai,3.2
C01217,22,Female,Books,Fiction,1622.54,3,No,Active,UPI,2024-02-24,Mumbai,3.8
C01701,25,Female,Clothing,Jeans,3996.63,3,Yes,Active,Credit Card,2025-03-24,Kolkata,4.7
C01328,44,Male,Clothing,Dress,1577.9,4,No,Inactive,UPI,2025-10-16,Chandigarh,3.7
C00720,25,Female,Clothing,Dress,4414.73,1,No,Inactive,UPI,2025-06-01,Chennai,4.1
C01837,34,Female,Clothing,Dress,4699.59,1,Yes,Active,UPI,2024-09-30,Bengaluru,5.0
C01685,43,Female,Clothing,Sneakers,2242.71,3,Yes,Active,UPI,2025-07-01,Pune,5.0
C01641,28,Female,Sports,Football,8246.97,2,Yes,Inactive,Debit Card,2025-12-28,Chennai,3.9
C01912,28,Female,Electronics,Smartphone,79995.52,1,Yes,Active,Debit Card,2024-06-19,Kolkata,4.4
C00895,34,Male,Electronics,Speaker,81759.0,1,Yes,Inactive,Credit Card,2024-12-04,Ahmedabad,3.2
C01333,24,Male,Sports,Cricket Bat,10008.76,1,Yes,Inactive,Credit Card,2024-11-05,Pune,5.0
C01361,61,Male,Home & Kitchen,Coffee Maker,12488.72,2,No,Inactive,UPI,2025-01-30,Bengaluru,4.3
C00303,58,Female,Sports,Dumbbells,10911.72,2,No,Inactive,Debit Card,2025-05-29,Delhi,4.9
C00556,52,Male,Home & Kitchen,Lamp,14237.36,4,Yes,Inactive,Debit Card,2025-06-30,Mumbai,2.8
C01944,33,Male,Home & Kitchen,Lamp,8745.58,2,Yes,Active,UPI,2024-12-19,Mumbai,4.3
C01497,53,Male,Sports,Dumbbells,7407.89,3,No,Inactive,Credit Card,2024-12-21,Mumbai,2.9
C01942,60,Female,Home & Kitchen,Cookware,7417.57,2,No,Active,UPI,2025-10-08,Ahmedabad,4.1
C01997,59,Male,Beauty,Lipstick,814.64,3,No,Active,Net Banking,2025-05-07,Delhi,4.5
C01784,56,Female,Sports,Running Shoes,6204.88,2,No,Inactive,UPI,2024-06-27,Jaipur,4.5
C01990,56,Male,Clothing,Jacket,3800.5,2,Yes,Active,Debit Card,2024-02-27,Bengaluru,2.7
C01781,21,Other,Electronics,Laptop,19143.81,3,No,Active,Wallet,2025-08-30,Hyderabad,4.5
C00334,43,Female,Electronics,Laptop,80085.68,4,No,Active,Debit Card,2024-11-14,Chennai,3.5
C01844,20,Female,Clothing,T-Shirt,2676.6,4,No,Inactive,UPI,2025-08-07,Hyderabad,4.8
C01967,39,Female,Electronics,Laptop,49536.95,5,No,Active,UPI,2024-10-15,Hyderabad,4.6
C00063,45,Female,Home & Kitchen,Storage Box,9072.94,3,No,Inactive,UPI,2024-05-28,Hyderabad,4.7
C01732,39,Female,Clothing,Jeans,2999.34,2,No,Inactive,Credit Card,2025-03-15,Chandigarh,2.2
C01951,38,Female,Clothing,Sneakers,3736.31,2,No,Active,Credit Card,2024-03-18,Jaipur,4.5
C00902,33,Female,Electronics,Headphones,45911.8,1,No,Inactive,UPI,2025-07-05,Pune,2.6
C01032,27,Female,Beauty,Face Cream,2843.51,1,No,Active,UPI,2025-07-08,Pune,4.3
C00966,42,Male,Home & Kitchen,Lamp,2592.43,3,Yes,Inactive,Wallet,2024-03-05,Hyderabad,4.1
C01507,39,Male,Electronics,Speaker,13768.22,4,Yes,Active,Debit Card,2025-06-03,Bengaluru,2.7
C00535,32,Male,Books,Fiction,503.17,1,No,Inactive,Cash,2025-05-10,Pune,4.3
C01586,59,Female,Electronics,Headphones,57493.43,2,No,Active,Wallet,2025-07-26,Mumbai,3.3
C01328,58,Female,Home & Kitchen,Storage Box,13601.88,3,No,Inactive,Debit Card,2024-11-18,Chennai,2.5
C01884,52,Female,Books,Business,278.85,1,No,Active,UPI,2025-04-20,Hyderabad,3.6
C01497,35,Male,Beauty,Lipstick,4281.7,1,No,Inactive,Debit Card,2025-10-10,Delhi,4.1
C01725,52,Female,Beauty,Skin Serum,2461.64,1,No,Inactive,UPI,2024-10-22,Delhi,4.6
C00709,43,Male,Clothing,Jacket,1425.01,1,No,Inactive,Credit Card,2025-11-19,Hyderabad,4.0
C00088,27,Female,Clothing,Jacket,3124.52,3,No,Inactive,Credit Card,2024-05-27,Hyderabad,5.0
C01849,21,Female,Clothing,T-Shirt,3913.39,1,No,Active,UPI,2024-01-20,Mumbai,4.3
C00726,45,Male,Electronics,Headphones,89654.71,2,No,Inactive,Debit Card,2025-10-14,Jaipur,4.8
C01275,29,Male,Books,Comics,1025.53,3,No,Inactive,Credit Card,2025-02-28,Delhi,5.0
C00796,27,Male,Clothing,Jacket,607.42,2,No,Inactive,Debit Card,2024-08-05,Ahmedabad,4.3
C01485,46,Female,Electronics,Smartwatch,35292.58,5,No,Inactive,Cash,2024-10-21,Jaipur,5.0
C00068,32,Male,Electronics,Headphones,28096.59,2,No,Active,Wallet,2025-05-03,Jaipur,4.7
C01803,54,Female,Clothing,Sneakers,4990.77,2,Yes,Inactive,Debit Card,2024-02-07,Hyderabad,5.0
C00378,47,Female,Books,Fiction,1414.93,1,Yes,Inactive,UPI,2024-09-22,Chandigarh,4.7
C01275,62,Female,Home & Kitchen,Cookware,3011.15,5,No,Inactive,Net Banking,2025-07-22,Bengaluru,2.9
C00157,18,Female,Beauty,Shampoo,2756.79,1,No,Inactive,UPI,2024-01-09,Ahmedabad,3.8
C00623,19,Male,Beauty,Skin Serum,4195.71,1,No,Inactive,Credit Card,2025-06-27,Ahmedabad,4.9
C00052,57,Male,Beauty,Skin Serum,3162.21,3,No,Inactive,Net Banking,2025-11-08,Mumbai,3.7
C00287,45,Female,Sports,Football,10806.25,4,No,Inactive,Cash,2025-07-19,Jaipur,3.2
C01495,18,Female,Books,Comics,210.06,3,Yes,Inactive,UPI,2025-07-26,Kolkata,4.5
C00489,33,Male,Clothing,T-Shirt,336.43,1,Yes,Active,Net Banking,2024-01-22,Jaipur,2.9
C01470,51,Male,Sports,Football,4183.89,2,Yes,Inactive,Credit Card,2025-07-06,Pune,4.0
C01918,40,Male,Home & Kitchen,Lamp,9159.71,3,Yes,Active,UPI,2024-10-18,Delhi,5.0
C01325,28,Female,Sports,Yoga Mat,864.08,1,No,Active,Cash,2024-06-15,Jaipur,4.9
C01062,29,Female,Beauty,Lipstick,695.51,1,Yes,Inactive,Credit Card,2024-08-23,Chennai,3.6
C01568,36,Female,Sports,Cricket Bat,2349.0,1,No,Active,Debit Card,2024-08-17,Ahmedabad,1.2
C01866,39,Female,Beauty,Shampoo,4671.92,1,Yes,Inactive,Credit Card,2025-08-19,Jaipur,3.5
C00015,33,Female,Home & Kitchen,Cookware,12354.19,1,No,Active,Debit Card,2025-10-15,Mumbai,4.3
C00521,42,Female,Books,Fiction,1691.63,3,No,Inactive,UPI,2024-10-08,Jaipur,4.1
C00528,48,Other,Sports,Football,988.13,2,Yes,Active,Credit Card,2024-05-21,Bengaluru,4.0
C01322,51,Female,Books,Business,1823.85,5,No,Inactive,UPI,2024-05-23,Delhi,3.8
C01834,53,Male,Home & Kitchen,Cookware,4852.01,2,No,Inactive,Debit Card,2024-07-12,Pune,4.6
C00802,48,Male,Books,Technology,836.1,2,No,Inactive,Credit Card,2024-12-13,Kolkata,3.8
C01099,48,Female,Books,Fiction,1754.13,1,No,Inactive,Wallet,2025-03-30,Chennai,3.5
C00480,57,Female,Electronics,Headphones,65782.07,2,No,Inactive,UPI,2025-02-05,Hyderabad,3.5
C01308,22,Female,Home & Kitchen,Coffee Maker,12295.73,1,Yes,Inactive,Wallet,2025-12-16,Bengaluru,4.0
C00162,51,Female,Beauty,Face Cream,708.52,2,No,Inactive,Debit Card,2024-10-12,Delhi,4.5
C00784,21,Female,Electronics,Headphones,47103.71,1,Yes,Inactive,Debit Card,2024-11-06,Pune,2.9
C01160,43,Male,Home & Kitchen,Lamp,3791.52,2,Yes,Active,UPI,2024-03-21,Chennai,3.7
C00211,39,Male,Clothing,Sneakers,2257.95,1,Yes,Active,Wallet,2024-08-16,Chandigarh,3.9
C01972,53,Female,Electronics,Smartwatch,72495.78,1,No,Inactive,Wallet,2025-09-23,Ahmedabad,4.0
C01261,50,Male,Clothing,Dress,2645.63,1,Yes,Active,UPI,2025-10-31,Mumbai,3.8
C00079,38,Male,Books,Self-Help,1986.78,3,No,Inactive,Credit Card,2024-09-05,Mumbai,4.3
C00932,53,Female,Sports,Cricket Bat,10804.2,5,Yes,Inactive,Credit Card,2024-06-14,Mumbai,5.0
C01476,56,Male,Electronics,Smartwatch,22683.24,3,Yes,Inactive,Cash,2024-08-27,Chandigarh,4.5
C01372,43,Male,Home & Kitchen,Storage Box,5359.15,1,Yes,Active,Cash,2024-10-05,Chennai,4.7
C01994,50,Female,Books,Business,1169.54,4,Yes,Active,Credit Card,2024-03-03,Chandigarh,4.0
C00559,24,Male,Beauty,Shampoo,380.66,3,Yes,Active,Debit Card,2025-05-14,Mumbai,5.0
C01087,45,Female,Electronics,Headphones,30180.26,1,No,Inactive,Credit Card,2024-11-05,Hyderabad,3.8
C01463,61,Female,Sports,Dumbbells,11116.74,2,Yes,Inactive,UPI,2024-08-05,Chennai,4.2
C00083,64,Male,Clothing,Jacket,4859.66,5,No,Inactive,Debit Card,2024-12-14,Hyderabad,4.5
C01133,19,Female,Clothing,Jeans,1317.02,3,Yes,Active,Debit Card,2024-08-07,Bengaluru,3.7
C01068,25,Male,Beauty,Skin Serum,2202.1,1,No,Inactive,Debit Card,2025-10-23,Chandigarh,3.8
C01188,20,Female,Electronics,Headphones,10231.69,1,No,Inactive,Credit Card,2024-11-13,Chandigarh,4.7
C00414,60,Female,Home & Kitchen,Cookware,5458.19,5,No,Inactive,UPI,2025-07-05,Kolkata,4.6
C01972,49,Male,Beauty,Lipstick,4281.19,1,No,Inactive,Debit Card,2024-09-20,Kolkata,3.4
C01349,19,Male,Electronics,Headphones,35850.92,2,No,Active,Debit Card,2025-05-24,Chandigarh,4.1
C01452,61,Female,Electronics,Smartwatch,22757.64,1,No,Inactive,Debit Card,2025-12-20,Kolkata,4.6
C00093,51,Female,Home & Kitchen,Coffee Maker,14162.69,2,No,Active,Cash,2024-05-25,Chennai,3.2
C00266,54,Female,Beauty,Lipstick,2137.09,3,No,Inactive,UPI,2025-03-12,Kolkata,5.0
C01571,55,Other,Electronics,Speaker,67040.63,1,Yes,Active,Debit Card,2024-07-16,Kolkata,2.9
C01891,21,Male,Clothing,T-Shirt,1329.41,1,Yes,Inactive,Cash,2024-09-28,Pune,4.8
C01336,65,Male,Electronics,Headphones,81552.91,3,No,Active,UPI,2024-06-25,Ahmedabad,3.5
C00867,46,Male,Books,Fiction,1067.02,2,No,Inactive,Cash,2024-04-18,Chandigarh,4.3
C00375,47,Male,Electronics,Laptop,40439.2,5,Yes,Active,UPI,2025-08-15,Chennai,3.4
C01700,59,Male,Electronics,Smartwatch,37861.58,2,No,Inactive,Debit Card,2025-08-11,Kolkata,5.0
C01369,59,Female,Home & Kitchen,Storage Box,931.37,1,Yes,Active,Debit Card,2025-09-20,Delhi,4.4
C01773,50,Female,Home & Kitchen,Cookware,2996.3,1,No,Inactive,Net Banking,2024-11-11,Pune,4.0
C01566,35,Female,Sports,Running Shoes,9026.67,2,No,Inactive,Credit Card,2024-11-06,Kolkata,2.5
C00585,62,Female,Home & Kitchen,Lamp,6528.58,1,Yes,Active,UPI,2024-01-21,Hyderabad,4.3
C01658,54,Female,Books,Self-Help,374.89,1,No,Active,UPI,2025-09-26,Delhi,4.1
C01603,44,Other,Beauty,Skin Serum,2653.97,2,No,Active,UPI,2025-11-23,Hyderabad,4.5
C00391,40,Male,Electronics,Smartphone,39356.51,3,No,Inactive,Wallet,2024-02-20,Ahmedabad,3.9
C01987,48,Male,Books,Business,1517.68,2,No,Active,UPI,2024-10-07,Ahmedabad,3.3
C01859,19,Male,Home & Kitchen,Coffee Maker,14740.82,4,Yes,Active,UPI,2025-01-08,Ahmedabad,4.2
C00623,28,Female,Beauty,Lipstick,684.21,2,No,Inactive,Debit Card,2024-10-17,Delhi,3.8
C00653,48,Male,Clothing,T-Shirt,4368.04,3,No,Inactive,Debit Card,2025-06-20,Delhi,3.7
C01857,35,Male,Books,Technology,1131.16,1,No,Inactive,Debit Card,2025-10-26,Bengaluru,
C00338,40,Male,Electronics,Laptop,63337.75,2,Yes,Inactive,Credit Card,2024-04-24,Kolkata,3.5
C01749,45,Male,Books,Comics,1090.7,2,No,Inactive,Cash,2024-02-11,Hyderabad,5.0
C01528,43,Female,Electronics,Speaker,50083.02,1,No,Active,Credit Card,2025-02-10,Chandigarh,3.5
C01176,30,Female,Clothing,Dress,371.93,1,No,Active,Credit Card,2025-05-18,Jaipur,4.5
C01443,40,Female,Sports,Football,6811.39,2,Yes,Inactive,Debit Card,2024-06-10,Ahmedabad,4.2
C01541,25,Female,Electronics,Laptop,29863.7,1,Yes,Inactive,Cash,2025-01-06,Bengaluru,4.2
C00491,50,Female,Home & Kitchen,Lamp,14882.49,2,No,Inactive,Net Banking,2025-07-26,Pune,4.9
C00835,60,Female,Clothing,Dress,2188.17,1,Yes,Inactive,Debit Card,2025-08-26,Delhi,3.6
C00771,40,Female,Electronics,Laptop,15189.6,1,No,Inactive,Cash,2024-01-07,Delhi,4.0
C00381,18,Male,Beauty,Face Cream,1186.36,1,No,Inactive,Wallet,2025-02-02,Mumbai,4.5
C01210,32,Female,Electronics,Laptop,69846.24,2,Yes,Inactive,Credit Card,2025-04-29,Hyderabad,4.0
C01701,25,Other,Sports,Cricket Bat,4815.48,1,No,Inactive,UPI,2024-06-08,Jaipur,4.8
C01399,37,Other,Home & Kitchen,Lamp,7112.62,2,Yes,Inactive,Net Banking,2024-09-16,Chandigarh,3.5
C01080,23,Male,Books,Business,577.46,1,No,Inactive,UPI,2025-07-12,Delhi,4.1
C01012,35,Female,Home & Kitchen,Coffee Maker,417.83,1,Yes,Active,UPI,2025-04-23,Hyderabad,4.9
C01482,26,Male,Beauty,Skin Serum,4002.88,2,Yes,Active,UPI,2025-08-27,Jaipur,4.5
C01694,40,Female,Books,Technology,543.38,2,No,Active,Cash,2024-09-07,Pune,4.0
C01961,62,Male,Home & Kitchen,Bedsheet,14550.53,3,Yes,Inactive,Debit Card,2025-08-21,Pune,4.2
C01896,36,Male,Clothing,Jeans,3185.74,1,No,Active,Credit Card,2025-06-04,Hyderabad,4.4
C00784,46,Male,Clothing,Sneakers,3921.97,1,Yes,Active,UPI,2024-02-16,Bengaluru,3.9
C01908,39,Female,Electronics,Laptop,79392.21,1,No,Inactive,Debit Card,2024-03-21,Chandigarh,3.2
C01050,22,Female,Clothing,Jacket,2999.09,1,Yes,Active,Debit Card,2024-11-19,Kolkata,3.4
C01185,33,Female,Beauty,Skin Serum,1499.64,2,No,Inactive,Cash,2025-07-02,Jaipur,4.1
C01588,32,Female,Sports,Cricket Bat,4609.52,1,Yes,Active,Debit Card,2024-08-19,Jaipur,3.2
C00557,23,Male,Books,Self-Help,856.64,2,No,Inactive,Cash,2025-09-15,Mumbai,4.0
C01709,44,Male,Books,Fiction,999.0,2,No,Inactive,UPI,2024-10-21,Mumbai,4.7
C00254,35,Male,Home & Kitchen,Lamp,2659.67,2,Yes,Active,Credit Card,2024-06-03,Chennai,5.0
C01565,26,Male,Sports,Running Shoes,8485.31,2,Yes,Inactive,Debit Card,2024-08-17,Mumbai,4.6
C01284,28,Male,Beauty,Face Cream,2533.8,1,Yes,Inactive,Cash,2024-05-12,Ahmedabad,3.4
C01247,50,Female,Home & Kitchen,Storage Box,12063.72,1,No,Active,UPI,2024-03-09,Chandigarh,3.9
C00278,42,Male,Books,Fiction,1389.66,1,Yes,Active,Cash,2025-12-19,Mumbai,3.4
C01205,29,Male,Home & Kitchen,Lamp,13749.2,1,Yes,Inactive,Wallet,2024-03-29,Ahmedabad,3.9
C00019,34,Male,Electronics,Smartphone,40239.19,1,No,Inactive,UPI,2024-06-22,Bengaluru,3.6
C00853,65,Female,Books,Self-Help,975.85,1,Yes,Inactive,Cash,2024-08-23,Pune,4.3
C01517,42,Female,Home & Kitchen,Coffee Maker,3344.29,4,Yes,Inactive,Credit Card,2024-05-19,Delhi,3.4
C01899,32,Male,Clothing,Dress,2420.55,3,Yes,Inactive,UPI,2025-10-05,Chandigarh,3.8
C00256,59,Female,Sports,Football,4639.19,1,Yes,Inactive,Cash,2025-10-09,Ahmedabad,4.3
C01228,63,Female,Clothing,T-Shirt,4884.12,1,Yes,Inactive,Net Banking,2024-09-21,Delhi,4.1
C00164,18,Male,Books,Self-Help,318.54,1,No,Inactive,UPI,2025-02-22,Chennai,4.7
C01029,31,Male,Electronics,Smartphone,40574.97,1,No,Inactive,Net Banking,2024-07-17,Hyderabad,4.1
C00834,29,Male,Electronics,Smartphone,74328.74,1,Yes,Active,UPI,2024-06-23,Chennai,4.4
C01525,43,Male,Beauty,Lipstick,4654.15,4,No,Inactive,Debit Card,2025-03-27,Ahmedabad,5.0
C00104,25,Male,Clothing,Sneakers,4250.6,2,No,Inactive,Credit Card,2025-12-11,Bengaluru,3.6
C01682,21,Female,Clothing,Jacket,483.82,1,Yes,Inactive,Debit Card,2024-02-09,Delhi,3.5
C01609,24,Female,Clothing,Jacket,300.08,4,Yes,Inactive,Debit Card,2025-11-15,Hyderabad,3.5
C00001,41,Male,Sports,Football,1009.96,2,No,Active,Credit Card,2024-05-12,Delhi,4.3
C00625,60,Male,Books,Self-Help,1456.64,1,Yes,Inactive,UPI,2024-09-20,Jaipur,3.2
C01281,54,Female,Home & Kitchen,Lamp,6762.79,1,No,Inactive,UPI,2025-06-23,Pune,3.7
C00631,27,Male,Books,Fiction,463.68,2,No,Inactive,UPI,2025-04-23,Ahmedabad,4.4
C00620,24,Male,Home & Kitchen,Cookware,8888.23,1,No,Inactive,Cash,2025-09-30,Jaipur,3.9
C00800,55,Male,Electronics,Smartphone,62783.09,1,No,Inactive,Net Banking,2025-09-22,Bengaluru,4.5
C00392,48,Female,Sports,Dumbbells,8407.4,2,Yes,Active,Debit Card,2025-09-13,Kolkata,2.6
C00336,64,Female,Clothing,Sneakers,2317.97,1,No,Active,Credit Card,2024-02-26,Chandigarh,4.1
C00507,34,Female,Clothing,Sneakers,2347.0,1,No,Active,Debit Card,2025-09-15,Bengaluru,3.3
C00169,29,Male,Beauty,Shampoo,4464.93,2,No,Inactive,Wallet,2024-10-02,Kolkata,3.8
C00787,21,Female,Sports,Running Shoes,7864.98,2,Yes,Inactive,Cash,2025-11-02,Kolkata,3.8
C01783,18,Male,Books,Comics,1486.82,3,Yes,Inactive,UPI,2024-03-10,Hyderabad,4.6
C01987,18,Female,Sports,Yoga Mat,4942.63,2,No,Inactive,Debit Card,2024-12-01,Delhi,3.1
C01769,45,Male,Clothing,Jeans,2630.75,1,Yes,Inactive,Debit Card,2025-04-03,Ahmedabad,4.1
C01169,42,Male,Electronics,Laptop,74176.38,2,Yes,Active,Net Banking,2024-05-11,Ahmedabad,3.4
C00456,54,Female,Sports,Cricket Bat,5979.06,1,Yes,Inactive,Credit Card,2024-03-10,Jaipur,4.9
C01452,30,Male,Sports,Football,5715.61,2,No,Inactive,Debit Card,2024-03-26,Ahmedabad,2.4
C01820,45,Male,Beauty,Perfume,4929.34,2,No,Active,Net Banking,2025-11-10,Delhi,3.1
C00414,53,Female,Books,Self-Help,1291.68,4,No,Inactive,Cash,2024-06-27,Kolkata,3.0
C01342,55,Female,Clothing,Sneakers,2002.69,2,Yes,Inactive,Net Banking,2024-08-06,Chandigarh,3.5
C01944,50,Female,Sports,Cricket Bat,5078.91,3,No,Active,Credit Card,2024-04-23,Jaipur,3.4
C00302,41,Female,Electronics,Smartwatch,1231.97,2,No,Inactive,Credit Card,2025-08-29,Ahmedabad,3.5
C01749,22,Male,Electronics,Smartwatch,47537.18,1,No,Inactive,Credit Card,2024-12-29,Ahmedabad,3.3
C01704,54,Female,Clothing,Jeans,1891.08,2,No,Inactive,UPI,2024-05-08,Delhi,5.0
C00326,50,Female,Beauty,Lipstick,2306.17,1,No,Inactive,Credit Card,2025-01-15,Ahmedabad,5.0
C00506,19,Female,Beauty,Face Cream,1464.52,1,No,Inactive,Credit Card,2025-11-14,Chandigarh,3.7
C00758,24,Female,Clothing,Jacket,872.49,4,No,Active,Net Banking,2024-10-01,Bengaluru,3.6
C00363,65,Female,Clothing,Jacket,2877.8,2,No,Active,UPI,2024-11-14,Bengaluru,5.0
C00438,55,Female,Electronics,Smartphone,24782.14,3,No,Active,Debit Card,2025-04-25,Delhi,3.6
C00365,47,Male,Home & Kitchen,Bedsheet,12802.73,1,Yes,Inactive,Net Banking,2024-09-30,Chennai,4.3
C01448,19,Female,Sports,Cricket Bat,7551.84,3,No,Active,UPI,2024-01-02,Hyderabad,3.1
C00914,65,Female,Beauty,Perfume,1817.8,1,Yes,Active,Wallet,2025-08-18,Pune,3.6
C01288,44,Female,Clothing,Dress,867.48,4,Yes,Active,Credit Card,2024-08-04,Pune,4.3
C01980,21,Male,Home & Kitchen,Storage Box,6211.13,5,Yes,Active,Debit Card,2025-06-26,Delhi,3.8
C01921,59,Female,Electronics,Speaker,44750.56,2,Yes,Active,Credit Card,2024-03-21,Pune,4.9
C00106,50,Male,Home & Kitchen,Storage Box,10118.26,3,Yes,Inactive,UPI,2025-12-09,Jaipur,2.2
C00014,43,Female,Sports,Football,5968.42,2,No,Inactive,UPI,2024-03-15,Kolkata,4.6
C00093,23,Female,Home & Kitchen,Storage Box,3719.47,1,No,Active,Net Banking,2025-12-08,Chandigarh,3.7
C00958,27,Male,Home & Kitchen,Cookware,13747.2,1,Yes,Inactive,Wallet,2024-05-31,Chandigarh,3.7
C01102,30,Female,Books,Fiction,266.36,4,No,Active,Debit Card,2024-07-17,Jaipur,3.9
C00032,23,Male,Electronics,Laptop,2041.62,1,Yes,Inactive,Cash,2025-03-09,Mumbai,4.1
C00445,40,Male,Books,Fiction,1088.94,2,No,Active,Credit Card,2024-08-25,Delhi,3.2
C01962,30,Female,Beauty,Lipstick,1782.55,3,Yes,Inactive,Net Banking,2025-07-06,Mumbai,3.6
C00591,47,Female,Beauty,Shampoo,4536.78,1,Yes,Active,Debit Card,2025-03-27,Delhi,5.0
C01582,35,Female,Home & Kitchen,Coffee Maker,5316.41,1,Yes,Active,Debit Card,2024-10-08,Ahmedabad,4.7
C00194,46,Female,Beauty,Perfume,4048.51,1,Yes,Inactive,Net Banking,2025-08-01,Chennai,5.0
C01063,62,Male,Electronics,Smartphone,55566.95,1,No,Inactive,Debit Card,2025-11-24,Kolkata,4.7
C01603,36,Male,Electronics,Smartwatch,71324.5,2,No,Inactive,UPI,2025-01-04,Ahmedabad,4.2
C00031,43,Female,Sports,Dumbbells,2884.26,2,No,Active,Debit Card,2025-07-25,Delhi,5.0
C01177,27,Female,Beauty,Perfume,4944.73,1,Yes,Active,UPI,2025-01-07,Hyderabad,3.5
C00396,55,Male,Home & Kitchen,Storage Box,3042.8,3,No,Inactive,Debit Card,2024-08-12,Jaipur,4.0
C01580,62,Female,Home & Kitchen,Coffee Maker,2157.48,1,No,Inactive,Debit Card,2025-03-12,Ahmedabad,3.8
C00543,49,Male,Electronics,Headphones,26025.76,1,No,Inactive,Debit Card,2024-09-22,Hyderabad,
C00511,26,Male,Electronics,Speaker,35521.11,2,No,Inactive,UPI,2025-04-17,Hyderabad,3.6
C00279,58,Male,Sports,Football,3354.19,4,Yes,Inactive,UPI,2024-09-26,Jaipur,3.3
C01458,45,Male,Electronics,Laptop,62780.9,2,No,Inactive,UPI,2025-02-18,Chandigarh,3.9
C00542,63,Other,Books,Technology,871.21,2,Yes,Inactive,Credit Card,2024-01-11,Pune,5.0
C00761,27,Male,Clothing,Jeans,361.5,2,No,Active,UPI,2025-12-05,Chennai,3.7
C01424,31,Male,Clothing,T-Shirt,1876.1,3,Yes,Active,Credit Card,2024-02-23,Chandigarh,5.0
C01004,28,Female,Clothing,T-Shirt,1724.18,1,No,Active,Credit Card,2024-08-03,Chennai,3.8
C01962,18,Male,Beauty,Perfume,3680.76,3,No,Inactive,UPI,2024-06-26,Pune,5.0
C00716,23,Male,Clothing,Sneakers,3402.95,1,Yes,Active,Net Banking,2025-07-05,Delhi,3.2
C00720,65,Male,Clothing,T-Shirt,3669.47,4,Yes,Inactive,Cash,2025-02-26,Jaipur,3.7
C00900,51,Male,Home & Kitchen,Bedsheet,3764.13,1,Yes,Inactive,Cash,2024-04-05,Hyderabad,4.3
C00997,49,Male,Clothing,Sneakers,1693.59,2,No,Inactive,Debit Card,2025-11-11,Chennai,4.1
C01470,20,Male,Electronics,Speaker,31171.97,1,No,Active,Cash,2024-02-20,Ahmedabad,4.3
C00874,22,Male,Clothing,Dress,1822.41,1,Yes,Inactive,Wallet,2024-12-02,Delhi,3.5
C00021,53,Female,Home & Kitchen,Lamp,3844.03,3,No,Active,Debit Card,2025-10-22,Ahmedabad,3.9
C00619,27,Male,Electronics,Speaker,89251.52,1,No,Inactive,Net Banking,2025-05-31,Hyderabad,4.9
C01244,37,Female,Clothing,Sneakers,4063.32,2,No,Inactive,Cash,2024-05-13,Chennai,3.8
C00267,48,Female,Electronics,Smartphone,79592.04,1,No,Inactive,Cash,2024-01-27,Hyderabad,4.0
C00510,39,Female,Clothing,Dress,3581.17,2,No,Inactive,Credit Card,2024-11-27,Pune,4.4
C00660,36,Female,Home & Kitchen,Storage Box,11505.54,2,No,Inactive,Credit Card,2024-07-09,Chandigarh,3.9
C01713,52,Male,Home & Kitchen,Cookware,426.45,1,No,Active,UPI,2024-03-10,Kolkata,5.0
C00101,48,Other,Clothing,Jacket,1205.16,1,Yes,Active,UPI,2024-11-18,Delhi,4.3
C00503,49,Female,Home & Kitchen,Coffee Maker,11673.92,1,No,Inactive,Debit Card,2024-11-24,Chennai,3.5
C01493,52,Male,Clothing,Dress,1571.67,1,No,Inactive,Wallet,2024-09-01,Kolkata,5.0
C00630,39,Female,Clothing,Sneakers,765.25,2,No,Inactive,Credit Card,2025-08-12,Mumbai,4.0
C00376,61,Female,Sports,Yoga Mat,6430.88,3,Yes,Active,Net Banking,2024-04-15,Ahmedabad,4.2
C00446,46,Female,Clothing,T-Shirt,3600.6,5,No,Inactive,Debit Card,2025-03-13,Jaipur,5.0
C01163,40,Male,Books,Comics,300.27,5,Yes,Inactive,UPI,2024-09-29,Chandigarh,3.5
C01021,62,Male,Clothing,Sneakers,1941.34,3,No,Inactive,Credit Card,2025-07-17,Ahmedabad,3.3
C00118,29,Male,Home & Kitchen,Storage Box,14276.48,1,No,Inactive,Cash,2025-06-18,Chandigarh,4.6
C01061,41,Other,Home & Kitchen,Storage Box,14645.66,1,No,Active,Credit Card,2024-11-10,Chennai,4.2
C00476,47,Female,Books,Self-Help,1113.9,3,Yes,Active,Debit Card,2025-06-03,Jaipur,4.3
C00351,50,Female,Electronics,Smartwatch,71665.76,4,Yes,Inactive,Credit Card,2025-07-03,Kolkata,5.0
C01021,55,Female,Sports,Football,11914.6,2,No,Inactive,UPI,2024-04-20,Delhi,4.0
C01610,22,Male,Books,Fiction,414.52,5,No,Active,Debit Card,2025-05-27,Ahmedabad,3.8
C01953,51,Male,Sports,Dumbbells,6306.25,1,No,Active,Credit Card,2025-01-09,Mumbai,4.2
C01910,32,Female,Home & Kitchen,Lamp,9947.27,1,No,Inactive,Wallet,2025-01-16,Delhi,4.7
C01040,49,Male,Electronics,Speaker,47147.62,4,Yes,Active,UPI,2025-12-10,Ahmedabad,3.2
C00477,42,Female,Electronics,Laptop,84552.43,2,Yes,Inactive,Debit Card,2025-08-21,Kolkata,3.8
C00117,32,Female,Electronics,Headphones,57333.05,1,No,Active,Credit Card,2025-12-08,Chandigarh,4.6
C01532,25,Female,Sports,Football,9073.96,1,Yes,Active,Wallet,2024-11-22,Chandigarh,3.9
C00537,45,Male,Electronics,Smartphone,5468.19,1,Yes,Active,Cash,2024-11-23,Jaipur,4.3
C00384,32,Male,Clothing,Dress,3231.97,2,Yes,Active,Credit Card,2024-05-04,Bengaluru,4.3
C01170,27,Male,Beauty,Lipstick,4099.96,1,No,Inactive,Credit Card,2024-07-16,Bengaluru,5.0
C01287,18,Male,Electronics,Smartphone,43917.13,1,No,Active,Wallet,2024-12-13,Kolkata,3.6
C01259,47,Male,Clothing,Sneakers,3305.42,1,No,Inactive,UPI,2025-08-08,Mumbai,4.7
C01337,46,Female,Books,Technology,1727.09,1,No,Active,Credit Card,2024-01-17,Kolkata,5.0
C00417,56,Female,Beauty,Skin Serum,545.07,1,Yes,Inactive,Cash,2025-04-22,Jaipur,
C01465,46,Female,Books,Technology,1146.33,1,No,Active,Credit Card,2025-12-11,Hyderabad,4.7
C01392,39,Male,Beauty,Shampoo,1860.76,1,Yes,Inactive,Net Banking,2025-05-04,Chandigarh,3.8
C00058,18,Female,Books,Comics,969.06,2,Yes,Active,Credit Card,2025-07-14,Pune,3.1
C01762,47,Female,Sports,Yoga Mat,3225.31,2,Yes,Inactive,UPI,2025-03-06,Chandigarh,2.9
C01590,54,Female,Home & Kitchen,Coffee Maker,5813.6,4,No,Active,UPI,2025-11-21,Hyderabad,5.0
C00002,19,Female,Sports,Yoga Mat,5735.41,1,Yes,Inactive,UPI,2024-03-03,Hyderabad,2.9
C00781,27,Male,Clothing,T-Shirt,569.47,1,No,Active,Net Banking,2025-08-07,Chennai,4.2
C00733,18,Male,Books,Technology,971.61,1,Yes,Inactive,UPI,2025-05-19,Mumbai,4.5
C00260,19,Female,Clothing,T-Shirt,469.0,3,No,Active,Credit Card,2025-01-15,Bengaluru,3.0
C01308,54,Male,Home & Kitchen,Lamp,1724.41,1,Yes,Inactive,Credit Card,2024-09-01,Chandigarh,5.0
C00688,56,Male,Home & Kitchen,Cookware,7986.62,1,Yes,Active,UPI,2025-01-08,Jaipur,4.2
C00820,44,Female,Clothing,Jacket,4616.52,2,No,Active,Cash,2025-12-23,Pune,5.0
C00640,27,Female,Sports,Dumbbells,11878.52,2,Yes,Inactive,Credit Card,2024-07-18,Hyderabad,4.6
C01986,23,Female,Electronics,Smartphone,5909.04,2,No,Active,Credit Card,2025-01-02,Mumbai,3.9
C01229,60,Male,Home & Kitchen,Lamp,10250.03,2,No,Active,Net Banking,2025-12-18,Jaipur,4.8
C00043,62,Male,Beauty,Face Cream,4122.09,1,Yes,Active,Credit Card,2025-08-24,Pune,3.4
C01754,51,Other,Electronics,Smartphone,27213.51,2,No,Inactive,UPI,2025-08-02,Chennai,4.9
C00453,23,Male,Electronics,Smartwatch,75757.22,1,No,Inactive,Net Banking,2024-02-18,Mumbai,4.9
C00154,20,Female,Clothing,Jacket,1986.52,2,Yes,Active,UPI,2024-08-18,Mumbai,4.8
C00631,48,Female,Sports,Football,7183.74,1,Yes,Inactive,UPI,2025-04-20,Kolkata,3.6
C01073,47,Male,Clothing,T-Shirt,4561.1,3,Yes,Inactive,Debit Card,2024-08-18,Mumbai,3.8
C01694,53,Male,Electronics,Speaker,30198.54,2,No,Active,UPI,2024-06-22,Kolkata,4.7
C00972,64,Male,Sports,Running Shoes,2153.17,3,Yes,Inactive,UPI,2024-06-14,Kolkata,3.9
C00395,48,Female,Sports,Yoga Mat,6380.76,4,No,Inactive,Credit Card,2025-01-26,Chennai,4.5
C00460,37,Female,Electronics,Smartwatch,7171.12,1,Yes,Inactive,Debit Card,2024-10-14,Ahmedabad,4.1
C00399,38,Female,Home & Kitchen,Bedsheet,13644.14,1,No,Inactive,Cash,2024-02-09,Chandigarh,3.4
C00912,26,Male,Electronics,Laptop,23152.26,1,No,Active,Net Banking,2024-06-07,Kolkata,4.4
C00996,64,Female,Beauty,Face Cream,1898.4,1,No,Inactive,UPI,2024-04-26,Ahmedabad,3.7
C01982,51,Other,Home & Kitchen,Coffee Maker,373.48,3,Yes,Inactive,Credit Card,2025-07-24,Kolkata,2.9
C01197,60,Male,Books,Fiction,1684.88,2,No,Inactive,UPI,2024-05-12,Hyderabad,3.2
C00148,22,Female,Electronics,Headphones,19953.89,1,No,Inactive,Cash,2024-02-08,Ahmedabad,3.6
C00069,40,Male,Electronics,Headphones,15205.47,2,Yes,Inactive,Debit Card,2025-06-22,Chandigarh,5.0
C00914,32,Female,Home & Kitchen,Bedsheet,8099.69,2,No,Inactive,Credit Card,2024-03-14,Bengaluru,5.0
C01265,27,Female,Home & Kitchen,Cookware,12668.66,4,No,Inactive,Cash,2024-07-27,Ahmedabad,4.4
C01168,32,Female,Clothing,Dress,2877.92,1,No,Active,Credit Card,2024-11-02,Ahmedabad,4.9
C01528,27,Female,Electronics,Smartphone,72496.49,3,Yes,Inactive,Net Banking,2024-05-31,Ahmedabad,3.7
C01864,38,Female,Home & Kitchen,Storage Box,2335.89,2,Yes,Inactive,UPI,2025-12-19,Pune,
C01184,61,Male,Clothing,Jeans,649.85,2,No,Inactive,Debit Card,2025-04-30,Chandigarh,4.0
C01049,65,Male,Electronics,Laptop,65817.66,1,Yes,Active,Cash,2025-03-17,Chandigarh,4.2
C01189,28,Female,Electronics,Smartphone,14547.68,3,No,Active,Cash,2025-08-01,Mumbai,5.0
C01199,34,Male,Sports,Dumbbells,6987.28,1,No,Inactive,Wallet,2024-12-05,Hyderabad,3.0
C01090,42,Female,Electronics,Speaker,69795.62,2,No,Inactive,Credit Card,2025-09-25,Hyderabad,4.1
C01373,23,Female,Home & Kitchen,Lamp,2748.66,2,No,Active,Credit Card,2024-10-29,Chandigarh,4.0
C01233,54,Female,Clothing,T-Shirt,1442.27,1,No,Active,UPI,2024-12-27,Chennai,3.8
C01579,32,Female,Sports,Cricket Bat,9944.61,3,Yes,Inactive,Wallet,2024-05-21,Hyderabad,3.5
C01029,24,Male,Beauty,Face Cream,1812.81,1,No,Active,Debit Card,2024-11-29,Kolkata,3.8
C00041,51,Male,Clothing,Jacket,4116.82,2,No,Inactive,Debit Card,2024-04-25,Mumbai,3.8
C01635,61,Male,Clothing,Dress,1847.01,1,Yes,Inactive,Credit Card,2025-06-27,Chennai,4.4
C01918,30,Male,Home & Kitchen,Coffee Maker,8270.95,4,No,Inactive,Debit Card,2024-07-19,Delhi,4.1
C00489,25,Male,Clothing,T-Shirt,4671.42,1,No,Inactive,Debit Card,2024-11-18,Jaipur,4.1
C01709,42,Other,Clothing,Jeans,2136.7,3,No,Active,Wallet,2025-11-15,Delhi,3.1
C01062,26,Other,Clothing,Dress,2263.49,1,Yes,Inactive,Credit Card,2025-05-25,Ahmedabad,4.3
C00773,28,Female,Electronics,Speaker,89142.85,3,No,Active,Net Banking,2025-09-25,Chandigarh,3.7
C01601,23,Male,Electronics,Speaker,32926.32,1,Yes,Inactive,Credit Card,2025-08-16,Chandigarh,4.1
C00554,37,Female,Home & Kitchen,Cookware,12141.29,1,No,Inactive,Net Banking,2024-10-15,Bengaluru,
C00302,48,Female,Sports,Running Shoes,1389.86,2,No,Inactive,Cash,2025-02-03,Delhi,4.4
C00777,40,Female,Home & Kitchen,Cookware,9879.89,3,No,Inactive,Cash,2024-03-29,Jaipur,4.7
C00654,60,Female,Electronics,Speaker,54769.22,1,No,Inactive,UPI,2025-10-03,Chennai,2.8
C00350,26,Female,Beauty,Face Cream,4096.55,2,No,Inactive,Debit Card,2025-11-25,Ahmedabad,4.5
C00988,62,Female,Clothing,T-Shirt,1219.86,4,No,Inactive,Net Banking,2024-10-22,Mumbai,4.2
C00003,32,Male,Home & Kitchen,Coffee Maker,2996.26,4,Yes,Active,UPI,2024-06-04,Pune,4.9
C00892,32,Female,Sports,Running Shoes,9415.58,2,Yes,Inactive,UPI,2024-02-26,Jaipur,3.3
C01181,62,Female,Beauty,Perfume,3883.14,1,Yes,Active,Debit Card,2024-05-27,Jaipur,3.6
C01153,29,Male,Home & Kitchen,Lamp,10274.95,3,Yes,Inactive,Debit Card,2024-03-31,Chennai,4.2
C01270,42,Female,Books,Self-Help,1179.22,2,No,Inactive,Debit Card,2025-11-15,Delhi,4.2
C00558,19,Female,Clothing,Dress,3538.26,4,Yes,Inactive,Debit Card,2024-05-12,Kolkata,4.3
C01090,49,Female,Home & Kitchen,Lamp,4415.53,1,No,Active,Cash,2024-06-17,Mumbai,3.9
C00528,21,Male,Home & Kitchen,Bedsheet,6947.01,2,Yes,Inactive,Debit Card,2024-06-07,Kolkata,3.6
C01276,56,Other,Clothing,Jacket,3622.14,2,No,Inactive,Cash,2024-02-13,Delhi,2.9
C01554,54,Male,Beauty,Lipstick,384.58,3,Yes,Inactive,Cash,2024-09-16,Hyderabad,3.5
C01599,33,Male,Clothing,T-Shirt,1196.69,1,No,Active,Wallet,2025-02-23,Chennai,3.8
C01292,64,Male,Electronics,Laptop,33308.68,1,No,Inactive,Credit Card,2025-03-11,Bengaluru,2.7
C01168,64,Female,Sports,Football,8855.84,4,No,Active,UPI,2025-03-01,Chennai,3.5
C00530,36,Female,Books,Technology,1654.42,1,Yes,Active,Credit Card,2024-12-08,Jaipur,4.2
C00971,18,Other,Beauty,Skin Serum,2934.43,3,Yes,Inactive,UPI,2025-05-31,Chandigarh,3.4
C00188,64,Female,Sports,Cricket Bat,9495.77,1,Yes,Active,Net Banking,2024-05-08,Pune,3.8
C01284,42,Male,Clothing,Sneakers,4802.47,1,No,Inactive,Net Banking,2024-11-20,Chennai,3.4
C01273,33,Male,Home & Kitchen,Lamp,6320.66,4,Yes,Inactive,UPI,2024-05-31,Chennai,3.5
C01134,39,Female,Home & Kitchen,Storage Box,5427.52,2,No,Inactive,Credit Card,2025-12-24,Hyderabad,3.4
C00092,65,Female,Clothing,Jeans,3415.39,2,No,Inactive,UPI,2025-06-18,Chandigarh,4.8
C00483,59,Female,Home & Kitchen,Lamp,10171.07,3,Yes,Active,Debit Card,2024-07-30,Hyderabad,3.9
C01669,21,Male,Books,Self-Help,473.48,1,No,Active,Credit Card,2025-07-06,Hyderabad,3.9
C00141,54,Male,Electronics,Smartphone,87448.09,1,Yes,Inactive,Cash,2024-01-08,Ahmedabad,4.5
C01994,34,Male,Sports,Football,5008.3,4,No,Active,Debit Card,2025-11-26,Kolkata,3.1
C00495,45,Female,Clothing,Dress,4718.09,1,Yes,Active,UPI,2024-07-07,Bengaluru,3.8
C01540,44,Female,Electronics,Headphones,37486.7,1,No,Active,UPI,2024-11-21,Jaipur,3.1
C00573,53,Male,Books,Comics,1997.18,1,No,Inactive,UPI,2025-08-05,Hyderabad,4.4
C01219,28,Male,Home & Kitchen,Bedsheet,12262.86,1,No,Inactive,UPI,2024-01-14,Kolkata,3.7
C01827,50,Female,Clothing,T-Shirt,800.83,2,No,Inactive,Cash,2024-09-18,Pune,4.2
C01643,33,Female,Electronics,Smartwatch,50071.81,2,No,Active,Cash,2024-03-29,Hyderabad,3.9
C00553,64,Female,Clothing,Jeans,2481.67,1,No,Inactive,Credit Card,2025-03-29,Chennai,3.4
C01728,52,Female,Sports,Dumbbells,2096.46,1,No,Inactive,UPI,2025-02-24,Bengaluru,4.5
C00419,21,Male,Clothing,T-Shirt,1761.06,1,No,Inactive,Net Banking,2024-05-21,Delhi,
C00160,43,Female,Sports,Dumbbells,4448.77,1,Yes,Active,UPI,2025-02-10,Delhi,4.6
C00156,60,Male,Electronics,Headphones,70150.56,1,No,Inactive,Debit Card,2025-04-07,Pune,2.6
C01110,32,Male,Electronics,Headphones,15197.14,2,No,Active,Credit Card,2024-07-04,Pune,3.6
C01241,34,Male,Home & Kitchen,Storage Box,4634.59,3,Yes,Inactive,Credit Card,2024-04-24,Mumbai,3.4
C00073,31,Male,Clothing,Sneakers,775.95,2,No,Active,Cash,2025-10-13,Bengaluru,4.0
C00104,56,Female,Clothing,Jacket,4178.57,1,No,Inactive,Debit Card,2025-02-17,Jaipur,4.8
C01394,34,Male,Electronics,Smartwatch,58463.98,3,No,Active,Wallet,2024-09-05,Chandigarh,4.2
C00971,20,Male,Clothing,Jacket,4225.55,2,Yes,Active,UPI,2025-07-27,Jaipur,4.5
C01530,40,Female,Books,Business,1565.32,2,Yes,Inactive,UPI,2024-06-26,Chennai,4.8
C00398,55,Female,Electronics,Smartwatch,68703.07,1,Yes,Inactive,Credit Card,2024-09-16,Delhi,5.0
C00567,43,Female,Electronics,Headphones,62454.24,2,No,Inactive,Debit Card,2025-11-17,Bengaluru,4.8
C01298,65,Female,Clothing,Jeans,4260.89,3,Yes,Inactive,Wallet,2024-07-07,Ahmedabad,4.1
C01450,36,Female,Books,Fiction,1371.56,2,Yes,Inactive,Debit Card,2024-10-17,Mumbai,4.2
C01073,48,Female,Electronics,Speaker,80398.01,5,Yes,Inactive,Net Banking,2025-03-09,Chennai,4.2
C00493,36,Male,Electronics,Laptop,61997.52,2,No,Inactive,UPI,2024-06-07,Mumbai,3.4
C01065,45,Male,Home & Kitchen,Cookware,431.98,2,No,Inactive,Debit Card,2024-12-17,Bengaluru,4.9
C01219,34,Female,Sports,Football,9544.91,2,No,Active,Debit Card,2025-11-25,Mumbai,4.5
C01435,55,Male,Sports,Football,3428.86,1,No,Inactive,Debit Card,2024-07-03,Hyderabad,
C00957,48,Female,Beauty,Skin Serum,4366.86,2,No,Active,Debit Card,2025-12-04,Delhi,3.4
C01371,23,Female,Electronics,Speaker,46483.63,1,Yes,Active,UPI,2024-04-16,Pune,3.6
C01584,29,Male,Beauty,Skin Serum,3876.52,1,No,Inactive,Net Banking,2024-03-09,Delhi,4.2
C00664,24,Male,Home & Kitchen,Lamp,13313.37,4,Yes,Active,Credit Card,2025-03-03,Chandigarh,3.5
C00920,63,Female,Clothing,Sneakers,1208.35,2,No,Inactive,UPI,2025-02-01,Bengaluru,3.6
C01620,52,Male,Beauty,Perfume,1717.71,1,Yes,Active,Credit Card,2025-05-26,Ahmedabad,4.2
C01009,22,Other,Clothing,Jeans,859.56,2,Yes,Inactive,Credit Card,2024-01-28,Delhi,4.1
C00214,20,Female,Home & Kitchen,Coffee Maker,12847.62,1,No,Inactive,Debit Card,2025-02-10,Hyderabad,5.0
C00492,59,Male,Beauty,Skin Serum,4327.52,1,Yes,Inactive,Cash,2024-11-07,Kolkata,3.1
C01425,65,Female,Home & Kitchen,Lamp,7736.08,2,No,Inactive,Wallet,2025-03-01,Mumbai,4.9
C00745,62,Male,Beauty,Skin Serum,2237.39,1,No,Active,UPI,2024-08-06,Bengaluru,3.2
C00012,30,Male,Beauty,Lipstick,4236.43,2,No,Inactive,Debit Card,2025-01-08,Delhi,5.0
C01226,56,Male,Clothing,Jeans,1420.52,3,No,Active,Debit Card,2025-09-20,Delhi,4.6
C01562,26,Female,Beauty,Lipstick,4934.02,3,No,Inactive,UPI,2024-07-09,Kolkata,3.4
C01358,59,Male,Beauty,Face Cream,2318.28,3,Yes,Inactive,UPI,2024-10-09,Pune,
C01350,26,Female,Sports,Cricket Bat,7352.1,1,Yes,Inactive,Debit Card,2025-04-03,Chandigarh,3.9
C01788,40,Male,Clothing,Jeans,1691.87,5,No,Active,UPI,2024-06-26,Kolkata,5.0
C01467,18,Female,Home & Kitchen,Coffee Maker,14415.73,1,No,Inactive,Cash,2025-04-01,Mumbai,3.8
C01929,49,Male,Books,Fiction,427.29,2,Yes,Inactive,Debit Card,2025-05-20,Delhi,4.4
C01063,27,Male,Books,Comics,1352.96,4,Yes,Inactive,UPI,2024-09-30,Kolkata,3.1
C01078,35,Female,Electronics,Smartphone,20719.2,2,Yes,Active,Wallet,2025-07-03,Kolkata,4.2
C01578,41,Female,Electronics,Smartphone,1474.16,2,Yes,Active,Debit Card,2025-10-17,Hyderabad,5.0
C01718,57,Male,Clothing,Sneakers,3823.56,3,No,Inactive,Debit Card,2025-10-27,Jaipur,4.6
C01577,26,Male,Home & Kitchen,Bedsheet,13219.38,1,No,Inactive,UPI,2025-05-13,Bengaluru,5.0
C00540,52,Female,Sports,Cricket Bat,10282.54,2,No,Inactive,Cash,2024-02-16,Kolkata,5.0
C01393,40,Female,Beauty,Perfume,3125.78,2,No,Inactive,Credit Card,2025-04-26,Delhi,3.3
C00420,52,Female,Books,Comics,1873.78,2,Yes,Active,Credit Card,2024-11-15,Chandigarh,4.3
C00947,42,Male,Electronics,Laptop,25978.64,1,No,Inactive,Debit Card,2024-12-18,Chandigarh,3.4
C01852,33,Female,Beauty,Skin Serum,2881.73,2,Yes,Inactive,Debit Card,2024-02-14,Chandigarh,3.3
C00082,44,Other,Clothing,Jeans,338.67,1,Yes,Active,Debit Card,2025-09-17,Pune,4.2
C00733,31,Female,Beauty,Shampoo,3837.29,1,Yes,Inactive,Debit Card,2025-07-14,Delhi,5.0
C00852,36,Male,Sports,Dumbbells,6368.7,2,No,Inactive,UPI,2025-12-08,Pune,4.2
C00868,34,Male,Clothing,Sneakers,374.33,1,No,Inactive,UPI,2024-08-12,Pune,4.6
C00911,38,Male,Clothing,Sneakers,1766.48,1,No,Inactive,Cash,2025-01-30,Hyderabad,3.6
C01099,45,Female,Home & Kitchen,Storage Box,11297.1,3,No,Inactive,Cash,2025-04-11,Bengaluru,3.9
C00748,47,Other,Electronics,Laptop,20683.42,3,Yes,Active,Net Banking,2025-01-15,Jaipur,3.9
C00269,48,Female,Books,Self-Help,282.08,1,No,Inactive,Wallet,2024-04-07,Chandigarh,3.4
C00090,65,Female,Home & Kitchen,Coffee Maker,13444.56,1,Yes,Active,Net Banking,2024-09-20,Kolkata,4.7
C00601,33,Female,Electronics,Smartwatch,30890.19,2,No,Active,Net Banking,2024-10-22,Pune,4.5
C00531,56,Female,Home & Kitchen,Storage Box,8456.09,1,No,Active,Wallet,2024-10-17,Ahmedabad,4.1
C00510,65,Female,Electronics,Smartphone,59969.58,1,No,Inactive,Cash,2024-09-16,Chandigarh,3.8
C01529,45,Male,Electronics,Speaker,89428.23,2,No,Inactive,Debit Card,2024-08-26,Ahmedabad,3.8
C00667,35,Male,Electronics,Smartphone,21129.64,2,Yes,Inactive,UPI,2024-07-15,Bengaluru,4.3
C00378,65,Male,Books,Technology,1384.85,2,No,Inactive,Credit Card,2024-04-30,Chandigarh,3.2
C01384,56,Male,Home & Kitchen,Bedsheet,5143.2,2,Yes,Active,Credit Card,2025-08-27,Bengaluru,3.8
C01177,18,Female,Clothing,Dress,3622.51,1,No,Inactive,Wallet,2024-08-14,Bengaluru,5.0
C00944,46,Male,Electronics,Laptop,31829.35,1,No,Active,UPI,2024-12-14,Kolkata,3.5
C01814,28,Other,Beauty,Skin Serum,3751.11,1,Yes,Inactive,UPI,2024-04-10,Chandigarh,4.3
C01309,23,Female,Books,Self-Help,965.5,2,No,Active,Debit Card,2025-03-17,Chennai,3.5
C01506,26,Female,Home & Kitchen,Cookware,2290.52,1,No,Inactive,Net Banking,2024-05-03,Delhi,4.8
C01312,57,Female,Electronics,Smartphone,67478.74,3,Yes,Inactive,Cash,2025-12-07,Kolkata,4.0
C00304,65,Male,Beauty,Shampoo,2688.57,2,No,Inactive,UPI,2024-01-25,Pune,3.2
C01022,32,Male,Beauty,Perfume,2710.9,1,No,Active,Wallet,2024-07-31,Ahmedabad,4.9
C01879,35,Female,Electronics,Speaker,31496.81,2,Yes,Active,Debit Card,2025-01-08,Chandigarh,4.5
C00270,45,Female,Clothing,Dress,2283.65,3,No,Inactive,Debit Card,2024-05-25,Ahmedabad,3.7
C00617,38,Female,Home & Kitchen,Cookware,5834.82,3,No,Inactive,Credit Card,2024-04-07,Hyderabad,4.2
C01645,19,Other,Books,Comics,490.52,2,No,Inactive,Credit Card,2024-12-18,Mumbai,4.4
C00347,39,Male,Sports,Football,8985.48,2,No,Inactive,UPI,2024-06-10,Kolkata,3.4
C01501,61,Male,Clothing,Jeans,1762.81,2,No,Inactive,Cash,2025-11-09,Mumbai,3.6
C01882,47,Male,Home & Kitchen,Cookware,4037.4,2,Yes,Inactive,Debit Card,2025-11-16,Kolkata,4.3
C01843,29,Female,Electronics,Headphones,29908.11,1,No,Inactive,Debit Card,2024-11-05,Jaipur,2.6
C00493,50,Male,Books,Self-Help,1545.33,1,Yes,Inactive,Cash,2025-06-08,Pune,3.4
C01232,37,Male,Sports,Football,4420.6,4,No,Active,Net Banking,2025-06-20,Chennai,3.4
C00138,38,Male,Beauty,Shampoo,3498.13,2,No,Inactive,Debit Card,2024-09-30,Bengaluru,4.0
C01907,45,Female,Clothing,Sneakers,4292.77,1,No,Active,Debit Card,2024-02-21,Chennai,3.7
C01828,19,Female,Home & Kitchen,Bedsheet,1411.69,1,No,Inactive,Cash,2025-07-25,Jaipur,4.0
C00203,59,Male,Sports,Football,4269.91,3,Yes,Inactive,UPI,2024-03-14,Kolkata,
C00888,38,Male,Home & Kitchen,Storage Box,2449.88,5,No,Active,Credit Card,2025-01-29,Ahmedabad,3.3
C00532,23,Male,Electronics,Smartwatch,17685.88,1,No,Inactive,Debit Card,2025-05-15,Jaipur,4.4
C00403,56,Male,Clothing,Dress,2245.75,4,No,Inactive,Net Banking,2025-05-22,Bengaluru,4.2
C01744,31,Male,Books,Self-Help,1755.18,3,Yes,Inactive,Debit Card,2025-01-04,Jaipur,3.6
C01136,56,Female,Electronics,Laptop,44003.47,1,Yes,Inactive,Debit Card,2025-01-13,Hyderabad,4.2
C00399,18,Female,Home & Kitchen,Bedsheet,2938.03,4,No,Inactive,Net Banking,2025-09-19,Ahmedabad,5.0
C00876,24,Male,Clothing,Jacket,851.07,1,Yes,Active,UPI,2024-10-30,Kolkata,3.6
C00198,23,Male,Beauty,Skin Serum,1449.75,3,No,Inactive,UPI,2025-04-02,Mumbai,4.3
C01725,49,Female,Sports,Cricket Bat,587.62,1,No,Active,Debit Card,2024-12-15,Jaipur,3.8
C00134,51,Female,Home & Kitchen,Bedsheet,2818.27,2,No,Inactive,UPI,2025-10-10,Chandigarh,2.9
C01302,21,Male,Beauty,Skin Serum,1112.9,2,No,Inactive,Net Banking,2025-03-16,Chandigarh,3.7
C01475,41,Male,Beauty,Lipstick,455.23,1,No,Inactive,Credit Card,2024-09-05,Chandigarh,3.0
C01860,56,Female,Books,Business,602.68,4,Yes,Inactive,Debit Card,2025-04-25,Chandigarh,5.0
C00274,51,Male,Beauty,Shampoo,1085.62,3,Yes,Inactive,Debit Card,2024-08-14,Chandigarh,3.9
C00002,38,Female,Home & Kitchen,Lamp,4886.56,1,No,Inactive,Credit Card,2024-07-06,Bengaluru,3.1
C01793,50,Female,Clothing,Dress,416.16,1,Yes,Active,Debit Card,2025-10-07,Ahmedabad,4.2
C00618,35,Female,Sports,Football,9688.64,1,No,Inactive,Debit Card,2025-05-15,Chandigarh,3.8
C00957,31,Male,Books,Fiction,1639.89,1,No,Active,UPI,2025-05-20,Chennai,3.9
C00873,34,Male,Beauty,Skin Serum,3239.23,2,Yes,Active,UPI,2024-10-18,Ahmedabad,3.9
C01916,62,Female,Books,Comics,1642.93,2,Yes,Inactive,Debit Card,2025-11-25,Bengaluru,3.5
C01518,21,Female,Clothing,T-Shirt,1594.27,2,No,Active,Cash,2024-10-24,Jaipur,4.6
C00730,47,Male,Books,Self-Help,642.44,1,Yes,Active,UPI,2024-12-02,Pune,3.5
C01509,33,Female,Sports,Dumbbells,7432.43,2,No,Inactive,Wallet,2024-11-10,Delhi,4.8
C01126,36,Female,Clothing,Jacket,1857.4,2,No,Inactive,Debit Card,2024-10-01,Mumbai,5.0
C01591,58,Female,Electronics,Laptop,44646.37,3,Yes,Inactive,Credit Card,2025-01-01,Jaipur,4.5
C01022,30,Female,Books,Self-Help,237.03,2,No,Active,UPI,2025-02-14,Ahmedabad,3.8
C00828,48,Male,Clothing,T-Shirt,798.27,2,No,Inactive,Credit Card,2024-03-10,Hyderabad,3.5
C01046,47,Male,Sports,Dumbbells,11239.84,2,Yes,Inactive,UPI,2024-04-07,Chandigarh,3.2
C01754,25,Other,Beauty,Perfume,4123.43,2,No,Inactive,UPI,2025-11-19,Mumbai,3.6
C00453,65,Male,Books,Technology,1293.91,3,No,Active,UPI,2025-12-02,Chandigarh,4.0
C00114,61,Male,Books,Fiction,1762.41,2,Yes,Inactive,Debit Card,2024-01-04,Mumbai,5.0
C01148,40,Female,Clothing,Dress,2947.22,1,Yes,Active,Debit Card,2024-03-28,Delhi,4.8
C01215,27,Female,Sports,Yoga Mat,6871.28,2,Yes,Active,UPI,2024-04-11,Jaipur,3.3
C00141,56,Female,Home & Kitchen,Cookware,9077.19,1,Yes,Inactive,Credit Card,2025-01-18,Bengaluru,4.9
C00574,48,Male,Electronics,Smartwatch,16791.73,2,No,Active,Debit Card,2024-03-28,Hyderabad,4.1
C01248,43,Male,Clothing,Sneakers,2581.35,2,Yes,Inactive,Debit Card,2025-08-16,Bengaluru,3.3
C00685,53,Female,Beauty,Face Cream,736.64,2,No,Inactive,Debit Card,2024-06-09,Chandigarh,3.5
C00041,56,Male,Beauty,Perfume,764.67,2,Yes,Inactive,Credit Card,2024-12-17,Delhi,4.6
C00629,33,Female,Electronics,Smartwatch,1111.32,2,Yes,Inactive,Debit Card,2025-05-20,Pune,3.6
C00570,63,Male,Clothing,Dress,3360.19,1,No,Active,UPI,2024-02-23,Hyderabad,3.2
C00925,30,Male,Home & Kitchen,Storage Box,11320.15,1,No,Inactive,UPI,2024-01-09,Ahmedabad,4.9
C01567,34,Female,Books,Technology,363.71,3,No,Active,UPI,2025-08-12,Mumbai,3.2
C01015,30,Male,Home & Kitchen,Storage Box,10751.06,4,Yes,Active,Net Banking,2024-01-06,Kolkata,4.1
C01513,25,Female,Electronics,Smartwatch,87785.07,3,Yes,Inactive,UPI,2025-01-27,Chandigarh,3.1
C00455,22,Female,Clothing,T-Shirt,346.39,4,Yes,Active,UPI,2025-06-12,Kolkata,3.5
C00599,56,Male,Home & Kitchen,Storage Box,585.27,1,No,Active,UPI,2025-03-05,Jaipur,4.6
C01093,40,Female,Books,Technology,1772.58,3,Yes,Inactive,UPI,2025-01-27,Chandigarh,4.5
C00334,30,Male,Electronics,Headphones,77858.84,3,No,Inactive,Debit Card,2025-04-06,Mumbai,3.9
C01776,41,Female,Clothing,Jacket,578.46,1,Yes,Inactive,UPI,2025-12-09,Mumbai,3.2
C00242,54,Male,Books,Fiction,1260.16,2,Yes,Inactive,Credit Card,2025-05-20,Chandigarh,4.7
C01223,37,Female,Beauty,Perfume,3535.83,3,No,Inactive,Credit Card,2024-07-10,Mumbai,4.1
C01317,56,Male,Home & Kitchen,Lamp,14836.4,2,No,Inactive,Cash,2025-03-11,Chennai,4.1
C01522,37,Male,Beauty,Skin Serum,4580.18,1,No,Active,Debit Card,2024-12-26,Kolkata,4.0
C01637,23,Female,Electronics,Headphones,22138.07,1,No,Inactive,Debit Card,2024-02-19,Mumbai,2.9
C01995,39,Male,Electronics,Laptop,76120.09,3,No,Inactive,Debit Card,2024-01-14,Bengaluru,3.0
C01432,46,Male,Home & Kitchen,Lamp,12852.11,1,No,Inactive,UPI,2025-09-08,Chandigarh,4.4
C00438,29,Female,Books,Comics,1569.09,3,Yes,Inactive,Debit Card,2024-07-28,Ahmedabad,2.9
C00242,48,Female,Beauty,Perfume,3545.72,1,No,Active,Debit Card,2025-05-05,Hyderabad,4.4
C00314,37,Male,Clothing,Sneakers,4504.53,1,No,Inactive,UPI,2024-04-07,Chandigarh,5.0
C01458,45,Female,Home & Kitchen,Bedsheet,5285.82,2,No,Inactive,Debit Card,2025-11-29,Delhi,3.7
C00191,43,Male,Electronics,Headphones,67547.32,4,No,Inactive,Debit Card,2024-08-19,Delhi,4.2
C00873,22,Female,Beauty,Face Cream,222.9,1,Yes,Inactive,Debit Card,2024-12-08,Bengaluru,4.3
C01882,39,Male,Beauty,Skin Serum,1462.42,2,No,Active,UPI,2025-03-10,Ahmedabad,4.8
C01320,35,Male,Clothing,Jeans,3861.68,1,No,Active,Net Banking,2024-04-26,Kolkata,3.0
C01046,53,Female,Sports,Running Shoes,5291.87,2,No,Inactive,UPI,2025-06-14,Hyderabad,5.0
C00895,57,Male,Electronics,Laptop,37908.69,2,No,Active,UPI,2024-01-27,Chandigarh,5.0
C00921,29,Male,Beauty,Shampoo,2617.08,1,No,Inactive,UPI,2024-08-25,Mumbai,4.8
C00878,35,Female,Home & Kitchen,Coffee Maker,8930.61,2,Yes,Inactive,Credit Card,2024-10-24,Delhi,2.7
C00238,47,Male,Clothing,Jeans,649.11,2,Yes,Active,Wallet,2025-11-17,Delhi,4.2
C00843,37,Female,Home & Kitchen,Coffee Maker,8707.14,2,No,Inactive,UPI,2025-10-08,Pune,4.6
C01327,58,Other,Books,Comics,307.68,2,Yes,Inactive,Credit Card,2024-10-04,Jaipur,4.7
C00053,43,Female,Sports,Yoga Mat,10152.83,1,No,Active,UPI,2025-02-25,Ahmedabad,3.5
C01939,30,Female,Home & Kitchen,Coffee Maker,6819.55,1,Yes,Active,Net Banking,2025-06-26,Ahmedabad,5.0
C01300,28,Male,Clothing,T-Shirt,2248.17,2,Yes,Inactive,Wallet,2024-04-11,Hyderabad,3.9
C01769,51,Female,Home & Kitchen,Lamp,11055.77,1,No,Active,Credit Card,2025-11-07,Pune,3.2
C01756,36,Other,Clothing,Sneakers,4247.72,2,Yes,Inactive,UPI,2025-10-05,Pune,5.0
C01092,57,Male,Beauty,Lipstick,656.76,1,No,Inactive,UPI,2025-11-17,Bengaluru,4.2
C00450,57,Female,Books,Business,1005.11,4,Yes,Active,UPI,2024-07-17,Pune,5.0
C00746,26,Female,Books,Comics,795.66,3,No,Inactive,UPI,2024-03-09,Ahmedabad,3.7
C01338,45,Male,Sports,Dumbbells,2069.37,5,Yes,Inactive,Net Banking,2025-10-09,Hyderabad,3.4
C00729,50,Other,Sports,Dumbbells,672.59,4,Yes,Inactive,Debit Card,2025-11-11,Kolkata,4.5
C00065,32,Female,Electronics,Laptop,44854.53,5,No,Inactive,Net Banking,2025-07-07,Mumbai,4.8
C01278,41,Male,Clothing,Jacket,2477.22,1,No,Inactive,UPI,2024-01-21,Kolkata,3.7
C01506,62,Female,Clothing,T-Shirt,2908.26,1,No,Inactive,UPI,2024-07-19,Pune,4.6
C01674,22,Male,Sports,Running Shoes,1452.96,1,Yes,Inactive,Debit Card,2025-03-30,Kolkata,4.6
C01915,19,Female,Clothing,Jeans,2601.92,4,Yes,Inactive,UPI,2024-02-06,Mumbai,4.1
C01855,48,Male,Beauty,Lipstick,2681.76,2,No,Inactive,UPI,2024-09-03,Ahmedabad,4.7
C00334,22,Male,Books,Self-Help,151.81,1,No,Inactive,Net Banking,2024-04-18,Hyderabad,4.3
C01860,56,Female,Electronics,Smartphone,3960.96,2,No,Active,UPI,2025-08-04,Chandigarh,4.5
C00431,65,Male,Clothing,Jeans,1476.72,2,No,Active,UPI,2025-10-12,Hyderabad,5.0
C01196,21,Male,Clothing,Jacket,2858.54,1,No,Inactive,Wallet,2025-10-13,Hyderabad,5.0
C00302,52,Male,Home & Kitchen,Storage Box,12914.06,2,Yes,Active,Net Banking,2025-02-13,Pune,3.2
C01151,60,Male,Electronics,Smartwatch,58876.39,2,Yes,Inactive,Debit Card,2024-07-29,Hyderabad,4.2
C00318,28,Female,Electronics,Speaker,68240.36,2,No,Active,Credit Card,2025-09-03,Jaipur,4.6
C00698,19,Male,Home & Kitchen,Cookware,11848.72,2,No,Active,Cash,2025-02-07,Pune,4.1
C00823,44,Female,Electronics,Speaker,11336.46,1,No,Inactive,Cash,2025-10-27,Bengaluru,4.7
C00795,47,Male,Home & Kitchen,Bedsheet,11442.17,1,No,Inactive,Debit Card,2024-01-08,Pune,3.7
C00428,21,Male,Home & Kitchen,Coffee Maker,6713.37,2,No,Inactive,UPI,2024-07-07,Jaipur,3.4
C00009,64,Female,Clothing,Jacket,4447.7,1,Yes,Active,Debit Card,2024-06-05,Bengaluru,3.9
C00863,61,Other,Clothing,Sneakers,1240.13,4,Yes,Inactive,Credit Card,2025-10-16,Chennai,4.4
C00570,33,Female,Electronics,Laptop,4470.69,1,No,Inactive,UPI,2024-05-15,Ahmedabad,4.2
C00923,64,Female,Clothing,Dress,3976.56,1,Yes,Inactive,UPI,2025-05-15,Kolkata,4.8
C01196,55,Male,Home & Kitchen,Lamp,6906.41,1,Yes,Active,Net Banking,2025-07-18,Hyderabad,2.1
C01804,54,Male,Clothing,Jeans,730.19,5,No,Active,Credit Card,2025-03-09,Bengaluru,3.7
C00654,54,Female,Beauty,Lipstick,4087.23,1,No,Inactive,Credit Card,2025-10-10,Chandigarh,4.3
C01688,49,Female,Sports,Yoga Mat,2493.74,4,No,Active,Debit Card,2025-01-19,Delhi,3.9
C00124,21,Female,Clothing,Jeans,3527.08,2,No,Inactive,Credit Card,2025-11-26,Ahmedabad,4.0
C01987,56,Male,Beauty,Shampoo,4520.67,1,No,Inactive,Debit Card,2025-02-09,Chennai,4.0
C01090,46,Female,Sports,Dumbbells,4090.27,2,No,Active,Debit Card,2025-12-15,Kolkata,4.0
C01849,39,Male,Sports,Football,416.73,1,Yes,Active,Debit Card,2025-07-12,Mumbai,4.1
C01292,65,Male,Clothing,Jacket,491.38,2,No,Inactive,Cash,2025-10-15,Mumbai,5.0
C00801,19,Female,Electronics,Headphones,51914.51,2,Yes,Inactive,Net Banking,2025-04-05,Delhi,4.7
C01874,43,Female,Home & Kitchen,Storage Box,14811.78,4,No,Active,Net Banking,2024-06-03,Kolkata,4.8
C00540,43,Female,Home & Kitchen,Bedsheet,2680.54,2,No,Inactive,Cash,2024-03-23,Delhi,4.2
C01440,18,Female,Electronics,Headphones,38409.07,2,Yes,Inactive,Credit Card,2024-12-08,Kolkata,4.4
C01864,52,Male,Sports,Cricket Bat,5852.75,4,Yes,Inactive,Debit Card,2024-01-23,Chennai,4.5
C01919,27,Male,Clothing,Dress,3330.47,1,No,Inactive,UPI,2025-08-30,Bengaluru,5.0
C01862,56,Female,Clothing,Sneakers,4916.79,1,No,Inactive,Debit Card,2025-05-15,Delhi,4.3
C00513,24,Male,Clothing,Jeans,1940.77,2,Yes,Inactive,Wallet,2024-10-10,Ahmedabad,4.9
C00547,65,Other,Home & Kitchen,Storage Box,6245.47,2,No,Inactive,Net Banking,2024-10-17,Ahmedabad,4.4
C00113,40,Female,Clothing,Jacket,1165.36,3,No,Active,Debit Card,2025-03-18,Chennai,3.1
C00945,32,Male,Beauty,Shampoo,3607.03,3,No,Inactive,UPI,2025-07-17,Ahmedabad,4.2
C00064,23,Male,Clothing,Sneakers,1411.89,2,No,Inactive,Credit Card,2024-11-11,Jaipur,2.4
C01501,24,Male,Beauty,Face Cream,2333.9,3,Yes,Inactive,Wallet,2024-10-16,Kolkata,5.0
C00695,64,Other,Books,Comics,1529.2,4,Yes,Inactive,UPI,2024-06-02,Chandigarh,3.1
C01296,45,Male,Home & Kitchen,Lamp,10463.03,3,No,Active,Cash,2025-10-18,Hyderabad,3.2
C00874,19,Other,Home & Kitchen,Storage Box,13722.09,2,No,Active,Credit Card,2025-10-09,Kolkata,3.4
C00984,31,Female,Books,Business,1305.38,2,Yes,Inactive,Credit Card,2024-01-22,Chandigarh,3.5
C00003,35,Male,Clothing,Jacket,2065.87,3,Yes,Inactive,Credit Card,2025-08-30,Pune,3.9
C00029,65,Male,Electronics,Speaker,4084.65,1,No,Inactive,Credit Card,2025-12-05,Bengaluru,5.0
C01872,32,Female,Electronics,Headphones,68687.7,1,Yes,Active,UPI,2025-10-05,Hyderabad,4.9
C00427,37,Other,Home & Kitchen,Lamp,6143.77,2,No,Inactive,Credit Card,2025-04-09,Chennai,4.5
C01321,60,Female,Sports,Running Shoes,1747.38,2,No,Inactive,Credit Card,2024-11-05,Pune,5.0
C01011,36,Male,Clothing,Sneakers,2040.62,2,No,Inactive,Wallet,2025-08-02,Hyderabad,5.0
C01284,46,Male,Clothing,Sneakers,1311.47,2,No,Inactive,UPI,2025-08-06,Chennai,3.4
C00944,57,Male,Clothing,Sneakers,2745.56,5,No,Active,UPI,2024-07-30,Pune,3.1
C01381,45,Male,Sports,Cricket Bat,11096.15,1,Yes,Inactive,Net Banking,2025-12-20,Pune,5.0
C01767,63,Female,Beauty,Shampoo,4607.6,2,Yes,Active,UPI,2025-10-22,Hyderabad,4.1
C01152,43,Male,Home & Kitchen,Lamp,8087.8,3,No,Inactive,Debit Card,2025-09-03,Hyderabad,4.0
C00260,62,Male,Clothing,Dress,1350.53,3,No,Active,UPI,2024-10-25,Pune,4.3
C00634,43,Male,Clothing,Jeans,1278.48,1,No,Active,UPI,2024-11-24,Ahmedabad,3.8
C01038,27,Female,Books,Fiction,1770.55,1,No,Inactive,Wallet,2024-07-30,Delhi,3.3
C00620,33,Female,Books,Self-Help,1851.81,1,No,Inactive,Credit Card,2024-08-22,Pune,5.0
C00476,61,Male,Books,Self-Help,456.43,1,Yes,Inactive,UPI,2025-06-04,Chennai,4.2
C01548,26,Male,Sports,Dumbbells,5686.09,3,No,Inactive,Debit Card,2024-02-19,Delhi,3.7
C00981,23,Female,Clothing,Jeans,873.67,2,No,Inactive,UPI,2025-08-04,Delhi,
C01999,21,Male,Beauty,Face Cream,612.88,3,Yes,Inactive,Debit Card,2025-05-22,Delhi,4.0
C01982,29,Male,Clothing,T-Shirt,1575.59,1,No,Inactive,UPI,2024-04-10,Hyderabad,3.9
C00445,35,Female,Home & Kitchen,Bedsheet,5398.87,1,No,Active,Credit Card,2025-11-02,Ahmedabad,4.1
C00978,26,Female,Clothing,Jeans,2903.8,2,No,Inactive,UPI,2024-07-09,Pune,3.6
C01450,64,Female,Beauty,Perfume,2825.24,1,No,Inactive,Credit Card,2024-11-08,Pune,4.2
C00732,56,Female,Electronics,Laptop,56346.52,4,No,Inactive,Credit Card,2024-03-05,Mumbai,3.8
C01935,39,Female,Clothing,Dress,521.72,3,Yes,Active,Debit Card,2024-06-27,Kolkata,3.7
C01954,56,Female,Home & Kitchen,Cookware,7803.52,2,No,Inactive,Debit Card,2024-11-06,Bengaluru,3.9
C01348,25,Female,Home & Kitchen,Coffee Maker,2364.47,2,Yes,Inactive,Credit Card,2025-06-19,Pune,3.9
C01736,43,Male,Electronics,Smartphone,11255.27,1,No,Inactive,UPI,2024-08-21,Bengaluru,3.6
C00614,46,Male,Books,Comics,1685.07,2,Yes,Active,Debit Card,2025-02-27,Delhi,3.2
C00571,60,Female,Clothing,Dress,2418.81,1,No,Inactive,Wallet,2025-05-18,Mumbai,4.0
C00371,60,Female,Books,Comics,421.37,1,Yes,Inactive,Debit Card,2024-07-31,Pune,4.0
C00948,59,Female,Sports,Football,3168.04,4,No,Active,Debit Card,2025-07-08,Pune,4.1
C01981,53,Female,Beauty,Perfume,439.31,1,No,Inactive,Net Banking,2024-06-04,Ahmedabad,3.8
C00946,44,Female,Electronics,Speaker,49324.72,2,Yes,Active,UPI,2024-01-05,Pune,3.5
C00576,42,Male,Clothing,Sneakers,3204.26,1,No,Inactive,Cash,2025-08-01,Hyderabad,3.1
C00885,41,Male,Home & Kitchen,Storage Box,7482.99,1,No,Inactive,UPI,2025-09-17,Chennai,4.6
C00854,55,Female,Books,Fiction,1652.37,3,No,Inactive,Wallet,2024-04-19,Pune,4.1
C00770,36,Female,Sports,Football,8972.58,2,Yes,Active,UPI,2024-11-25,Kolkata,3.8
C01419,48,Female,Sports,Running Shoes,8145.52,1,Yes,Inactive,UPI,2024-09-22,Jaipur,3.8
C01775,23,Male,Beauty,Skin Serum,918.2,2,No,Inactive,Debit Card,2024-07-08,Delhi,4.9
C01077,37,Male,Beauty,Skin Serum,4773.59,3,No,Inactive,Debit Card,2024-11-26,Pune,4.8
C00206,27,Female,Electronics,Headphones,65143.69,1,No,Inactive,UPI,2024-06-05,Chennai,3.7
C01077,32,Female,Sports,Yoga Mat,6987.5,2,No,Inactive,UPI,2025-01-21,Mumbai,4.0
C00643,26,Female,Clothing,Sneakers,3806.64,3,Yes,Active,UPI,2024-09-29,Ahmedabad,4.7
C01307,22,Female,Clothing,Dress,3174.48,1,No,Inactive,Wallet,2025-08-16,Chennai,3.4
C00610,30,Female,Clothing,Dress,3420.84,1,No,Active,UPI,2025-04-05,Chennai,4.7
C00292,62,Female,Electronics,Smartphone,10443.74,4,No,Inactive,UPI,2025-10-18,Kolkata,3.3
C00304,22,Male,Clothing,T-Shirt,3584.14,1,No,Inactive,Cash,2024-06-17,Chandigarh,3.8
C00375,63,Female,Sports,Running Shoes,8255.28,1,No,Active,Debit Card,2025-02-22,Hyderabad,5.0
C01936,55,Female,Electronics,Headphones,22009.89,2,No,Active,Debit Card,2024-10-10,Mumbai,3.4
C00111,20,Male,Beauty,Lipstick,4291.71,5,No,Inactive,Debit Card,2025-10-16,Hyderabad,3.2
C01307,55,Male,Electronics,Smartwatch,27022.36,1,No,Inactive,UPI,2025-01-15,Kolkata,5.0
C00183,36,Female,Beauty,Skin Serum,4068.67,1,No,Inactive,Net Banking,2024-05-23,Mumbai,3.5
C01312,23,Male,Electronics,Headphones,80118.37,2,Yes,Inactive,Credit Card,2025-11-10,Pune,3.9
C00611,49,Female,Beauty,Skin Serum,4620.92,2,No,Active,UPI,2024-01-16,Ahmedabad,3.2
C00011,28,Male,Electronics,Smartphone,41798.47,1,No,Inactive,UPI,2025-11-13,Chandigarh,3.2
C00228,44,Female,Books,Comics,1161.67,2,No,Inactive,Cash,2024-01-13,Delhi,4.6
C00790,64,Female,Beauty,Perfume,4342.77,1,No,Active,Debit Card,2025-02-14,Jaipur,5.0
C01667,64,Female,Electronics,Laptop,15753.98,1,Yes,Active,Credit Card,2024-12-13,Chennai,3.2
C00721,27,Female,Electronics,Laptop,41151.81,2,Yes,Inactive,UPI,2024-07-09,Chennai,4.8
C00559,41,Female,Home & Kitchen,Coffee Maker,9301.08,3,Yes,Active,UPI,2024-06-16,Delhi,3.1
C00611,19,Male,Electronics,Smartwatch,20306.47,2,Yes,Active,UPI,2025-02-20,Bengaluru,3.9
C01634,34,Male,Clothing,T-Shirt,3233.17,2,No,Active,Credit Card,2025-02-12,Chandigarh,4.9
C00162,53,Male,Books,Business,676.6,1,Yes,Inactive,Wallet,2025-07-15,Delhi,3.9
C01952,41,Male,Beauty,Perfume,328.69,3,No,Inactive,Cash,2024-09-01,Pune,4.2
C00386,42,Female,Sports,Dumbbells,4540.81,1,Yes,Active,Wallet,2024-05-12,Hyderabad,2.7
C01224,54,Male,Clothing,Jacket,4814.82,2,No,Inactive,Debit Card,2025-04-12,Ahmedabad,3.8
C01390,24,Male,Home & Kitchen,Lamp,2851.03,1,No,Inactive,UPI,2025-11-25,Mumbai,5.0
C01693,59,Male,Clothing,Jeans,2113.81,2,No,Active,Debit Card,2024-12-22,Chennai,5.0
C01202,37,Male,Beauty,Perfume,3695.97,1,No,Active,Wallet,2024-10-01,Hyderabad,3.9
C01606,23,Female,Home & Kitchen,Cookware,2431.18,1,No,Inactive,Debit Card,2025-01-06,Chennai,4.1
C00357,42,Female,Electronics,Headphones,25099.23,2,No,Inactive,Wallet,2024-07-08,Chandigarh,
C01840,37,Male,Clothing,Sneakers,3034.47,1,No,Inactive,UPI,2024-01-12,Mumbai,4.3
C00365,27,Male,Clothing,Dress,3250.17,1,No,Inactive,Debit Card,2025-03-06,Ahmedabad,4.7
C00863,40,Female,Electronics,Speaker,41915.98,2,Yes,Inactive,Debit Card,2024-06-13,Mumbai,4.4
C00657,44,Female,Clothing,Jacket,4583.35,1,Yes,Inactive,Net Banking,2025-06-10,Hyderabad,3.8
C00092,33,Male,Books,Technology,660.87,5,No,Inactive,UPI,2024-09-15,Ahmedabad,3.1
C00624,45,Female,Clothing,Jeans,859.89,1,Yes,Active,UPI,2025-06-14,Chandigarh,3.6
C01949,44,Female,Electronics,Smartwatch,21564.29,1,No,Active,Debit Card,2025-06-20,Chennai,3.2
C01966,22,Male,Electronics,Smartphone,11792.64,2,Yes,Active,Debit Card,2025-04-18,Mumbai,3.7
C01421,59,Male,Home & Kitchen,Bedsheet,13060.04,3,No,Inactive,Debit Card,2025-03-18,Bengaluru,3.2
C00330,53,Male,Electronics,Speaker,6784.2,2,No,Inactive,Debit Card,2025-02-18,Chandigarh,4.7
C00854,56,Other,Books,Technology,1873.92,2,Yes,Inactive,Debit Card,2025-07-07,Pune,3.4
C01678,30,Male,Home & Kitchen,Coffee Maker,4104.24,2,No,Inactive,Credit Card,2025-06-30,Ahmedabad,4.8
C00281,25,Female,Beauty,Face Cream,4886.07,2,No,Active,Credit Card,2024-09-14,Chandigarh,3.4
C01793,48,Female,Electronics,Headphones,34399.2,2,No,Active,Credit Card,2024-02-15,Hyderabad,4.1
C00742,22,Female,Home & Kitchen,Lamp,6163.33,2,No,Inactive,Credit Card,2024-04-18,Chandigarh,3.5
C00610,43,Female,Beauty,Skin Serum,4596.23,1,No,Active,Debit Card,2024-05-03,Ahmedabad,3.0
C01507,32,Female,Home & Kitchen,Storage Box,11806.3,1,Yes,Inactive,UPI,2024-02-06,Chandigarh,4.9
C01857,20,Female,Clothing,T-Shirt,2593.77,3,Yes,Active,Credit Card,2024-02-16,Delhi,4.1
C01873,32,Female,Clothing,Jeans,3877.79,2,No,Inactive,UPI,2024-01-06,Mumbai,3.3
C00129,45,Female,Beauty,Skin Serum,3425.82,3,No,Inactive,UPI,2024-08-15,Chennai,3.2
C01373,64,Male,Home & Kitchen,Lamp,9220.71,2,Yes,Inactive,Credit Card,2025-06-28,Kolkata,4.5
C00371,46,Male,Sports,Dumbbells,3886.74,1,Yes,Active,Debit Card,2024-06-30,Bengaluru,5.0
C01345,22,Female,Clothing,Jacket,2462.37,5,Yes,Inactive,UPI,2024-03-23,Delhi,2.8
C01708,64,Male,Sports,Dumbbells,11339.53,4,Yes,Active,UPI,2024-04-01,Chandigarh,4.7
C01909,41,Male,Sports,Dumbbells,4381.69,1,Yes,Inactive,Credit Card,2024-02-20,Ahmedabad,3.8
C01367,22,Female,Electronics,Speaker,52021.62,1,No,Active,Credit Card,2024-03-16,Chennai,5.0
C00927,62,Female,Sports,Running Shoes,7961.81,1,No,Inactive,Cash,2025-01-24,Pune,3.0
C01779,49,Female,Home & Kitchen,Storage Box,2620.47,1,No,Inactive,Credit Card,2025-09-02,Mumbai,2.7
C00936,37,Male,Sports,Cricket Bat,3201.07,3,No,Active,Debit Card,2025-08-22,Chennai,4.1
C00575,22,Male,Clothing,T-Shirt,1854.41,1,No,Inactive,Cash,2024-12-08,Chandigarh,4.5
C01566,21,Male,Electronics,Smartwatch,19141.31,2,No,Inactive,Debit Card,2024-01-16,Mumbai,5.0
C01254,44,Male,Beauty,Skin Serum,963.44,4,No,Active,Cash,2025-11-06,Jaipur,2.9
C00140,63,Male,Electronics,Smartphone,34133.23,2,Yes,Inactive,Wallet,2025-05-23,Ahmedabad,2.7
C01264,40,Female,Beauty,Perfume,2865.56,3,No,Inactive,Credit Card,2025-12-30,Chandigarh,4.5
C01536,60,Female,Clothing,Dress,754.44,2,No,Active,UPI,2024-02-14,Ahmedabad,3.5
C00751,31,Male,Home & Kitchen,Lamp,9973.72,2,Yes,Inactive,Cash,2025-12-04,Bengaluru,3.3
C00700,39,Female,Home & Kitchen,Coffee Maker,6018.1,4,No,Active,Net Banking,2025-06-10,Jaipur,3.7
C00653,31,Female,Electronics,Speaker,51519.0,2,No,Inactive,Credit Card,2024-11-15,Pune,4.0
C00715,49,Male,Clothing,Sneakers,4707.16,4,No,Inactive,Debit Card,2024-02-22,Pune,3.1
C00559,61,Female,Clothing,Jeans,1935.65,4,No,Active,Net Banking,2024-02-27,Chennai,4.3
C00190,38,Female,Electronics,Laptop,62473.69,4,No,Inactive,Credit Card,2025-04-11,Chandigarh,3.8
C01925,48,Other,Clothing,Sneakers,1548.76,1,No,Inactive,Credit Card,2025-01-09,Delhi,5.0
C01207,18,Male,Electronics,Smartphone,36412.49,3,Yes,Inactive,UPI,2024-04-20,Jaipur,4.1
C00159,25,Male,Books,Self-Help,804.4,2,Yes,Active,UPI,2024-06-11,Bengaluru,3.6
C01300,59,Female,Electronics,Smartwatch,86838.66,1,Yes,Inactive,Debit Card,2024-04-13,Chandigarh,4.4
C00520,48,Male,Electronics,Smartwatch,35513.87,2,No,Inactive,Cash,2025-10-21,Delhi,3.6
C01379,28,Female,Clothing,T-Shirt,806.19,1,Yes,Inactive,Wallet,2024-12-04,Mumbai,4.2
C00031,20,Female,Beauty,Lipstick,4231.59,1,Yes,Inactive,Net Banking,2025-05-03,Bengaluru,4.0
C00108,20,Male,Electronics,Speaker,74130.64,1,Yes,Inactive,UPI,2025-12-30,Jaipur,3.9
C01062,40,Female,Electronics,Speaker,26282.16,4,Yes,Inactive,Cash,2024-08-26,Ahmedabad,4.7
C01460,61,Female,Beauty,Shampoo,1080.69,1,No,Inactive,UPI,2025-03-15,Bengaluru,4.9
C01845,64,Female,Electronics,Smartphone,13400.21,2,No,Inactive,Wallet,2024-09-24,Jaipur,4.1
C01069,27,Male,Books,Fiction,440.11,2,No,Active,Cash,2024-01-02,Chandigarh,4.2
C00556,27,Male,Books,Comics,353.18,4,Yes,Inactive,Debit Card,2025-01-17,Mumbai,3.2
C00341,46,Male,Beauty,Skin Serum,905.35,1,Yes,Inactive,Credit Card,2025-02-12,Mumbai,4.4
C01487,62,Female,Electronics,Smartwatch,54668.23,1,Yes,Inactive,Cash,2024-08-05,Mumbai,4.1
C00345,64,Other,Electronics,Laptop,57956.24,2,No,Active,UPI,2025-05-10,Bengaluru,4.8
C00294,26,Male,Electronics,Headphones,24365.7,2,Yes,Active,Cash,2025-04-01,Jaipur,
C01100,62,Other,Clothing,T-Shirt,2967.82,2,No,Inactive,Net Banking,2025-10-05,Jaipur,3.7
C00895,56,Male,Books,Business,510.6,1,No,Inactive,Net Banking,2025-04-24,Jaipur,4.2
C00613,40,Male,Sports,Running Shoes,11828.91,1,Yes,Inactive,Credit Card,2024-09-29,Hyderabad,5.0
C00732,24,Female,Beauty,Lipstick,4705.14,3,No,Inactive,Credit Card,2024-07-07,Mumbai,3.4
C01075,35,Male,Electronics,Smartwatch,34627.0,2,No,Inactive,Net Banking,2024-01-14,Pune,4.4
C00183,50,Female,Beauty,Skin Serum,4848.04,2,No,Inactive,Wallet,2025-11-26,Ahmedabad,4.6
C01904,31,Male,Sports,Running Shoes,11218.14,3,Yes,Active,Cash,2024-03-30,Bengaluru,4.3
C00505,41,Male,Home & Kitchen,Storage Box,4533.86,5,No,Inactive,Cash,2025-01-21,Pune,3.2
C00905,38,Female,Home & Kitchen,Bedsheet,7231.6,1,No,Active,UPI,2024-02-27,Delhi,3.6
C01042,46,Male,Home & Kitchen,Cookware,3691.27,1,No,Active,UPI,2025-06-16,Chennai,3.9
C00321,35,Male,Electronics,Smartwatch,30325.96,1,No,Inactive,Credit Card,2024-07-26,Hyderabad,4.3
C00104,56,Male,Home & Kitchen,Cookware,2559.71,2,No,Inactive,Debit Card,2025-06-22,Chennai,5.0
C00034,30,Male,Clothing,Sneakers,3229.57,2,No,Inactive,UPI,2025-05-05,Ahmedabad,4.2
C00410,65,Male,Beauty,Perfume,2267.16,2,No,Inactive,UPI,2024-04-02,Pune,4.4
C01022,43,Male,Home & Kitchen,Cookware,2952.34,3,No,Active,Net Banking,2024-11-22,Bengaluru,5.0
C01025,33,Female,Electronics,Speaker,73451.8,1,Yes,Inactive,UPI,2025-08-15,Kolkata,4.0
C00215,33,Male,Clothing,Jacket,3719.91,4,No,Inactive,UPI,2024-04-10,Mumbai,4.6
C01760,54,Female,Beauty,Lipstick,1412.83,2,Yes,Inactive,UPI,2024-02-24,Mumbai,5.0
C00902,61,Female,Clothing,Dress,1305.2,1,No,Active,Wallet,2025-06-20,Chennai,4.4
C01561,61,Female,Sports,Running Shoes,1804.89,1,No,Inactive,Debit Card,2025-08-07,Kolkata,3.7
C00305,58,Female,Electronics,Speaker,40813.42,3,No,Inactive,UPI,2024-11-19,Chandigarh,3.6
C00921,31,Female,Sports,Yoga Mat,7521.8,1,No,Active,Credit Card,2024-08-19,Delhi,4.8
C00662,41,Male,Home & Kitchen,Coffee Maker,11037.2,3,Yes,Active,Credit Card,2024-07-21,Hyderabad,4.1
C00883,20,Male,Books,Business,1367.2,1,No,Inactive,Cash,2024-02-17,Mumbai,4.1
C01046,18,Female,Clothing,T-Shirt,2314.35,1,Yes,Active,Debit Card,2025-12-30,Jaipur,3.5
C01883,20,Other,Electronics,Smartphone,54232.15,1,Yes,Active,Wallet,2025-10-16,Delhi,5.0
C00221,27,Male,Beauty,Skin Serum,2287.04,3,No,Active,Credit Card,2024-04-26,Chennai,4.5
C00278,35,Male,Sports,Dumbbells,10656.08,2,No,Active,UPI,2024-07-03,Pune,4.0
C01044,23,Male,Home & Kitchen,Bedsheet,1458.54,2,No,Inactive,Credit Card,2024-11-20,Delhi,4.3
C00644,52,Female,Beauty,Lipstick,4476.03,3,No,Inactive,Credit Card,2025-07-23,Ahmedabad,3.4
C01315,27,Female,Clothing,Jacket,1489.58,2,Yes,Inactive,UPI,2025-02-23,Delhi,2.6
C00323,24,Male,Sports,Football,8651.78,1,No,Inactive,Debit Card,2024-08-31,Pune,3.6
C01097,63,Male,Sports,Football,10842.37,1,No,Inactive,UPI,2024-07-24,Bengaluru,4.1
C00605,64,Female,Home & Kitchen,Coffee Maker,7002.03,1,No,Inactive,Net Banking,2025-07-02,Chandigarh,3.6
C01059,36,Male,Books,Business,1337.63,3,Yes,Inactive,Cash,2024-12-01,Ahmedabad,5.0
C01101,48,Female,Books,Business,861.46,1,Yes,Inactive,Debit Card,2024-11-25,Jaipur,4.7
C01148,52,Male,Books,Business,1914.81,4,No,Active,Credit Card,2025-09-27,Jaipur,4.1
C00753,25,Male,Books,Business,388.13,2,No,Active,Net Banking,2025-09-27,Mumbai,3.8
C01776,49,Female,Electronics,Smartwatch,22401.62,1,Yes,Inactive,Cash,2025-12-23,Chandigarh,5.0
C01154,34,Female,Electronics,Laptop,42717.62,1,No,Inactive,Wallet,2024-03-05,Delhi,2.7
C01856,27,Female,Clothing,Dress,2774.1,1,No,Active,Credit Card,2024-10-29,Ahmedabad,5.0
C01347,30,Male,Home & Kitchen,Cookware,12728.08,2,No,Active,UPI,2024-05-29,Pune,3.6
C00202,36,Male,Clothing,T-Shirt,4014.33,4,Yes,Active,Debit Card,2024-10-07,Chennai,3.2
C01041,43,Male,Sports,Running Shoes,9403.96,1,Yes,Inactive,Cash,2025-05-09,Ahmedabad,2.5
C00551,32,Male,Clothing,T-Shirt,1006.77,2,Yes,Inactive,Credit Card,2025-04-21,Jaipur,5.0
C01598,30,Male,Electronics,Laptop,12568.82,1,No,Inactive,Debit Card,2025-03-04,Chandigarh,4.4
C01797,46,Other,Books,Self-Help,164.66,3,Yes,Inactive,UPI,2024-07-24,Delhi,3.1
C00471,21,Female,Home & Kitchen,Lamp,10844.68,3,Yes,Inactive,UPI,2025-02-11,Pune,3.9
C00258,42,Male,Home & Kitchen,Lamp,6609.66,3,No,Active,UPI,2025-08-25,Kolkata,4.1
C00232,27,Male,Clothing,Dress,4324.18,3,Yes,Active,Net Banking,2025-01-19,Chennai,3.3
C00537,31,Male,Home & Kitchen,Storage Box,9695.62,2,Yes,Active,Debit Card,2025-06-21,Kolkata,3.6
C01442,65,Male,Clothing,T-Shirt,2829.97,3,Yes,Active,UPI,2025-05-04,Pune,4.6
C00909,54,Other,Home & Kitchen,Bedsheet,2499.11,1,No,Inactive,Credit Card,2024-03-21,Jaipur,3.7
C01752,65,Male,Home & Kitchen,Cookware,13394.14,3,No,Active,Wallet,2024-05-15,Delhi,3.0
C00319,26,Male,Beauty,Skin Serum,1851.29,2,No,Active,Debit Card,2025-09-27,Pune,3.2
C00223,54,Male,Books,Fiction,685.02,1,Yes,Inactive,Credit Card,2025-07-27,Kolkata,4.8
C00585,54,Female,Books,Fiction,1278.87,1,Yes,Inactive,Cash,2024-07-28,Kolkata,4.3
C01171,46,Male,Home & Kitchen,Bedsheet,12570.23,2,No,Inactive,Credit Card,2025-07-23,Chandigarh,3.2
C01412,20,Female,Electronics,Speaker,55950.91,3,No,Inactive,Net Banking,2025-03-07,Chennai,3.7
C01001,44,Female,Clothing,T-Shirt,3311.5,3,No,Active,UPI,2025-10-18,Delhi,3.4
C01929,21,Male,Books,Self-Help,216.77,3,Yes,Inactive,Cash,2024-01-26,Jaipur,3.4
C01097,44,Male,Beauty,Shampoo,3833.24,1,No,Active,Credit Card,2024-11-10,Bengaluru,4.6
C01391,61,Male,Clothing,T-Shirt,1591.13,1,No,Inactive,Credit Card,2024-05-23,Mumbai,3.9
C00925,48,Male,Books,Technology,301.36,3,Yes,Inactive,Net Banking,2024-12-17,Pune,4.2
C01839,49,Female,Electronics,Speaker,82756.07,2,No,Inactive,UPI,2025-07-24,Chandigarh,3.7
C00499,26,Female,Clothing,Sneakers,3356.41,4,Yes,Inactive,Debit Card,2024-05-26,Hyderabad,4.0
C00560,41,Female,Clothing,Dress,694.57,1,No,Inactive,Debit Card,2024-01-28,Jaipur,3.5
C01742,29,Female,Books,Technology,1512.0,1,No,Inactive,Debit Card,2025-04-26,Chandigarh,5.0
C00238,29,Male,Clothing,Jeans,3218.58,1,Yes,Active,UPI,2024-07-08,Hyderabad,3.9
C01403,19,Male,Books,Fiction,1136.4,5,No,Inactive,UPI,2025-02-24,Pune,3.6
C00588,27,Male,Sports,Football,10187.77,2,No,Inactive,UPI,2025-05-05,Ahmedabad,5.0
C01849,54,Female,Beauty,Perfume,4502.11,3,No,Active,Net Banking,2024-06-14,Pune,3.8
C01751,41,Male,Home & Kitchen,Lamp,6064.92,2,No,Active,Credit Card,2025-01-17,Kolkata,4.8
C00111,22,Female,Books,Technology,1744.22,2,No,Inactive,UPI,2025-03-10,Delhi,3.5
C01219,31,Male,Clothing,Jacket,4003.78,1,No,Inactive,Credit Card,2025-09-22,Chandigarh,4.1
C01726,59,Female,Home & Kitchen,Coffee Maker,7305.57,4,No,Active,UPI,2024-10-30,Pune,3.9
C00817,43,Female,Electronics,Headphones,10539.16,4,Yes,Inactive,Net Banking,2025-12-12,Delhi,4.3
C00953,46,Female,Electronics,Headphones,21750.74,4,Yes,Active,UPI,2025-06-24,Chandigarh,4.2
C01416,35,Female,Clothing,Jeans,2423.12,2,Yes,Active,Net Banking,2024-10-18,Bengaluru,3.6
C00349,30,Male,Electronics,Headphones,78896.7,4,No,Active,Net Banking,2025-04-15,Mumbai,4.6
C00730,52,Male,Beauty,Face Cream,1347.95,1,Yes,Inactive,UPI,2025-05-05,Bengaluru,
C00513,47,Female,Sports,Running Shoes,9401.76,4,No,Active,UPI,2024-03-20,Pune,4.7
C00482,26,Male,Clothing,T-Shirt,1639.36,5,No,Inactive,Wallet,2024-04-10,Hyderabad,4.7
C00797,41,Female,Clothing,Dress,3556.6,2,No,Inactive,UPI,2024-05-06,Hyderabad,3.9
C01230,23,Other,Electronics,Headphones,27318.35,3,Yes,Inactive,UPI,2024-04-27,Delhi,5.0
C01111,53,Male,Sports,Cricket Bat,10040.05,1,Yes,Inactive,Debit Card,2024-10-05,Hyderabad,3.5
C01974,27,Male,Electronics,Laptop,79873.2,1,No,Active,Credit Card,2024-10-31,Kolkata,4.2
C00729,54,Female,Clothing,Jacket,2583.15,2,No,Inactive,Debit Card,2025-05-21,Chennai,4.0
C00793,47,Male,Beauty,Lipstick,1526.8,3,Yes,Inactive,UPI,2025-10-19,Chennai,4.2
C01547,46,Male,Electronics,Headphones,11905.88,4,No,Inactive,Credit Card,2025-11-30,Mumbai,4.2
C01701,47,Male,Beauty,Skin Serum,3861.82,2,No,Inactive,Debit Card,2024-01-13,Bengaluru,3.4
C00377,61,Male,Books,Technology,1360.12,1,No,Inactive,Net Banking,2025-05-19,Delhi,5.0
C01446,63,Female,Clothing,T-Shirt,1113.76,5,Yes,Active,UPI,2024-08-06,Pune,4.1
C00160,30,Male,Sports,Cricket Bat,2839.36,3,No,Inactive,Cash,2024-03-05,Chandigarh,3.1
C00104,54,Male,Clothing,Dress,2353.02,2,No,Inactive,Debit Card,2024-05-11,Pune,4.1
C01815,54,Female,Beauty,Lipstick,4734.39,3,No,Active,Credit Card,2025-12-02,Bengaluru,4.3
C01313,45,Male,Home & Kitchen,Cookware,14316.15,1,No,Active,Net Banking,2024-06-26,Mumbai,3.9
C01144,61,Female,Clothing,T-Shirt,2753.88,1,No,Inactive,Wallet,2025-01-06,Hyderabad,5.0
C00674,44,Male,Home & Kitchen,Storage Box,14003.54,3,No,Inactive,UPI,2025-01-12,Pune,2.0
C00963,22,Female,Clothing,Sneakers,831.32,1,Yes,Active,Credit Card,2024-04-30,Chennai,2.1
C00101,60,Male,Books,Self-Help,1500.27,2,No,Inactive,Cash,2024-10-07,Chennai,4.3
C00988,32,Male,Electronics,Laptop,31734.04,2,No,Active,Debit Card,2025-02-20,Jaipur,3.9
C00291,45,Male,Books,Self-Help,166.75,3,Yes,Inactive,Credit Card,2024-08-02,Kolkata,4.5
C00781,35,Female,Beauty,Shampoo,1974.34,1,No,Active,Credit Card,2025-11-01,Bengaluru,4.5
C00157,44,Female,Electronics,Headphones,57129.67,1,No,Inactive,UPI,2025-07-20,Kolkata,
C01450,65,Male,Electronics,Smartwatch,8698.34,1,No,Active,UPI,2024-07-21,Delhi,5.0
C01809,36,Other,Books,Business,1801.86,1,No,Inactive,Net Banking,2024-04-25,Ahmedabad,4.7
C01114,40,Male,Sports,Football,3152.37,1,No,Inactive,UPI,2024-02-19,Mumbai,3.7
C00590,52,Male,Home & Kitchen,Lamp,14226.75,3,No,Inactive,UPI,2025-02-24,Mumbai,4.0
C01177,61,Male,Clothing,Sneakers,3292.09,2,No,Active,Debit Card,2025-03-22,Kolkata,4.0
C00414,42,Female,Electronics,Smartphone,30294.26,2,No,Inactive,Debit Card,2024-07-29,Hyderabad,3.7
C01452,52,Male,Beauty,Skin Serum,3985.42,2,No,Active,Credit Card,2024-03-10,Pune,4.5
C01902,50,Female,Electronics,Laptop,59904.71,1,No,Inactive,Cash,2025-05-27,Chennai,3.9
C01095,64,Female,Sports,Football,10286.39,2,Yes,Active,Debit Card,2025-07-21,Bengaluru,3.7
C00934,53,Male,Sports,Running Shoes,1009.11,2,Yes,Active,Credit Card,2024-02-24,Hyderabad,4.4
C00492,59,Male,Clothing,Sneakers,3806.57,1,No,Inactive,Wallet,2025-02-09,Kolkata,3.8
C01271,56,Male,Clothing,T-Shirt,2588.11,1,No,Inactive,Cash,2024-05-09,Kolkata,5.0
C01660,31,Male,Beauty,Shampoo,1139.02,1,No,Inactive,Credit Card,2025-01-19,Chandigarh,4.3
C00902,18,Female,Sports,Football,3583.27,1,No,Inactive,Credit Card,2024-02-04,Delhi,4.7
C01455,23,Female,Electronics,Headphones,43540.25,1,No,Active,Debit Card,2024-10-29,Chennai,4.5
C00407,41,Male,Clothing,T-Shirt,3909.56,2,No,Inactive,Cash,2025-04-13,Bengaluru,5.0
C01477,29,Female,Home & Kitchen,Bedsheet,14769.35,4,Yes,Inactive,Cash,2024-10-09,Pune,4.2
C01542,38,Male,Beauty,Lipstick,4063.77,1,No,Active,Credit Card,2025-11-08,Chennai,4.9
C01779,59,Female,Clothing,T-Shirt,1121.02,1,No,Inactive,UPI,2024-11-22,Ahmedabad,4.8
C01080,56,Male,Electronics,Laptop,36322.26,3,Yes,Active,UPI,2025-07-19,Hyderabad,4.5
C01079,39,Male,Home & Kitchen,Storage Box,4789.97,1,Yes,Inactive,Wallet,2024-01-03,Bengaluru,3.0
C01418,32,Female,Sports,Dumbbells,6343.69,1,No,Inactive,UPI,2024-11-21,Bengaluru,4.8
C00563,30,Other,Beauty,Shampoo,3796.86,1,Yes,Inactive,Wallet,2025-09-02,Chennai,3.9
C01665,25,Female,Beauty,Skin Serum,1066.38,1,Yes,Inactive,Debit Card,2024-06-30,Ahmedabad,3.7
C01191,36,Female,Home & Kitchen,Cookware,10771.14,2,Yes,Inactive,Debit Card,2024-02-12,Hyderabad,2.5
C01141,39,Female,Books,Business,1509.83,3,No,Inactive,Cash,2024-12-10,Mumbai,3.6
C00811,65,Male,Beauty,Skin Serum,2679.67,1,Yes,Inactive,Net Banking,2024-08-22,Kolkata,5.0
C00889,44,Female,Electronics,Speaker,76312.31,2,No,Inactive,UPI,2024-07-15,Pune,3.3
C00276,44,Female,Books,Technology,638.27,2,No,Active,UPI,2025-03-01,Hyderabad,4.5
C00350,30,Female,Clothing,Jeans,445.23,1,No,Inactive,Cash,2025-12-16,Pune,3.6
C01707,52,Female,Clothing,Dress,623.71,2,No,Inactive,Cash,2025-05-18,Mumbai,3.2
C00913,38,Male,Sports,Dumbbells,8271.07,2,No,Inactive,Net Banking,2024-11-21,Bengaluru,3.8
C00083,44,Female,Beauty,Shampoo,4075.46,2,No,Inactive,Wallet,2025-10-25,Pune,5.0
C01247,26,Female,Electronics,Speaker,1662.95,1,No,Inactive,Debit Card,2024-10-25,Delhi,3.9
C01338,44,Female,Clothing,Sneakers,3128.71,2,No,Active,Wallet,2024-03-24,Kolkata,3.9
C00435,46,Male,Home & Kitchen,Bedsheet,11289.12,4,No,Inactive,Credit Card,2024-04-17,Ahmedabad,4.8
C00805,64,Male,Home & Kitchen,Bedsheet,4727.0,1,No,Inactive,Credit Card,2025-01-07,Mumbai,4.8
C01604,44,Female,Beauty,Face Cream,1781.36,1,No,Inactive,Debit Card,2024-11-07,Delhi,3.8
C00359,19,Male,Electronics,Smartwatch,58593.05,3,No,Inactive,Debit Card,2025-07-08,Hyderabad,3.7
C01448,28,Male,Sports,Dumbbells,4862.33,1,No,Inactive,Debit Card,2024-06-16,Jaipur,3.5
C01588,58,Female,Books,Business,1906.96,2,No,Inactive,Credit Card,2024-03-26,Chennai,2.9
C00611,49,Female,Beauty,Lipstick,2802.21,2,No,Active,Net Banking,2025-05-24,Chennai,4.3
C00614,19,Male,Home & Kitchen,Coffee Maker,12250.39,2,No,Inactive,Net Banking,2025-02-01,Delhi,3.7
C00154,61,Male,Books,Technology,789.99,1,No,Active,Credit Card,2025-11-09,Chandigarh,2.3
C01135,55,Female,Electronics,Speaker,52744.02,1,No,Inactive,UPI,2024-07-26,Delhi,3.8
C01037,55,Male,Books,Self-Help,459.38,1,Yes,Inactive,UPI,2025-02-26,Pune,4.6
C01587,51,Male,Clothing,Sneakers,3729.48,1,No,Inactive,Cash,2025-06-06,Jaipur,3.6
C00362,37,Female,Clothing,Sneakers,725.51,1,No,Inactive,Credit Card,2024-04-11,Pune,4.5
C01532,19,Male,Electronics,Headphones,30910.42,4,Yes,Active,Credit Card,2024-07-30,Delhi,4.4
C01852,27,Female,Clothing,T-Shirt,4969.88,3,No,Active,Debit Card,2024-03-24,Delhi,4.4
C00153,57,Female,Beauty,Face Cream,4447.92,2,No,Inactive,UPI,2024-03-10,Ahmedabad,4.2
C00412,55,Female,Sports,Cricket Bat,9348.03,4,Yes,Active,Debit Card,2024-09-07,Mumbai,3.8
C00471,64,Male,Beauty,Face Cream,2248.14,1,No,Active,Debit Card,2024-11-28,Pune,3.2
C00559,45,Male,Electronics,Smartphone,10505.89,4,No,Inactive,UPI,2024-04-30,Chandigarh,3.6
C01222,50,Female,Home & Kitchen,Storage Box,10427.8,2,No,Inactive,Wallet,2025-04-27,Kolkata,4.5
C00277,53,Female,Electronics,Smartphone,13717.63,1,No,Inactive,Credit Card,2025-10-20,Chandigarh,4.0
C00806,35,Other,Electronics,Headphones,77156.77,2,Yes,Active,Credit Card,2025-04-27,Hyderabad,2.9
C01768,58,Male,Electronics,Laptop,88023.3,2,No,Active,Wallet,2025-10-04,Kolkata,3.5
C00793,32,Female,Sports,Football,11182.13,3,Yes,Active,UPI,2024-05-08,Delhi,4.8
C00801,35,Male,Electronics,Smartwatch,71645.66,2,No,Inactive,Debit Card,2024-11-19,Hyderabad,3.6
C00078,43,Male,Clothing,Jacket,1446.13,1,No,Inactive,Wallet,2024-12-02,Hyderabad,4.0
C01171,60,Male,Home & Kitchen,Lamp,5194.54,3,Yes,Active,UPI,2024-05-09,Ahmedabad,4.3
C00277,19,Female,Books,Self-Help,1221.9,1,No,Inactive,Cash,2024-11-07,Chandigarh,4.7
C01294,28,Male,Beauty,Shampoo,4698.64,3,No,Inactive,Net Banking,2025-03-21,Hyderabad,
C00294,34,Male,Clothing,Jeans,4165.14,4,Yes,Inactive,Credit Card,2025-08-17,Mumbai,
C01445,20,Female,Electronics,Headphones,41236.71,2,Yes,Inactive,Debit Card,2024-08-23,Mumbai,3.9
C01710,43,Male,Clothing,Dress,2819.52,1,Yes,Inactive,Debit Card,2024-02-02,Kolkata,3.7
C00056,54,Male,Clothing,T-Shirt,2305.6,2,No,Active,Net Banking,2024-12-01,Chandigarh,4.7
C01271,54,Male,Sports,Yoga Mat,8995.98,1,No,Inactive,Debit Card,2024-03-19,Kolkata,4.3
C01884,45,Female,Electronics,Smartphone,51001.81,3,No,Inactive,Debit Card,2024-08-22,Ahmedabad,4.7
C01444,25,Male,Electronics,Laptop,60279.96,1,Yes,Inactive,Credit Card,2024-08-11,Bengaluru,3.4
C01399,19,Female,Sports,Cricket Bat,5216.08,2,No,Active,Debit Card,2024-12-31,Bengaluru,4.6
C00432,41,Female,Home & Kitchen,Storage Box,1109.08,5,No,Active,UPI,2025-10-14,Chandigarh,3.8
C01689,40,Male,Sports,Football,8255.08,3,No,Inactive,Credit Card,2024-07-23,Hyderabad,3.3
C01077,64,Female,Home & Kitchen,Lamp,8345.69,1,Yes,Active,Net Banking,2025-03-02,Bengaluru,4.9
C01075,56,Male,Electronics,Smartwatch,63549.77,1,No,Active,UPI,2025-09-10,Pune,3.1
C01841,49,Other,Clothing,Sneakers,2066.41,2,Yes,Inactive,Wallet,2024-03-05,Ahmedabad,5.0
C00066,31,Male,Home & Kitchen,Storage Box,735.08,4,No,Active,Net Banking,2025-07-26,Kolkata,4.3
C00478,40,Female,Home & Kitchen,Coffee Maker,13662.03,2,No,Active,Credit Card,2025-12-22,Mumbai,3.6
C01127,58,Female,Beauty,Shampoo,3885.36,3,No,Active,Wallet,2025-05-28,Kolkata,5.0
C00499,31,Female,Sports,Dumbbells,9786.02,1,No,Inactive,Credit Card,2024-09-04,Hyderabad,4.2
C00102,50,Female,Sports,Football,7584.89,2,No,Inactive,Debit Card,2025-05-09,Bengaluru,3.9
C00274,19,Female,Home & Kitchen,Lamp,11185.07,1,Yes,Inactive,Net Banking,2024-08-27,Kolkata,4.9
C01548,27,Male,Sports,Cricket Bat,3632.13,2,No,Active,Debit Card,2024-06-17,Delhi,4.8
C01976,42,Male,Sports,Yoga Mat,1539.07,3,No,Inactive,Cash,2025-08-29,Chennai,3.4
C01953,65,Female,Books,Technology,1783.69,4,Yes,Inactive,UPI,2025-05-05,Delhi,4.1
C01148,30,Male,Electronics,Speaker,76929.49,1,Yes,Inactive,Debit Card,2025-06-24,Ahmedabad,4.6
C01887,56,Female,Beauty,Shampoo,3811.58,3,Yes,Inactive,Cash,2025-03-12,Bengaluru,3.6
C00608,57,Female,Sports,Yoga Mat,4972.0,2,No,Inactive,Cash,2025-01-23,Mumbai,3.8
C00321,64,Female,Clothing,T-Shirt,1012.95,2,No,Inactive,Credit Card,2024-09-07,Chennai,3.8
C01684,33,Male,Beauty,Lipstick,3062.72,1,Yes,Active,Debit Card,2024-11-08,Bengaluru,2.9
C00798,42,Female,Beauty,Lipstick,2220.15,1,No,Inactive,Credit Card,2025-04-29,Kolkata,4.6
C01705,46,Male,Clothing,Dress,4374.61,5,Yes,Inactive,Debit Card,2025-03-29,Chandigarh,3.3
C00449,46,Male,Books,Technology,1922.85,2,Yes,Active,Credit Card,2025-11-04,Mumbai,4.5
C00634,26,Female,Books,Business,1327.49,1,No,Active,Debit Card,2024-05-30,Pune,4.5
C00968,37,Male,Sports,Yoga Mat,8706.62,1,No,Active,UPI,2024-03-02,Mumbai,4.2
C01666,39,Female,Electronics,Smartwatch,22178.01,3,Yes,Inactive,Cash,2025-04-13,Bengaluru,3.2
C01180,34,Male,Electronics,Smartphone,39150.72,4,No,Active,Net Banking,2024-09-25,Ahmedabad,3.5
C01530,34,Female,Electronics,Smartwatch,41097.92,1,No,Active,UPI,2024-05-16,Chandigarh,3.4
C01681,33,Female,Books,Comics,721.66,4,No,Inactive,Credit Card,2024-03-16,Pune,3.8
C00714,23,Female,Electronics,Laptop,33209.19,3,Yes,Inactive,Credit Card,2025-04-13,Chennai,4.7
C00875,55,Female,Books,Business,1456.8,2,Yes,Inactive,Debit Card,2025-09-06,Pune,3.5
C00877,58,Female,Books,Comics,1407.33,2,No,Inactive,UPI,2024-01-30,Chandigarh,4.8
C01587,51,Female,Clothing,Sneakers,4345.14,3,No,Inactive,Debit Card,2025-07-24,Bengaluru,3.6
C00010,59,Female,Books,Fiction,1105.44,3,Yes,Inactive,Debit Card,2025-06-24,Mumbai,3.8
C00348,48,Other,Clothing,T-Shirt,1812.25,1,No,Inactive,Cash,2025-10-17,Pune,5.0
C00485,49,Male,Electronics,Smartphone,30807.26,2,Yes,Active,UPI,2025-04-27,Delhi,4.8
C00925,26,Male,Electronics,Headphones,28552.26,1,No,Inactive,UPI,2024-02-10,Hyderabad,4.0
C01531,19,Male,Home & Kitchen,Cookware,1377.02,2,Yes,Inactive,UPI,2025-09-13,Bengaluru,4.4
C01595,65,Male,Beauty,Shampoo,1470.55,4,No,Active,Debit Card,2024-09-18,Bengaluru,4.5
C00981,46,Female,Electronics,Headphones,25784.59,2,Yes,Active,Debit Card,2025-07-30,Chennai,2.6
C00192,20,Female,Electronics,Laptop,13953.94,1,Yes,Inactive,Credit Card,2025-11-07,Ahmedabad,2.5
C01732,20,Male,Electronics,Smartphone,89103.0,2,No,Inactive,Credit Card,2025-01-05,Chennai,4.2
C00987,33,Male,Beauty,Skin Serum,2680.76,1,Yes,Active,Debit Card,2025-06-01,Pune,4.2
C01418,25,Female,Clothing,Jacket,1814.92,4,No,Active,Credit Card,2024-01-22,Chennai,3.7
C00503,23,Male,Clothing,Dress,394.9,2,No,Inactive,Debit Card,2024-01-03,Chennai,4.5
C01984,34,Male,Clothing,Sneakers,4034.82,2,No,Inactive,UPI,2025-06-24,Chennai,4.4
C00527,53,Female,Home & Kitchen,Storage Box,4468.78,3,Yes,Inactive,Debit Card,2024-12-14,Pune,2.7
C00926,35,Male,Books,Self-Help,1419.12,1,No,Inactive,Debit Card,2025-11-10,Mumbai,4.9
C01156,62,Male,Electronics,Speaker,80265.38,1,No,Inactive,Debit Card,2025-11-25,Delhi,4.3
C01939,53,Male,Beauty,Face Cream,1424.74,3,No,Inactive,UPI,2024-04-30,Kolkata,3.7
C00107,58,Female,Electronics,Smartphone,82376.0,1,No,Active,Cash,2024-02-02,Kolkata,3.7
C01838,43,Male,Beauty,Perfume,2463.08,2,No,Active,Credit Card,2024-11-29,Chennai,3.9
C00365,64,Female,Home & Kitchen,Bedsheet,2300.37,2,Yes,Inactive,Credit Card,2025-03-03,Hyderabad,4.7
C01424,24,Male,Books,Technology,997.93,2,No,Inactive,Debit Card,2025-06-23,Jaipur,4.0
C01092,39,Male,Beauty,Skin Serum,2847.09,2,No,Active,Credit Card,2024-10-16,Delhi,3.8
C01862,18,Male,Home & Kitchen,Bedsheet,5483.21,1,No,Inactive,UPI,2024-04-23,Delhi,3.8
C00083,40,Female,Electronics,Smartphone,67323.29,2,Yes,Active,Debit Card,2024-08-08,Delhi,3.6
C01783,34,Male,Clothing,Sneakers,2178.13,4,Yes,Inactive,Credit Card,2025-09-01,Bengaluru,5.0
C00179,31,Male,Clothing,Sneakers,2573.73,4,Yes,Active,Net Banking,2024-12-28,Pune,3.2
C01560,63,Female,Beauty,Face Cream,4591.59,2,No,Inactive,Cash,2024-01-21,Bengaluru,4.9
C01357,48,Female,Electronics,Smartphone,52191.61,2,Yes,Inactive,Credit Card,2024-05-23,Delhi,4.2
C00194,21,Male,Electronics,Speaker,3311.37,1,Yes,Inactive,Credit Card,2025-09-06,Bengaluru,4.3
C00104,18,Male,Beauty,Perfume,476.99,5,Yes,Inactive,Cash,2025-05-05,Kolkata,4.3
C00759,37,Female,Electronics,Headphones,39670.53,2,No,Inactive,Debit Card,2025-11-24,Pune,
C00420,33,Male,Electronics,Smartphone,65019.49,1,No,Active,Credit Card,2024-08-02,Jaipur,4.3
C00879,60,Male,Home & Kitchen,Coffee Maker,11598.78,4,No,Inactive,UPI,2025-04-24,Jaipur,3.3
C01764,35,Male,Beauty,Lipstick,1597.55,3,No,Active,UPI,2024-02-11,Kolkata,3.9
C00021,56,Female,Clothing,T-Shirt,3426.63,3,Yes,Active,Credit Card,2024-05-20,Hyderabad,4.3
C01269,57,Male,Beauty,Perfume,1988.82,1,No,Active,Debit Card,2024-07-28,Mumbai,3.0
C01829,61,Female,Sports,Cricket Bat,10157.62,1,No,Inactive,UPI,2024-02-02,Chandigarh,4.4
C01040,48,Male,Sports,Yoga Mat,6790.28,3,No,Inactive,UPI,2025-06-15,Delhi,3.6
C01853,25,Female,Clothing,Dress,3346.07,3,No,Inactive,Credit Card,2025-10-28,Bengaluru,3.0
C00927,55,Female,Clothing,Dress,505.16,2,No,Inactive,Credit Card,2025-05-05,Jaipur,4.7
C01206,43,Female,Books,Comics,1001.48,1,Yes,Inactive,Wallet,2024-06-08,Chennai,3.5
C01837,64,Female,Electronics,Smartwatch,85713.45,1,No,Active,Credit Card,2024-04-24,Delhi,3.2
C00329,46,Female,Electronics,Smartwatch,50450.82,3,Yes,Inactive,Cash,2024-01-08,Hyderabad,3.8
C00266,50,Female,Home & Kitchen,Storage Box,11888.11,1,No,Active,Cash,2024-05-05,Hyderabad,4.7
C00503,34,Female,Beauty,Lipstick,4303.59,3,No,Active,UPI,2024-03-12,Ahmedabad,3.9
C01393,62,Male,Clothing,Jacket,2453.62,2,No,Inactive,Net Banking,2025-01-27,Hyderabad,3.9
C01294,38,Female,Electronics,Speaker,13827.94,2,No,Active,Debit Card,2024-08-01,Hyderabad,4.7
C00444,27,Male,Sports,Running Shoes,2975.81,1,Yes,Active,Credit Card,2024-06-28,Pune,3.9
C01377,36,Female,Clothing,Jacket,3241.52,4,No,Active,Cash,2024-07-05,Hyderabad,4.2
C00387,45,Female,Clothing,Jeans,1790.22,4,No,Active,UPI,2025-10-15,Chennai,3.9
C00959,31,Female,Electronics,Speaker,29756.36,2,No,Inactive,Net Banking,2024-04-04,Jaipur,4.6
C01302,29,Other,Electronics,Laptop,43482.65,2,Yes,Inactive,Credit Card,2024-03-08,Hyderabad,4.0
C00376,40,Female,Sports,Dumbbells,8132.36,2,Yes,Inactive,Credit Card,2024-10-11,Chennai,3.8
C00903,53,Female,Sports,Football,6359.07,3,No,Inactive,UPI,2024-05-02,Bengaluru,5.0
C00980,43,Male,Clothing,Jacket,4935.75,2,No,Inactive,Debit Card,2024-03-26,Mumbai,4.2
C00629,43,Male,Electronics,Speaker,55538.07,1,No,Active,UPI,2025-09-12,Bengaluru,3.3
C00992,18,Female,Clothing,T-Shirt,2746.46,3,Yes,Inactive,UPI,2024-02-13,Jaipur,3.3
C00435,49,Female,Beauty,Perfume,911.11,1,No,Inactive,UPI,2025-11-10,Chandigarh,3.3
C01434,47,Male,Home & Kitchen,Bedsheet,10150.4,2,Yes,Inactive,Cash,2024-12-08,Jaipur,3.6
C01235,36,Male,Sports,Dumbbells,10116.5,3,No,Active,UPI,2025-09-23,Bengaluru,4.9
C01325,29,Male,Beauty,Perfume,2261.63,1,Yes,Inactive,Net Banking,2024-08-10,Kolkata,3.4
C01636,64,Female,Home & Kitchen,Coffee Maker,14242.98,2,No,Active,Debit Card,2025-12-31,Chennai,3.5
C00948,27,Female,Beauty,Face Cream,2580.09,5,No,Inactive,Debit Card,2024-06-16,Jaipur,4.3
C00993,42,Male,Clothing,Dress,2942.59,2,No,Inactive,Debit Card,2025-12-30,Mumbai,3.2
C00500,34,Male,Home & Kitchen,Cookware,3756.35,1,No,Active,Debit Card,2024-04-23,Ahmedabad,4.0
C00981,65,Female,Beauty,Face Cream,2631.33,1,No,Active,Net Banking,2024-01-22,Pune,4.2
C00143,42,Male,Electronics,Smartphone,45833.58,1,No,Inactive,UPI,2024-08-30,Chandigarh,3.0
C00805,41,Female,Electronics,Smartphone,44012.05,3,No,Inactive,Cash,2025-05-27,Chandigarh,4.0
C01318,50,Female,Clothing,Jeans,1115.62,1,No,Inactive,Credit Card,2024-05-29,Jaipur,3.0
C01921,64,Female,Clothing,Jeans,4122.62,1,No,Inactive,Credit Card,2024-06-20,Kolkata,3.6
C00090,40,Female,Beauty,Perfume,3861.65,2,No,Inactive,Net Banking,2025-12-22,Ahmedabad,4.3
C00347,18,Male,Beauty,Face Cream,1395.11,2,No,Inactive,UPI,2024-09-01,Bengaluru,4.9
C01782,27,Female,Beauty,Shampoo,2394.42,2,Yes,Inactive,UPI,2025-01-24,Kolkata,3.8
C01133,38,Female,Home & Kitchen,Storage Box,2405.85,2,Yes,Inactive,Credit Card,2025-11-27,Ahmedabad,5.0
C01245,25,Male,Clothing,Jacket,4257.32,2,No,Active,Debit Card,2025-07-02,Jaipur,4.3
C00563,63,Male,Home & Kitchen,Bedsheet,7458.34,1,No,Active,Net Banking,2025-09-18,Pune,4.3
C00911,37,Male,Clothing,T-Shirt,3241.01,2,Yes,Inactive,Net Banking,2024-07-21,Mumbai,4.6
C01992,30,Female,Electronics,Speaker,55478.39,3,Yes,Inactive,Credit Card,2025-07-14,Bengaluru,5.0
C00883,61,Female,Electronics,Smartwatch,42909.3,4,No,Inactive,Credit Card,2025-08-24,Chennai,3.5
C01244,24,Other,Home & Kitchen,Coffee Maker,1398.12,4,No,Inactive,UPI,2024-02-24,Bengaluru,4.4
C01388,34,Female,Clothing,Sneakers,3049.03,3,Yes,Inactive,Debit Card,2024-05-29,Chandigarh,4.5
C01424,58,Female,Home & Kitchen,Lamp,2631.13,5,No,Active,Debit Card,2025-02-11,Jaipur,4.2
C00657,39,Female,Books,Business,1877.79,1,No,Inactive,Net Banking,2024-05-18,Jaipur,4.3
C01690,46,Female,Clothing,Jacket,3782.06,1,No,Active,Cash,2024-12-27,Jaipur,3.5
C00803,30,Male,Beauty,Perfume,1850.24,1,No,Inactive,UPI,2025-12-30,Delhi,3.8
C00949,50,Male,Electronics,Smartphone,8509.17,1,No,Active,UPI,2025-04-28,Delhi,3.5
C00610,46,Male,Electronics,Headphones,57823.79,2,No,Active,Credit Card,2025-06-04,Mumbai,4.3
C00284,46,Male,Electronics,Smartwatch,60922.58,2,No,Inactive,Wallet,2024-12-21,Bengaluru,3.6
C01389,18,Male,Sports,Yoga Mat,3322.76,3,No,Inactive,Credit Card,2024-10-24,Delhi,3.3
C01117,41,Female,Clothing,Jacket,1302.01,3,Yes,Active,Cash,2024-10-25,Ahmedabad,4.0
C01257,29,Male,Home & Kitchen,Lamp,13273.89,1,Yes,Inactive,UPI,2025-01-11,Chennai,4.5
C00277,53,Female,Electronics,Headphones,70318.23,3,Yes,Active,UPI,2024-07-15,Kolkata,
C00616,54,Female,Home & Kitchen,Cookware,3667.74,1,Yes,Inactive,Net Banking,2025-12-24,Kolkata,4.1
C00909,35,Female,Clothing,Jacket,486.88,2,No,Inactive,Debit Card,2025-04-15,Hyderabad,5.0
C01670,36,Female,Home & Kitchen,Storage Box,5470.84,1,Yes,Inactive,Debit Card,2024-05-28,Ahmedabad,3.8
C00261,25,Female,Beauty,Shampoo,2905.31,1,Yes,Inactive,Credit Card,2025-06-06,Delhi,2.9
C01342,61,Male,Sports,Cricket Bat,10903.48,2,Yes,Inactive,Wallet,2024-09-14,Kolkata,4.1
C01920,52,Male,Clothing,Sneakers,1815.96,1,No,Inactive,Credit Card,2025-05-13,Mumbai,3.9
C00393,48,Female,Home & Kitchen,Lamp,1584.56,1,Yes,Inactive,Credit Card,2024-03-28,Hyderabad,5.0
C01914,45,Other,Electronics,Headphones,59636.98,1,No,Active,Debit Card,2025-02-23,Pune,4.8
C01661,47,Female,Clothing,Jacket,3569.28,2,No,Inactive,Wallet,2025-10-14,Hyderabad,5.0
C01052,36,Other,Clothing,Jacket,1704.89,3,No,Inactive,Credit Card,2024-05-12,Ahmedabad,2.6
C01947,43,Male,Home & Kitchen,Storage Box,4623.85,2,Yes,Inactive,Debit Card,2024-11-17,Chandigarh,4.0
C01107,50,Male,Home & Kitchen,Cookware,7395.03,1,No,Active,UPI,2025-05-15,Chennai,4.1
C00305,65,Male,Sports,Dumbbells,10924.87,1,No,Inactive,Credit Card,2025-12-30,Hyderabad,4.2
C01894,52,Male,Electronics,Laptop,23396.0,4,No,Inactive,UPI,2024-03-20,Chennai,4.0
C01451,44,Female,Beauty,Shampoo,812.18,1,No,Inactive,UPI,2024-07-12,Chandigarh,4.0
C00702,25,Female,Clothing,Sneakers,3506.49,5,No,Inactive,UPI,2025-09-17,Bengaluru,3.5
C00833,30,Male,Electronics,Smartwatch,62266.08,3,Yes,Inactive,Debit Card,2025-07-06,Jaipur,4.6
C00862,31,Other,Clothing,Jeans,1871.45,1,Yes,Inactive,Net Banking,2024-12-28,Ahmedabad,4.3
C00477,48,Female,Books,Fiction,1808.75,3,No,Inactive,Credit Card,2024-02-15,Ahmedabad,3.9
C00085,26,Female,Sports,Cricket Bat,3887.87,2,Yes,Inactive,Debit Card,2024-08-19,Ahmedabad,3.9
C01786,62,Male,Sports,Dumbbells,10664.77,5,No,Inactive,Debit Card,2025-09-22,Chennai,4.3
C00516,32,Male,Home & Kitchen,Lamp,8048.77,2,No,Inactive,UPI,2024-04-19,Delhi,5.0
C01820,59,Male,Clothing,Dress,1280.05,2,No,Inactive,UPI,2025-06-18,Jaipur,3.8
C00550,41,Male,Beauty,Face Cream,2138.39,1,Yes,Active,Credit Card,2024-06-10,Hyderabad,4.1
C00033,59,Female,Sports,Running Shoes,2643.24,2,No,Inactive,Credit Card,2025-08-09,Kolkata,2.9
C00796,30,Male,Electronics,Smartwatch,44278.19,3,No,Inactive,Credit Card,2025-05-11,Delhi,4.1
C01213,43,Male,Books,Technology,1955.64,1,No,Inactive,Cash,2025-06-06,Bengaluru,3.5
C00900,22,Male,Sports,Yoga Mat,2333.37,3,Yes,Inactive,Debit Card,2025-09-24,Ahmedabad,4.3
C01998,24,Female,Clothing,Jeans,515.18,3,No,Inactive,Cash,2025-12-29,Chennai,4.3
C01991,30,Female,Books,Comics,1973.1,2,No,Inactive,Debit Card,2025-03-22,Kolkata,4.9
C00914,42,Female,Electronics,Smartwatch,36882.43,1,No,Active,Credit Card,2024-11-21,Jaipur,3.8
C01625,52,Male,Clothing,Jeans,3083.06,1,No,Inactive,Net Banking,2024-12-24,Kolkata,3.8
C01145,63,Male,Electronics,Smartwatch,81016.24,5,Yes,Inactive,Debit Card,2025-01-10,Pune,3.8
C01342,24,Male,Home & Kitchen,Storage Box,7347.9,1,Yes,Inactive,UPI,2024-03-25,Mumbai,3.5
C01877,65,Other,Home & Kitchen,Bedsheet,2996.35,3,No,Active,UPI,2024-12-17,Chennai,2.3
C01154,25,Female,Beauty,Lipstick,1715.05,2,No,Inactive,UPI,2025-06-19,Bengaluru,4.1
C01385,25,Male,Sports,Yoga Mat,7247.98,1,No,Active,Credit Card,2024-10-04,Kolkata,3.1
C00710,35,Other,Electronics,Headphones,64456.65,1,No,Inactive,UPI,2025-08-02,Hyderabad,3.9
C00665,38,Male,Sports,Football,10297.15,3,Yes,Inactive,Debit Card,2024-11-05,Chennai,4.8
C01689,54,Male,Electronics,Speaker,82205.78,2,No,Active,Debit Card,2025-03-17,Kolkata,3.6
C00274,65,Male,Electronics,Smartphone,15201.76,1,No,Inactive,UPI,2025-07-02,Mumbai,4.2
C01912,21,Female,Books,Technology,1689.67,2,Yes,Active,UPI,2025-05-20,Bengaluru,3.2
C00030,37,Male,Clothing,T-Shirt,1483.33,2,Yes,Inactive,Credit Card,2025-08-10,Jaipur,5.0
C00073,50,Male,Electronics,Laptop,49677.82,1,No,Active,Wallet,2025-11-20,Mumbai,4.8
C00974,60,Male,Home & Kitchen,Bedsheet,1448.22,1,No,Active,Wallet,2024-09-15,Pune,5.0
C00909,39,Female,Beauty,Shampoo,534.05,1,No,Inactive,Credit Card,2025-11-14,Pune,4.7
C01206,57,Male,Beauty,Skin Serum,3601.37,1,Yes,Active,Cash,2024-07-18,Bengaluru,3.2
C00395,60,Female,Books,Comics,1113.41,2,No,Active,UPI,2025-08-27,Jaipur,3.4
C00467,20,Female,Clothing,Dress,573.99,2,No,Active,UPI,2025-03-18,Pune,5.0
C01305,46,Female,Clothing,Jacket,4743.3,3,No,Active,Cash,2025-02-03,Bengaluru,3.2
C01052,59,Male,Beauty,Perfume,2360.8,2,No,Inactive,Net Banking,2024-03-22,Mumbai,5.0
C01444,27,Female,Sports,Cricket Bat,3842.89,4,No,Inactive,Credit Card,2024-04-01,Mumbai,4.8
C01689,28,Male,Home & Kitchen,Bedsheet,14298.43,2,Yes,Active,Cash,2024-05-02,Bengaluru,5.0
C00690,48,Female,Sports,Running Shoes,2317.01,4,Yes,Inactive,Credit Card,2025-01-09,Pune,4.0
C01478,33,Male,Sports,Running Shoes,8775.42,2,Yes,Inactive,Credit Card,2024-07-28,Hyderabad,4.3
C01495,60,Male,Home & Kitchen,Bedsheet,1679.42,3,No,Inactive,UPI,2025-03-25,Hyderabad,3.4
C00892,45,Male,Electronics,Smartphone,65558.26,1,No,Inactive,Credit Card,2024-10-26,Chandigarh,3.8
C00457,60,Female,Electronics,Speaker,67610.53,1,No,Inactive,UPI,2025-07-06,Chandigarh,4.3
C00735,60,Male,Books,Self-Help,721.22,3,No,Inactive,Debit Card,2024-10-26,Pune,3.8
C00791,39,Male,Clothing,Sneakers,807.32,1,No,Inactive,UPI,2024-11-01,Kolkata,5.0
C01252,50,Male,Beauty,Lipstick,696.36,4,No,Inactive,UPI,2025-10-02,Ahmedabad,5.0
C01658,32,Female,Sports,Running Shoes,2078.14,3,No,Active,UPI,2025-02-11,Hyderabad,4.9
C01984,33,Male,Clothing,Jeans,4676.14,2,Yes,Active,Net Banking,2024-11-10,Pune,4.0
C00487,31,Male,Books,Self-Help,354.64,1,No,Inactive,Cash,2024-09-01,Chennai,4.4
C01153,33,Female,Electronics,Smartwatch,30068.29,1,No,Active,Credit Card,2024-04-03,Mumbai,4.3
C00866,30,Male,Clothing,Sneakers,664.59,1,No,Active,UPI,2024-01-15,Ahmedabad,4.2
C00877,28,Female,Clothing,Jeans,802.29,3,No,Inactive,UPI,2024-08-16,Kolkata,4.8
C00592,65,Female,Electronics,Speaker,71719.24,2,Yes,Active,Cash,2024-07-16,Pune,3.3
C01235,56,Male,Sports,Yoga Mat,4349.69,2,No,Inactive,Credit Card,2025-12-22,Delhi,4.1
C01154,45,Female,Sports,Cricket Bat,4221.8,2,Yes,Active,Debit Card,2024-04-07,Delhi,4.7
C01096,34,Male,Electronics,Headphones,77210.61,2,No,Inactive,Credit Card,2024-02-03,Kolkata,2.7
C01914,37,Male,Electronics,Smartwatch,34318.07,2,Yes,Inactive,Net Banking,2024-02-29,Pune,4.0
C00192,53,Male,Sports,Cricket Bat,10781.96,4,Yes,Inactive,Net Banking,2025-05-05,Ahmedabad,4.5
C00345,28,Female,Electronics,Speaker,81814.7,3,No,Inactive,Debit Card,2025-06-22,Hyderabad,4.6
C01844,55,Female,Books,Business,508.57,1,Yes,Active,Debit Card,2025-06-26,Delhi,3.4
C01505,28,Male,Beauty,Skin Serum,897.43,1,Yes,Inactive,Debit Card,2025-03-24,Kolkata,3.6
C00869,65,Female,Electronics,Laptop,81541.29,1,No,Active,UPI,2025-12-01,Chennai,3.2
C00700,42,Female,Electronics,Smartwatch,12815.61,2,No,Inactive,Credit Card,2025-11-26,Mumbai,3.6
C01553,43,Male,Sports,Cricket Bat,4240.06,3,No,Active,Cash,2024-05-09,Chennai,4.0
C01108,49,Male,Home & Kitchen,Cookware,9020.26,3,No,Inactive,Wallet,2024-07-15,Jaipur,3.4
C01690,24,Female,Home & Kitchen,Bedsheet,12944.42,4,Yes,Active,Net Banking,2024-10-16,Mumbai,
C01254,43,Male,Clothing,Dress,591.25,2,No,Active,UPI,2024-01-14,Mumbai,4.9
C00778,27,Female,Home & Kitchen,Lamp,14289.17,2,Yes,Active,Wallet,2024-01-22,Ahmedabad,3.8
C01426,26,Male,Sports,Dumbbells,4030.44,1,No,Active,Debit Card,2024-05-11,Chandigarh,4.6
C01846,21,Female,Clothing,Dress,1138.65,4,No,Inactive,Wallet,2024-01-05,Chandigarh,4.1
C01358,46,Female,Electronics,Laptop,28306.33,1,Yes,Active,Debit Card,2024-05-07,Jaipur,4.5
C00287,28,Female,Beauty,Shampoo,1899.68,3,Yes,Inactive,UPI,2024-06-05,Kolkata,4.3
C01339,33,Female,Clothing,T-Shirt,1391.39,2,Yes,Inactive,Net Banking,2025-09-05,Bengaluru,3.9
C01465,60,Male,Electronics,Smartwatch,3422.93,1,Yes,Active,Credit Card,2025-05-30,Kolkata,3.9
C01271,65,Male,Books,Technology,1174.2,3,Yes,Active,UPI,2025-02-14,Ahmedabad,4.0
C00661,48,Male,Electronics,Headphones,71314.16,1,No,Inactive,Credit Card,2024-04-22,Chandigarh,4.1
C01418,38,Female,Electronics,Headphones,23102.14,3,Yes,Inactive,UPI,2024-02-11,Mumbai,3.9
C01937,26,Female,Home & Kitchen,Bedsheet,7326.28,3,No,Inactive,UPI,2024-12-08,Hyderabad,
C01764,48,Female,Sports,Football,3726.03,3,No,Inactive,Debit Card,2024-12-04,Pune,2.8
C00353,60,Male,Beauty,Skin Serum,3028.98,2,Yes,Inactive,Debit Card,2024-01-08,Chandigarh,4.1
C01090,39,Female,Clothing,Dress,1637.8,5,Yes,Active,UPI,2025-12-17,Mumbai,3.9
C00662,22,Female,Sports,Football,3689.95,1,Yes,Active,Credit Card,2025-08-14,Delhi,3.2
C01379,39,Female,Clothing,Dress,1884.27,2,No,Inactive,UPI,2025-05-09,Delhi,3.1
C01802,40,Male,Books,Technology,1622.49,1,No,Active,Wallet,2025-07-28,Chandigarh,4.3
C00743,24,Female,Clothing,Dress,2449.91,2,No,Active,UPI,2025-10-12,Delhi,3.6
C01924,23,Male,Electronics,Headphones,31467.67,2,Yes,Active,Credit Card,2024-11-13,Chennai,5.0
C01781,44,Male,Electronics,Speaker,52876.47,5,Yes,Inactive,Debit Card,2024-08-23,Chandigarh,4.4
C00065,41,Male,Electronics,Speaker,18723.73,3,No,Active,Net Banking,2024-07-11,Chandigarh,3.8
C01866,40,Male,Clothing,T-Shirt,1639.05,1,Yes,Inactive,Wallet,2024-08-28,Pune,4.3
C01763,29,Male,Home & Kitchen,Bedsheet,11710.02,1,Yes,Inactive,Debit Card,2024-11-26,Ahmedabad,4.0
C01116,20,Male,Clothing,T-Shirt,337.51,3,No,Active,Wallet,2024-10-06,Chandigarh,3.0
C00262,54,Female,Home & Kitchen,Bedsheet,14268.62,1,Yes,Active,UPI,2024-12-31,Jaipur,4.7
C01800,59,Male,Clothing,Sneakers,3906.75,4,No,Inactive,UPI,2025-11-09,Mumbai,3.5
C01613,20,Male,Electronics,Headphones,36126.89,2,No,Active,Credit Card,2025-12-24,Mumbai,4.5
C01491,57,Male,Clothing,Jeans,3396.55,1,No,Active,Credit Card,2024-09-25,Chandigarh,4.4
C01342,59,Female,Electronics,Speaker,40274.52,1,No,Active,UPI,2024-01-26,Hyderabad,4.1
C00170,59,Male,Home & Kitchen,Coffee Maker,12772.59,1,No,Inactive,UPI,2025-04-03,Kolkata,3.2
C00453,48,Female,Sports,Yoga Mat,4938.17,1,No,Inactive,Cash,2025-08-20,Chandigarh,4.4
C01230,53,Female,Electronics,Smartphone,57861.04,1,Yes,Inactive,Credit Card,2025-09-13,Hyderabad,2.7
C01164,28,Female,Clothing,Sneakers,4773.15,1,Yes,Active,Debit Card,2025-03-04,Kolkata,4.6
C00728,30,Female,Clothing,Jacket,3030.31,1,No,Inactive,Credit Card,2025-09-02,Pune,3.7
C01498,26,Male,Sports,Football,4598.4,1,Yes,Active,Credit Card,2025-09-20,Chennai,4.8
C00662,40,Male,Clothing,T-Shirt,2259.82,1,No,Inactive,UPI,2025-02-20,Hyderabad,4.5
C00696,63,Male,Clothing,Dress,2240.59,1,Yes,Inactive,Credit Card,2024-02-11,Hyderabad,3.9
C00908,52,Female,Beauty,Lipstick,3186.5,1,Yes,Inactive,UPI,2024-04-12,Mumbai,4.7
C00827,20,Male,Sports,Cricket Bat,2137.81,1,No,Inactive,UPI,2024-11-03,Jaipur,3.9
C01559,30,Male,Beauty,Skin Serum,546.69,1,Yes,Inactive,UPI,2024-04-15,Bengaluru,5.0
C01301,24,Male,Clothing,Sneakers,2160.99,3,No,Inactive,Credit Card,2024-05-06,Delhi,3.9
C00199,49,Female,Electronics,Speaker,66502.75,3,No,Inactive,Debit Card,2025-10-20,Chandigarh,5.0
C00234,50,Female,Clothing,Sneakers,4139.84,1,No,Active,Credit Card,2025-04-24,Delhi,3.0
C01237,18,Female,Electronics,Smartwatch,84363.87,1,No,Active,Credit Card,2024-04-29,Delhi,3.5
C01041,58,Female,Clothing,Sneakers,570.6,1,Yes,Inactive,Cash,2025-10-03,Hyderabad,4.3
C01935,55,Male,Clothing,Sneakers,1639.5,1,Yes,Inactive,Debit Card,2024-11-08,Hyderabad,3.1
C00872,53,Female,Electronics,Smartwatch,63244.06,1,Yes,Inactive,Credit Card,2024-12-27,Kolkata,3.5
C00216,56,Female,Sports,Dumbbells,2430.35,2,No,Inactive,Net Banking,2025-02-18,Chandigarh,3.6
C00246,34,Male,Clothing,Jeans,3563.85,2,No,Inactive,Credit Card,2025-11-27,Chennai,5.0
C01912,63,Male,Sports,Yoga Mat,11284.03,4,Yes,Inactive,Debit Card,2025-07-12,Ahmedabad,4.3
C00822,42,Female,Home & Kitchen,Storage Box,6721.17,4,No,Inactive,Cash,2025-01-25,Delhi,4.4
C00864,61,Female,Electronics,Laptop,77769.95,3,No,Active,Cash,2025-08-29,Chennai,3.8
C01932,61,Male,Books,Comics,421.58,2,Yes,Active,Debit Card,2025-12-23,Hyderabad,4.5
C01515,52,Female,Sports,Yoga Mat,7943.16,5,No,Active,Debit Card,2024-06-16,Bengaluru,3.8
C01837,29,Male,Clothing,T-Shirt,1903.16,5,No,Inactive,Cash,2025-12-27,Chennai,2.8
C01969,49,Male,Books,Self-Help,415.46,2,No,Active,Debit Card,2024-12-30,Chennai,3.2
C01149,30,Male,Beauty,Face Cream,3987.6,3,No,Active,Debit Card,2025-03-21,Jaipur,4.0
C01348,37,Male,Books,Technology,1724.79,3,Yes,Inactive,UPI,2024-04-29,Jaipur,2.7
C01398,55,Female,Clothing,Sneakers,3675.69,2,Yes,Inactive,Net Banking,2025-10-17,Mumbai,4.3
C01044,43,Male,Sports,Running Shoes,8104.62,4,No,Inactive,Debit Card,2025-12-16,Bengaluru,3.1
C01283,58,Female,Home & Kitchen,Lamp,9564.07,4,No,Inactive,Credit Card,2024-06-12,Pune,2.8
C00132,53,Male,Clothing,Dress,956.74,3,Yes,Inactive,Cash,2024-08-25,Bengaluru,3.3
C00424,47,Female,Sports,Cricket Bat,6397.36,1,Yes,Active,Cash,2025-05-08,Kolkata,4.8
C01237,27,Female,Clothing,Jeans,3422.08,2,No,Inactive,Wallet,2025-06-06,Hyderabad,3.7
C01202,61,Female,Sports,Yoga Mat,9351.31,1,Yes,Active,Net Banking,2024-04-07,Bengaluru,3.3
C01634,39,Male,Sports,Yoga Mat,1933.08,2,No,Active,Cash,2024-11-13,Mumbai,3.9
C00251,28,Female,Clothing,Jeans,2266.19,1,Yes,Inactive,Cash,2024-02-17,Pune,3.7
C01209,61,Male,Sports,Yoga Mat,1135.06,2,No,Inactive,Debit Card,2024-03-11,Kolkata,3.5
C00677,48,Male,Beauty,Face Cream,2345.49,1,Yes,Inactive,UPI,2025-07-22,Hyderabad,4.2
C00783,50,Female,Electronics,Smartwatch,85758.06,5,No,Inactive,Cash,2024-09-30,Jaipur,3.1
C00721,50,Female,Books,Self-Help,746.04,1,No,Inactive,UPI,2025-05-28,Hyderabad,3.3
C01836,48,Female,Electronics,Smartphone,54961.79,2,Yes,Inactive,UPI,2025-02-26,Jaipur,4.3
C01744,25,Male,Books,Business,1228.05,3,No,Inactive,Credit Card,2025-03-09,Delhi,3.4
C01465,30,Male,Sports,Cricket Bat,5493.69,1,No,Inactive,Net Banking,2025-11-19,Hyderabad,4.4
C01987,28,Female,Books,Fiction,1606.65,3,No,Active,Credit Card,2025-01-13,Mumbai,3.5
C00262,28,Female,Beauty,Lipstick,2923.59,1,No,Inactive,UPI,2025-07-23,Hyderabad,3.3
C00703,34,Female,Clothing,Jacket,2444.05,1,Yes,Active,Debit Card,2024-04-21,Jaipur,3.7
C00420,28,Female,Beauty,Skin Serum,3388.08,3,No,Active,Debit Card,2024-08-13,Pune,4.5
C00268,64,Male,Electronics,Laptop,37802.14,4,No,Inactive,UPI,2025-06-16,Pune,3.3
C01136,34,Male,Books,Technology,409.02,1,No,Inactive,Debit Card,2024-11-01,Ahmedabad,
C00198,64,Female,Electronics,Speaker,69077.54,1,No,Inactive,Net Banking,2024-12-18,Hyderabad,4.3
C01902,42,Male,Electronics,Headphones,1899.72,3,Yes,Inactive,Debit Card,2024-07-04,Hyderabad,5.0
C01396,65,Male,Home & Kitchen,Coffee Maker,3763.73,3,No,Active,UPI,2025-01-22,Ahmedabad,4.4
C00627,27,Female,Electronics,Laptop,83333.54,1,No,Active,Net Banking,2024-12-21,Mumbai,4.1
C01575,52,Male,Clothing,Dress,938.25,1,No,Inactive,UPI,2024-05-02,Chennai,3.5
C01431,60,Female,Beauty,Lipstick,4979.84,4,Yes,Active,Wallet,2024-03-22,Jaipur,3.8
C01571,35,Male,Home & Kitchen,Lamp,930.45,1,No,Active,Wallet,2024-07-27,Delhi,4.4
C00283,18,Male,Electronics,Smartphone,58291.01,3,No,Inactive,Debit Card,2025-08-01,Chandigarh,3.4
C00454,57,Male,Clothing,Dress,4946.3,1,No,Active,Credit Card,2025-07-16,Chandigarh,2.8
C00138,38,Female,Electronics,Smartphone,62073.5,3,Yes,Active,Wallet,2025-06-23,Kolkata,3.8
C00313,36,Male,Home & Kitchen,Coffee Maker,13210.69,1,No,Active,UPI,2025-01-29,Delhi,3.0
C00131,52,Male,Clothing,Jacket,3322.4,1,No,Active,Debit Card,2024-09-06,Chennai,4.4
C01712,32,Male,Home & Kitchen,Bedsheet,9958.77,3,No,Inactive,Net Banking,2025-12-08,Jaipur,4.3
C01183,60,Female,Sports,Yoga Mat,9431.36,3,No,Active,Cash,2024-06-02,Mumbai,3.8
C01978,23,Male,Books,Comics,1794.23,1,No,Inactive,UPI,2025-11-12,Chennai,5.0
C00519,30,Male,Clothing,Dress,375.47,1,No,Inactive,Debit Card,2024-06-03,Hyderabad,4.5
C01522,48,Male,Home & Kitchen,Coffee Maker,2545.51,1,No,Inactive,Credit Card,2025-11-06,Chennai,4.1
C01064,43,Other,Electronics,Speaker,39404.0,4,No,Inactive,Debit Card,2025-09-19,Chandigarh,3.1
C01098,28,Female,Home & Kitchen,Cookware,6480.69,1,No,Inactive,UPI,2025-11-21,Chandigarh,5.0
C01776,33,Other,Sports,Cricket Bat,10593.53,1,Yes,Inactive,Credit Card,2025-03-29,Kolkata,4.2
C01928,26,Male,Clothing,Dress,1683.36,3,Yes,Inactive,Wallet,2025-01-04,Pune,3.8
C01467,63,Female,Beauty,Face Cream,798.85,3,No,Inactive,UPI,2024-09-14,Bengaluru,2.6
C01616,31,Male,Clothing,Sneakers,384.07,1,Yes,Inactive,Debit Card,2024-08-09,Chandigarh,3.2
C00324,62,Male,Beauty,Perfume,4944.3,1,No,Inactive,Credit Card,2024-01-15,Pune,4.5
C01443,41,Female,Clothing,T-Shirt,2315.55,5,Yes,Active,UPI,2024-10-29,Ahmedabad,4.6
C00547,27,Male,Clothing,Jacket,2910.86,3,No,Inactive,UPI,2025-04-14,Chennai,3.5
C00735,51,Male,Beauty,Perfume,1041.49,1,No,Active,Cash,2024-05-15,Chennai,3.8
C01784,19,Male,Sports,Running Shoes,10263.03,1,Yes,Inactive,UPI,2025-07-19,Bengaluru,5.0
C00711,65,Female,Home & Kitchen,Storage Box,8365.4,2,Yes,Active,Cash,2024-06-19,Mumbai,4.7
C00975,58,Male,Electronics,Laptop,80368.41,1,Yes,Active,Debit Card,2024-01-03,Ahmedabad,3.5
C01325,25,Other,Electronics,Smartwatch,2431.95,1,No,Inactive,Net Banking,2024-03-11,Ahmedabad,4.0
C00833,54,Female,Clothing,Jeans,3122.81,1,No,Active,UPI,2025-03-06,Jaipur,4.5
C01571,51,Female,Books,Fiction,308.41,1,No,Inactive,Wallet,2024-01-21,Pune,4.3
C00009,40,Male,Books,Technology,624.64,1,No,Inactive,Cash,2025-03-05,Ahmedabad,4.8
C00700,45,Male,Clothing,Dress,3650.93,1,No,Active,UPI,2025-10-13,Hyderabad,3.7
C00924,25,Male,Electronics,Smartwatch,66480.84,1,No,Active,Credit Card,2024-12-20,Jaipur,4.9
C00881,47,Male,Electronics,Smartphone,24519.68,1,No,Inactive,UPI,2024-08-28,Bengaluru,3.9
C00526,33,Male,Sports,Yoga Mat,3821.49,2,No,Inactive,Cash,2025-12-01,Ahmedabad,4.2
C01654,33,Female,Electronics,Smartwatch,51696.23,3,No,Active,Credit Card,2024-07-29,Delhi,4.1
C00270,34,Male,Electronics,Smartphone,79264.25,2,Yes,Inactive,UPI,2024-07-29,Ahmedabad,
C01535,41,Female,Electronics,Headphones,71319.49,1,No,Inactive,Cash,2024-08-02,Bengaluru,4.4
C00619,31,Male,Beauty,Skin Serum,3367.54,1,Yes,Active,UPI,2025-06-01,Chennai,4.2
C00326,41,Male,Beauty,Shampoo,3042.44,2,No,Active,Wallet,2024-11-03,Mumbai,3.3
C00236,38,Male,Electronics,Speaker,19291.51,2,No,Active,Credit Card,2025-03-07,Bengaluru,3.1
C00040,39,Female,Electronics,Smartwatch,10871.65,1,Yes,Inactive,UPI,2024-10-11,Pune,5.0
C01233,33,Female,Electronics,Headphones,63871.9,5,No,Inactive,Debit Card,2025-09-14,Chandigarh,3.7
C01544,60,Male,Electronics,Headphones,89847.39,3,No,Inactive,Cash,2024-06-16,Chandigarh,4.5
C01434,37,Female,Home & Kitchen,Cookware,2110.6,3,Yes,Inactive,Credit Card,2024-11-12,Ahmedabad,5.0
C00285,61,Female,Clothing,T-Shirt,3072.21,1,Yes,Active,Wallet,2025-10-16,Chandigarh,3.9
C01021,27,Female,Beauty,Perfume,1959.24,2,No,Active,UPI,2024-01-17,Mumbai,3.8
C01251,54,Female,Electronics,Speaker,12476.28,2,No,Active,Cash,2024-05-27,Ahmedabad,2.7
C00027,19,Male,Electronics,Speaker,67347.56,1,No,Inactive,UPI,2024-06-09,Jaipur,4.6
C01366,33,Other,Clothing,T-Shirt,1678.56,2,No,Inactive,Net Banking,2025-08-17,Bengaluru,4.7
C00163,53,Male,Beauty,Shampoo,4821.6,1,No,Inactive,UPI,2024-01-20,Pune,4.0
C01082,33,Male,Electronics,Headphones,87806.56,5,No,Inactive,Credit Card,2025-10-08,Delhi,4.3
C01152,37,Male,Home & Kitchen,Coffee Maker,14564.63,2,No,Inactive,UPI,2025-01-28,Chennai,3.0
C00695,40,Female,Sports,Dumbbells,10831.15,1,No,Inactive,UPI,2025-06-16,Delhi,4.8
C01089,19,Female,Home & Kitchen,Storage Box,14372.98,2,No,Inactive,Credit Card,2025-07-29,Jaipur,3.6
C01281,18,Male,Home & Kitchen,Cookware,1435.14,1,No,Active,UPI,2024-10-30,Ahmedabad,3.8
C01070,19,Female,Beauty,Face Cream,3436.9,1,Yes,Active,UPI,2025-01-07,Jaipur,3.5
C01605,21,Male,Clothing,T-Shirt,815.06,1,No,Active,Credit Card,2024-09-29,Jaipur,2.8
C00476,49,Male,Sports,Cricket Bat,6899.26,2,No,Active,Wallet,2025-06-15,Pune,5.0
C01409,36,Male,Clothing,Jacket,937.73,2,Yes,Inactive,Debit Card,2024-01-02,Jaipur,4.2
C01334,59,Female,Home & Kitchen,Cookware,365.69,4,Yes,Inactive,Wallet,2024-06-19,Delhi,3.6
C00387,18,Male,Electronics,Headphones,60466.42,2,No,Inactive,UPI,2025-12-10,Ahmedabad,4.4
C00623,23,Male,Books,Technology,1863.83,2,No,Inactive,Debit Card,2025-02-24,Kolkata,4.6
C01446,34,Female,Books,Self-Help,270.39,2,No,Inactive,Credit Card,2024-09-09,Bengaluru,3.3
C00122,50,Female,Books,Comics,1374.54,3,No,Active,UPI,2024-05-04,Kolkata,4.2
C00193,35,Female,Books,Comics,1637.4,5,No,Inactive,UPI,2024-06-24,Pune,4.7
C00646,65,Female,Beauty,Shampoo,3449.21,1,Yes,Active,UPI,2024-12-16,Mumbai,3.1
C00144,56,Female,Home & Kitchen,Bedsheet,3339.47,4,Yes,Active,Wallet,2025-08-28,Delhi,4.3
C01311,37,Female,Sports,Yoga Mat,2164.58,3,No,Active,Credit Card,2024-02-22,Chennai,4.4
C01872,54,Female,Sports,Dumbbells,11846.71,2,No,Active,Credit Card,2024-06-25,Delhi,3.8
C00960,19,Male,Electronics,Headphones,33074.07,1,Yes,Inactive,Wallet,2024-11-02,Ahmedabad,4.8
C01543,54,Female,Beauty,Face Cream,3761.37,4,No,Inactive,Credit Card,2024-12-03,Ahmedabad,3.9
C00306,19,Female,Electronics,Headphones,1751.53,1,Yes,Inactive,Credit Card,2025-06-17,Mumbai,3.3
C01384,45,Male,Beauty,Lipstick,2802.52,1,No,Inactive,Net Banking,2024-11-03,Kolkata,4.3
C00761,41,Male,Clothing,Dress,3614.46,1,Yes,Active,Credit Card,2024-09-27,Delhi,3.8
C01724,30,Male,Clothing,Dress,2524.39,1,Yes,Inactive,Cash,2024-12-20,Chandigarh,3.6
C00245,42,Female,Beauty,Face Cream,2067.65,1,Yes,Inactive,UPI,2024-07-20,Ahmedabad,4.0
C01618,25,Female,Home & Kitchen,Lamp,3770.18,2,No,Active,UPI,2024-11-07,Hyderabad,3.7
C01431,33,Male,Home & Kitchen,Cookware,1344.02,4,Yes,Inactive,UPI,2024-06-09,Chennai,5.0
C00488,22,Male,Clothing,Jacket,1561.01,1,Yes,Inactive,Debit Card,2025-06-12,Bengaluru,3.5
C01089,21,Female,Clothing,T-Shirt,1052.05,3,No,Inactive,Credit Card,2025-10-31,Pune,2.9
C00105,47,Female,Beauty,Perfume,1836.01,3,No,Active,Debit Card,2025-02-24,Ahmedabad,4.4
C01519,37,Male,Home & Kitchen,Cookware,5680.37,1,No,Inactive,Credit Card,2024-03-20,Bengaluru,4.4
C00649,48,Female,Sports,Cricket Bat,7716.44,3,No,Active,Debit Card,2025-07-29,Chennai,4.6
C01969,63,Female,Sports,Football,9111.39,1,Yes,Inactive,Net Banking,2025-11-29,Chandigarh,3.4
C01472,59,Male,Books,Comics,1935.66,4,No,Inactive,Credit Card,2025-08-06,Mumbai,4.9
C00726,29,Female,Books,Technology,436.25,1,Yes,Inactive,Credit Card,2024-04-05,Bengaluru,4.3
C01462,43,Female,Beauty,Face Cream,2193.51,1,No,Inactive,UPI,2024-09-29,Delhi,2.4
C00703,59,Female,Books,Technology,294.84,1,No,Active,Debit Card,2025-12-08,Kolkata,2.7
C00823,61,Male,Sports,Cricket Bat,1120.72,2,No,Active,Debit Card,2025-04-16,Delhi,4.5
C00975,49,Male,Clothing,Jeans,4349.17,3,No,Active,Cash,2025-01-29,Ahmedabad,4.0
C00131,25,Female,Electronics,Smartphone,13469.5,1,Yes,Active,Credit Card,2024-11-20,Jaipur,3.5
C01364,35,Male,Sports,Running Shoes,2495.79,3,No,Active,Debit Card,2024-04-06,Ahmedabad,4.3
C00206,32,Female,Home & Kitchen,Cookware,4763.49,1,No,Inactive,Cash,2025-11-18,Hyderabad,3.8
C00456,31,Female,Home & Kitchen,Storage Box,1878.03,1,No,Inactive,UPI,2024-07-20,Hyderabad,5.0
C01043,29,Female,Clothing,Jacket,964.24,1,Yes,Inactive,UPI,2025-01-12,Chennai,3.3
C01072,18,Female,Beauty,Perfume,2324.06,4,No,Inactive,Credit Card,2024-02-10,Hyderabad,3.0
C00116,56,Female,Clothing,T-Shirt,2905.82,1,No,Active,Credit Card,2024-07-09,Bengaluru,3.2
C00154,64,Male,Clothing,Jacket,455.5,2,Yes,Inactive,Debit Card,2024-03-05,Hyderabad,3.6
C00407,61,Female,Home & Kitchen,Cookware,4490.11,2,Yes,Inactive,UPI,2025-01-02,Hyderabad,4.6
C01258,48,Other,Books,Comics,439.35,1,No,Inactive,Wallet,2024-08-26,Bengaluru,3.4
C00962,29,Male,Electronics,Smartphone,23160.92,2,No,Inactive,Wallet,2024-10-06,Chandigarh,3.4
C00219,56,Female,Clothing,Jacket,4367.05,1,No,Inactive,Debit Card,2025-12-10,Pune,3.6
C00090,58,Female,Clothing,T-Shirt,1157.54,1,No,Active,Debit Card,2024-06-13,Bengaluru,4.4
C01266,57,Male,Electronics,Smartwatch,89506.0,1,No,Inactive,Wallet,2024-08-17,Chennai,3.8
C00666,51,Male,Beauty,Shampoo,3519.52,2,No,Inactive,Debit Card,2024-02-22,Chandigarh,
C01683,20,Male,Books,Technology,1740.94,1,No,Inactive,UPI,2025-10-21,Ahmedabad,4.1
C01868,21,Male,Beauty,Shampoo,963.09,1,No,Inactive,Credit Card,2025-01-25,Bengaluru,2.7
C01181,36,Male,Electronics,Smartwatch,46533.83,2,No,Inactive,UPI,2025-04-04,Chandigarh,5.0
C01723,40,Female,Home & Kitchen,Coffee Maker,14383.19,1,No,Active,Credit Card,2024-10-04,Jaipur,4.9
C01684,62,Male,Home & Kitchen,Storage Box,13306.91,2,No,Active,Cash,2024-06-08,Bengaluru,3.7
C01760,59,Male,Books,Business,1992.84,1,Yes,Inactive,Credit Card,2024-08-25,Bengaluru,3.8
C01479,63,Other,Clothing,Jacket,3144.07,3,No,Inactive,Net Banking,2025-10-31,Delhi,4.2
C01055,42,Male,Books,Comics,1936.35,2,Yes,Inactive,Credit Card,2024-05-14,Pune,4.4
C01229,46,Other,Sports,Football,10718.54,2,Yes,Active,UPI,2025-09-22,Delhi,3.3
C00179,59,Female,Electronics,Laptop,26484.53,2,Yes,Active,UPI,2025-10-07,Jaipur,3.2
C01591,38,Male,Electronics,Speaker,30567.72,3,No,Inactive,Net Banking,2024-02-29,Hyderabad,2.8
C00560,25,Female,Clothing,Sneakers,2611.99,2,Yes,Inactive,Credit Card,2025-11-15,Delhi,4.5
C00754,24,Female,Beauty,Shampoo,4594.51,3,No,Inactive,Wallet,2025-02-03,Chennai,4.2
C01021,42,Male,Electronics,Headphones,32077.31,2,Yes,Active,Debit Card,2024-05-17,Kolkata,4.2
C01607,35,Male,Books,Fiction,1133.34,1,No,Inactive,Net Banking,2025-04-28,Jaipur,5.0
C01898,48,Male,Clothing,Jeans,1730.4,4,No,Inactive,Credit Card,2024-05-31,Ahmedabad,3.4
C01773,20,Female,Clothing,T-Shirt,4768.72,2,No,Active,Cash,2025-08-12,Chennai,3.7
C00794,61,Female,Books,Business,1755.84,1,Yes,Inactive,Cash,2025-04-16,Pune,4.1
C00609,40,Male,Electronics,Smartphone,34601.45,1,Yes,Inactive,Wallet,2025-08-14,Chandigarh,3.6
C01891,46,Female,Sports,Football,6083.11,3,No,Active,Credit Card,2024-05-15,Bengaluru,3.5
C00917,41,Female,Electronics,Smartphone,12953.01,3,No,Inactive,Debit Card,2024-10-18,Ahmedabad,2.4
C01157,52,Female,Clothing,Jacket,3084.57,1,Yes,Active,Debit Card,2024-03-31,Pune,3.9
C00421,50,Female,Books,Business,1372.92,1,No,Inactive,Wallet,2024-08-26,Chennai,3.8
C00726,21,Male,Clothing,T-Shirt,4565.69,1,No,Inactive,Debit Card,2024-08-29,Pune,3.6
C00166,18,Female,Home & Kitchen,Bedsheet,8585.79,4,No,Inactive,Cash,2025-07-04,Pune,4.8
C00845,64,Female,Home & Kitchen,Lamp,8431.56,1,Yes,Inactive,Debit Card,2025-04-27,Chennai,4.5
C00012,37,Male,Sports,Dumbbells,2459.81,2,Yes,Inactive,Net Banking,2024-03-10,Hyderabad,2.9
C00772,52,Female,Sports,Football,9829.64,1,No,Active,UPI,2025-05-16,Hyderabad,4.0
C00924,22,Female,Clothing,Dress,3570.55,5,No,Active,Wallet,2025-01-27,Ahmedabad,3.5
C00138,59,Male,Electronics,Speaker,52934.83,1,Yes,Inactive,Credit Card,2025-02-13,Delhi,4.2
C01658,23,Female,Books,Technology,1587.29,2,Yes,Inactive,UPI,2024-03-26,Hyderabad,4.5
C00942,38,Female,Clothing,Jacket,1237.78,3,No,Active,UPI,2025-12-02,Ahmedabad,2.9
C00903,33,Female,Beauty,Shampoo,2503.29,2,No,Active,Debit Card,2024-06-01,Chandigarh,4.9
C01219,56,Male,Home & Kitchen,Cookware,14332.23,4,No,Active,Credit Card,2024-11-21,Hyderabad,4.8
C00165,22,Female,Clothing,Dress,3308.33,4,No,Active,UPI,2025-02-08,Chandigarh,3.2
C01734,34,Female,Beauty,Lipstick,4419.13,2,Yes,Active,Net Banking,2025-04-10,Kolkata,4.4
C01228,57,Female,Sports,Football,11298.21,1,No,Active,Credit Card,2024-10-18,Delhi,3.9
C00749,39,Male,Home & Kitchen,Bedsheet,8668.47,1,Yes,Inactive,Credit Card,2024-06-14,Mumbai,5.0
C01263,39,Male,Clothing,Jeans,2715.64,1,Yes,Inactive,Wallet,2024-10-10,Mumbai,4.1
C01452,31,Male,Sports,Cricket Bat,11668.18,1,No,Inactive,Debit Card,2025-09-28,Ahmedabad,4.0
C00577,43,Male,Home & Kitchen,Bedsheet,2091.9,4,Yes,Inactive,Credit Card,2025-08-31,Mumbai,3.4
C01524,33,Male,Home & Kitchen,Lamp,9005.12,3,No,Active,Credit Card,2025-05-09,Bengaluru,3.8
C00076,40,Male,Beauty,Face Cream,616.43,1,No,Inactive,Cash,2024-10-14,Kolkata,3.6
C00224,40,Female,Electronics,Laptop,20104.01,1,No,Inactive,UPI,2024-02-26,Jaipur,3.7
C01946,20,Female,Electronics,Smartwatch,32705.24,3,Yes,Inactive,Credit Card,2025-11-16,Mumbai,4.4
C00816,51,Female,Beauty,Perfume,2847.3,2,No,Inactive,Cash,2024-02-26,Kolkata,5.0
C01486,21,Female,Home & Kitchen,Storage Box,9941.21,1,Yes,Inactive,Wallet,2024-04-21,Bengaluru,4.5
C01360,34,Male,Clothing,Sneakers,2006.26,4,No,Inactive,Cash,2025-06-06,Kolkata,4.3
C00830,25,Male,Electronics,Speaker,42972.3,2,Yes,Inactive,Credit Card,2024-05-30,Chandigarh,3.8
C01427,29,Male,Electronics,Speaker,79349.12,1,Yes,Active,Wallet,2025-09-27,Pune,3.8
C00299,40,Male,Clothing,T-Shirt,4781.37,3,No,Active,Cash,2025-07-22,Jaipur,4.1
C00428,31,Female,Electronics,Smartphone,17967.11,2,No,Inactive,Credit Card,2024-10-31,Bengaluru,2.1
C00805,20,Male,Clothing,T-Shirt,4938.79,1,No,Inactive,Debit Card,2024-03-22,Kolkata,5.0
C00012,55,Other,Beauty,Perfume,2092.89,1,Yes,Active,Debit Card,2024-03-13,Kolkata,4.6
C00295,63,Female,Sports,Running Shoes,6806.05,5,No,Inactive,UPI,2024-07-14,Chandigarh,3.5
C00187,47,Male,Sports,Dumbbells,3711.58,2,No,Inactive,Net Banking,2024-12-15,Ahmedabad,3.4
C01815,42,Other,Clothing,Dress,2971.44,4,No,Inactive,Net Banking,2024-04-01,Jaipur,2.6
C01354,33,Male,Beauty,Lipstick,559.27,3,No,Active,UPI,2024-03-18,Bengaluru,3.4
C00743,30,Female,Sports,Running Shoes,10562.47,1,Yes,Active,Credit Card,2025-05-30,Delhi,3.6
C00992,29,Female,Electronics,Laptop,78848.07,2,Yes,Active,Credit Card,2025-10-20,Delhi,4.0
C00762,49,Female,Clothing,Jacket,3333.12,1,No,Inactive,UPI,2025-11-27,Hyderabad,3.6
C00658,57,Female,Clothing,Sneakers,3592.8,1,Yes,Inactive,Credit Card,2025-10-03,Kolkata,3.5
C00578,42,Male,Electronics,Smartwatch,16356.82,1,Yes,Inactive,Wallet,2025-07-22,Pune,3.4
C01167,60,Female,Books,Self-Help,655.83,1,Yes,Inactive,Net Banking,2024-08-10,Jaipur,5.0
C01073,53,Male,Books,Business,1113.08,1,No,Inactive,UPI,2025-10-17,Pune,3.0
C01066,24,Female,Books,Business,913.24,4,Yes,Inactive,UPI,2024-11-04,Bengaluru,4.2
C00837,47,Male,Electronics,Smartwatch,46204.07,1,Yes,Inactive,UPI,2024-10-22,Kolkata,3.6
C00036,64,Female,Books,Business,477.73,4,Yes,Inactive,UPI,2025-06-20,Chandigarh,4.3
C00609,62,Male,Clothing,Dress,1392.91,1,No,Inactive,Net Banking,2025-07-22,Bengaluru,2.6
C00962,65,Other,Home & Kitchen,Coffee Maker,5247.67,4,Yes,Inactive,UPI,2025-05-23,Chandigarh,3.2
C00317,30,Female,Home & Kitchen,Lamp,5790.84,3,No,Inactive,Debit Card,2024-05-02,Mumbai,3.7
C00881,23,Female,Beauty,Lipstick,4044.99,1,No,Active,Debit Card,2025-04-07,Delhi,3.9
C00916,58,Male,Sports,Cricket Bat,9941.72,5,No,Inactive,Credit Card,2025-09-19,Pune,3.3
C00351,56,Other,Home & Kitchen,Storage Box,7924.07,1,Yes,Inactive,Debit Card,2024-03-19,Kolkata,3.7
C00485,30,Male,Beauty,Perfume,2019.38,3,No,Inactive,Net Banking,2025-12-12,Hyderabad,3.8
C00681,64,Female,Clothing,T-Shirt,1571.73,4,Yes,Inactive,Cash,2025-07-24,Ahmedabad,4.1
C01382,63,Male,Clothing,T-Shirt,1490.02,4,Yes,Inactive,Net Banking,2025-06-21,Mumbai,3.8
C01792,28,Male,Clothing,Jacket,4515.37,3,No,Active,Cash,2025-02-20,Chennai,3.8
C00612,47,Female,Books,Business,318.35,2,No,Inactive,Wallet,2024-04-14,Chandigarh,3.7
C01664,35,Male,Clothing,Jeans,3632.76,2,No,Inactive,Debit Card,2025-03-14,Mumbai,4.1
C00601,28,Female,Electronics,Smartphone,25300.91,1,Yes,Active,Net Banking,2025-10-31,Kolkata,4.9
C00638,47,Female,Sports,Cricket Bat,7752.02,4,No,Inactive,Credit Card,2025-03-07,Hyderabad,4.1
C01932,35,Female,Clothing,T-Shirt,3180.25,1,No,Inactive,Cash,2025-11-26,Ahmedabad,4.5
C00984,36,Male,Books,Comics,370.05,1,No,Active,Cash,2024-09-20,Pune,4.7
C01827,31,Male,Beauty,Face Cream,1091.36,3,Yes,Inactive,Wallet,2025-12-02,Mumbai,3.6
C01669,57,Male,Clothing,Dress,4987.58,3,No,Inactive,UPI,2024-05-14,Chennai,3.4
C01890,63,Female,Clothing,Jacket,2202.72,2,No,Inactive,Debit Card,2024-02-29,Pune,4.8
C01465,48,Female,Books,Comics,1599.12,2,Yes,Inactive,UPI,2025-12-17,Chandigarh,4.7
C00534,55,Female,Electronics,Speaker,87395.63,2,Yes,Inactive,Credit Card,2025-10-23,Jaipur,3.2
C00978,21,Male,Home & Kitchen,Coffee Maker,10281.92,1,Yes,Active,Credit Card,2024-02-16,Pune,4.5
C00044,44,Other,Electronics,Speaker,88837.68,1,Yes,Active,Wallet,2025-07-22,Chennai,4.4
C00958,62,Other,Clothing,Sneakers,2485.86,1,Yes,Inactive,Wallet,2024-12-16,Kolkata,3.6
C01775,32,Female,Books,Comics,1700.3,4,Yes,Active,UPI,2024-02-25,Chennai,4.6
C00286,55,Female,Electronics,Smartphone,87393.26,1,No,Inactive,Net Banking,2024-11-25,Kolkata,4.6
C01608,30,Male,Home & Kitchen,Cookware,1418.09,3,No,Inactive,Debit Card,2024-12-28,Chennai,3.8
C00729,50,Female,Beauty,Skin Serum,861.2,4,No,Inactive,Cash,2025-03-27,Jaipur,2.6
C01885,41,Female,Home & Kitchen,Coffee Maker,7649.18,4,No,Active,Credit Card,2024-01-17,Bengaluru,3.4
C01395,57,Male,Electronics,Headphones,26220.29,1,Yes,Inactive,Net Banking,2024-03-27,Chennai,4.3
C00919,51,Male,Clothing,Sneakers,1482.47,1,Yes,Inactive,Cash,2025-10-05,Chandigarh,5.0
C01413,53,Female,Clothing,T-Shirt,1961.57,1,No,Active,UPI,2024-12-28,Mumbai,4.8
C01589,56,Male,Electronics,Smartwatch,86140.48,2,No,Inactive,Credit Card,2024-09-24,Hyderabad,4.5
C00554,46,Female,Electronics,Laptop,13503.1,2,No,Active,Cash,2024-06-22,Hyderabad,4.5
C01755,60,Male,Home & Kitchen,Cookware,11526.41,2,Yes,Active,Net Banking,2025-11-03,Hyderabad,2.9
C01230,43,Male,Clothing,Sneakers,2924.53,2,No,Inactive,UPI,2025-12-10,Kolkata,3.7
C00243,29,Female,Electronics,Smartwatch,63046.37,3,Yes,Active,Credit Card,2024-08-27,Bengaluru,4.0
C00975,33,Female,Clothing,Jacket,4689.57,1,No,Inactive,Cash,2025-02-28,Jaipur,3.0
C00360,35,Male,Clothing,Dress,4504.33,2,No,Active,UPI,2025-08-05,Delhi,4.9
C00354,57,Female,Clothing,Jacket,4437.85,2,No,Active,Cash,2025-02-04,Kolkata,2.4
C01689,50,Male,Electronics,Smartwatch,71838.94,5,Yes,Active,Wallet,2025-08-03,Mumbai,4.0
C00314,60,Male,Electronics,Smartphone,23697.82,2,Yes,Inactive,UPI,2025-09-25,Mumbai,4.0
C00666,58,Female,Beauty,Perfume,803.75,4,No,Inactive,Debit Card,2025-09-09,Kolkata,4.2
C00662,22,Female,Books,Self-Help,1434.67,3,No,Inactive,Cash,2025-06-21,Pune,4.3
C01530,45,Female,Beauty,Skin Serum,2918.76,1,No,Inactive,Wallet,2024-12-06,Jaipur,3.7
C01061,61,Male,Sports,Running Shoes,7540.99,4,Yes,Inactive,Cash,2024-10-05,Kolkata,3.6
C01142,33,Female,Home & Kitchen,Bedsheet,2604.89,4,No,Inactive,Credit Card,2024-09-30,Pune,2.0
C00947,22,Male,Electronics,Headphones,40605.32,5,No,Inactive,Wallet,2025-05-15,Pune,3.7
C01136,47,Male,Home & Kitchen,Cookware,13819.92,3,No,Active,Net Banking,2024-11-04,Kolkata,4.9
C01442,58,Male,Beauty,Shampoo,2044.59,1,No,Inactive,Wallet,2025-08-20,Mumbai,4.5
C00770,42,Male,Sports,Yoga Mat,1072.11,5,No,Active,Credit Card,2024-05-05,Chandigarh,3.6
C00052,48,Male,Home & Kitchen,Bedsheet,5590.33,1,No,Inactive,UPI,2025-01-01,Jaipur,3.0
C01272,19,Male,Home & Kitchen,Lamp,2696.02,1,No,Inactive,Credit Card,2025-06-20,Delhi,4.8
C01129,53,Male,Books,Comics,808.92,3,Yes,Active,Debit Card,2025-10-07,Delhi,4.4
C01655,19,Male,Books,Comics,883.53,2,Yes,Active,Credit Card,2024-08-08,Jaipur,3.5
C00385,19,Male,Electronics,Headphones,80787.76,2,Yes,Inactive,Debit Card,2024-07-12,Delhi,4.0
C00126,49,Male,Books,Self-Help,1012.63,1,No,Inactive,UPI,2024-07-11,Ahmedabad,4.6
C01239,33,Female,Sports,Cricket Bat,11893.06,1,No,Inactive,UPI,2025-01-22,Bengaluru,5.0
C01747,32,Male,Home & Kitchen,Cookware,5713.88,2,No,Active,UPI,2024-03-30,Kolkata,4.0
C00925,34,Male,Home & Kitchen,Bedsheet,10588.05,1,No,Inactive,Credit Card,2025-09-08,Bengaluru,3.6
C01961,42,Male,Clothing,Jeans,3265.87,3,No,Inactive,Cash,2025-11-29,Chennai,3.0
C01746,59,Male,Home & Kitchen,Cookware,1996.69,2,No,Inactive,Credit Card,2025-09-23,Pune,5.0
C00894,49,Female,Home & Kitchen,Storage Box,14868.68,2,No,Active,UPI,2025-01-12,Mumbai,5.0
C01514,32,Female,Electronics,Headphones,43479.58,1,No,Active,Credit Card,2024-10-23,Bengaluru,4.5
C01592,32,Female,Beauty,Lipstick,1135.6,1,No,Inactive,Debit Card,2025-08-25,Kolkata,3.2
C01773,55,Male,Beauty,Skin Serum,973.67,2,No,Inactive,Debit Card,2024-09-30,Jaipur,3.6
C01038,33,Female,Home & Kitchen,Coffee Maker,14629.47,4,Yes,Active,Debit Card,2025-07-16,Delhi,3.5
C00840,59,Male,Clothing,Jacket,492.01,1,No,Inactive,UPI,2024-12-04,Jaipur,5.0
C00196,27,Male,Electronics,Speaker,50700.79,2,No,Inactive,Debit Card,2025-12-14,Delhi,4.3
C00943,40,Female,Electronics,Headphones,38918.86,3,No,Active,Net Banking,2024-09-28,Mumbai,3.3
C01852,21,Male,Clothing,Sneakers,679.29,1,Yes,Inactive,Credit Card,2025-01-21,Ahmedabad,4.9
C01827,26,Female,Home & Kitchen,Coffee Maker,11170.85,1,No,Inactive,Credit Card,2025-12-18,Pune,3.5
C01801,42,Male,Electronics,Headphones,19857.51,1,Yes,Inactive,UPI,2024-02-17,Ahmedabad,3.0
C00161,26,Male,Books,Technology,1740.9,1,Yes,Active,Debit Card,2025-04-21,Delhi,4.5
C01582,58,Male,Beauty,Face Cream,4420.56,4,Yes,Inactive,Credit Card,2025-07-27,Kolkata,3.4
C01451,39,Male,Clothing,Jacket,618.33,2,No,Inactive,Credit Card,2025-11-11,Pune,4.7
C01373,31,Male,Home & Kitchen,Bedsheet,4158.82,1,Yes,Inactive,UPI,2024-08-02,Mumbai,4.2
C00148,41,Male,Beauty,Lipstick,1109.12,2,No,Inactive,UPI,2024-08-04,Chennai,3.7
C00496,27,Female,Books,Technology,275.0,2,Yes,Inactive,Cash,2025-06-02,Pune,3.6
C01665,35,Male,Beauty,Face Cream,1504.03,1,Yes,Inactive,UPI,2025-12-04,Pune,4.2
C01466,22,Female,Home & Kitchen,Lamp,13508.3,3,No,Inactive,Credit Card,2025-09-29,Hyderabad,2.7
C01406,49,Male,Home & Kitchen,Cookware,12742.14,1,Yes,Inactive,Credit Card,2025-08-13,Jaipur,4.1
C00538,30,Male,Clothing,Dress,914.57,2,No,Inactive,UPI,2024-10-19,Chennai,4.7
C00990,53,Male,Books,Comics,212.64,3,Yes,Inactive,Credit Card,2024-08-07,Kolkata,2.9
C01631,62,Male,Sports,Yoga Mat,7134.79,2,Yes,Inactive,UPI,2025-01-30,Bengaluru,4.0
C00177,52,Other,Clothing,Jeans,3897.05,2,Yes,Active,Credit Card,2025-02-22,Hyderabad,4.9
C01842,36,Other,Beauty,Face Cream,504.26,1,Yes,Inactive,UPI,2025-04-17,Bengaluru,3.2
C00578,45,Male,Books,Technology,1184.43,2,No,Active,Credit Card,2024-12-14,Pune,4.3
C00757,34,Female,Beauty,Skin Serum,2933.48,5,No,Inactive,UPI,2025-07-05,Kolkata,5.0
C00131,63,Female,Electronics,Headphones,60652.72,1,No,Inactive,UPI,2024-09-24,Kolkata,3.3
C01844,34,Male,Electronics,Laptop,83134.3,2,Yes,Active,Credit Card,2024-04-23,Hyderabad,5.0
C00422,56,Female,Sports,Dumbbells,11295.71,4,No,Inactive,UPI,2024-03-05,Pune,3.6
C01290,21,Male,Clothing,Dress,513.84,1,No,Active,Wallet,2025-07-11,Bengaluru,3.2
C00404,65,Male,Electronics,Smartphone,67538.45,1,No,Inactive,Cash,2024-11-02,Kolkata,4.0
C00459,63,Female,Beauty,Shampoo,3768.44,2,No,Inactive,Debit Card,2024-06-18,Kolkata,3.3
C01122,46,Female,Home & Kitchen,Bedsheet,9338.59,1,Yes,Inactive,UPI,2025-11-16,Pune,4.4
C00819,54,Male,Clothing,Dress,4373.48,2,Yes,Inactive,UPI,2025-07-18,Jaipur,3.7
C00568,38,Other,Beauty,Face Cream,1357.96,1,No,Active,Cash,2025-08-06,Bengaluru,4.4
C00781,18,Female,Home & Kitchen,Cookware,4352.25,1,Yes,Active,UPI,2024-05-29,Ahmedabad,2.7
C00022,18,Male,Electronics,Laptop,17480.55,1,Yes,Active,Debit Card,2024-10-27,Jaipur,1.4
C00220,53,Female,Electronics,Smartphone,41926.3,2,No,Inactive,Wallet,2025-08-07,Kolkata,2.7
C01151,20,Female,Clothing,Sneakers,900.13,2,Yes,Inactive,UPI,2025-03-19,Chandigarh,4.7
C00084,34,Female,Clothing,Jeans,614.94,1,No,Inactive,Credit Card,2024-02-10,Jaipur,4.5
C01292,39,Female,Electronics,Smartphone,68682.06,3,Yes,Inactive,Debit Card,2025-10-02,Delhi,2.9
C01012,22,Female,Beauty,Face Cream,3997.38,3,Yes,Inactive,Cash,2025-01-26,Bengaluru,3.9
C01856,27,Male,Clothing,Jacket,3674.17,1,Yes,Inactive,Net Banking,2025-12-12,Hyderabad,5.0
C00778,39,Male,Home & Kitchen,Cookware,2010.14,1,Yes,Inactive,Wallet,2024-01-07,Jaipur,5.0
C01256,54,Male,Books,Business,565.55,1,Yes,Inactive,Net Banking,2025-12-24,Mumbai,3.8
C00993,45,Female,Home & Kitchen,Coffee Maker,8850.15,1,No,Inactive,Cash,2024-08-26,Chandigarh,5.0
C01772,33,Male,Home & Kitchen,Coffee Maker,7446.12,1,No,Active,Credit Card,2025-04-26,Pune,4.8
C00575,49,Male,Clothing,Dress,2116.49,1,No,Active,UPI,2025-10-08,Pune,4.4
C00057,28,Female,Clothing,Jacket,3518.52,1,Yes,Active,UPI,2024-01-31,Chennai,3.8
C01699,49,Male,Home & Kitchen,Coffee Maker,6323.25,5,No,Inactive,Credit Card,2025-11-08,Chandigarh,4.0
C01758,31,Male,Sports,Football,2967.43,2,Yes,Inactive,Cash,2025-04-28,Chandigarh,4.9
C01212,27,Male,Home & Kitchen,Cookware,12507.42,1,Yes,Inactive,Debit Card,2025-08-20,Ahmedabad,4.1
C01618,30,Female,Clothing,T-Shirt,4503.1,1,Yes,Active,Debit Card,2024-01-16,Pune,4.8
C00285,61,Female,Sports,Football,6283.97,3,No,Active,Net Banking,2025-10-11,Delhi,3.8
C01072,35,Male,Beauty,Skin Serum,1062.67,5,No,Inactive,Debit Card,2025-12-27,Ahmedabad,3.0
C01105,49,Male,Books,Self-Help,1512.0,2,Yes,Active,Net Banking,2024-12-25,Kolkata,2.9
C00895,18,Female,Books,Technology,1797.7,2,No,Inactive,Credit Card,2024-03-18,Kolkata,3.1
C00498,39,Female,Electronics,Laptop,79956.14,1,Yes,Inactive,UPI,2024-04-10,Jaipur,3.6
C01132,52,Female,Home & Kitchen,Bedsheet,1169.9,2,No,Inactive,Debit Card,2025-05-16,Mumbai,4.6
C01008,55,Female,Home & Kitchen,Lamp,8394.69,2,No,Active,Wallet,2024-11-01,Hyderabad,3.9
C00097,32,Female,Home & Kitchen,Storage Box,1648.78,2,No,Inactive,Net Banking,2025-09-28,Kolkata,3.6
C01808,40,Female,Clothing,Dress,824.52,3,No,Inactive,Net Banking,2025-02-12,Bengaluru,4.4
C01427,45,Female,Clothing,Sneakers,2308.0,1,Yes,Inactive,Credit Card,2024-08-17,Hyderabad,2.9
C01201,28,Female,Sports,Football,949.35,2,No,Active,Cash,2024-05-23,Ahmedabad,3.4
C01155,49,Female,Clothing,Jeans,1763.55,4,No,Active,UPI,2025-04-02,Delhi,4.2
C01323,51,Male,Electronics,Speaker,8266.68,3,Yes,Active,Credit Card,2025-12-18,Mumbai,3.9
C01893,27,Female,Electronics,Smartphone,75503.32,2,Yes,Inactive,Debit Card,2024-07-29,Hyderabad,4.9
C00106,36,Male,Home & Kitchen,Storage Box,13314.42,1,No,Inactive,Credit Card,2024-04-10,Pune,3.4
C00386,30,Male,Sports,Dumbbells,7905.0,1,Yes,Inactive,Credit Card,2024-04-11,Delhi,2.6
C01612,59,Female,Home & Kitchen,Cookware,6013.64,3,No,Inactive,Credit Card,2024-02-25,Kolkata,4.0
C00460,56,Female,Books,Technology,1114.45,1,No,Inactive,Credit Card,2024-06-19,Chennai,4.1
C00002,18,Male,Clothing,Jeans,1464.33,4,No,Inactive,Net Banking,2024-05-30,Kolkata,4.6
C01091,26,Male,Sports,Cricket Bat,6119.12,2,No,Active,Wallet,2025-08-26,Pune,5.0
C01876,35,Female,Books,Technology,455.71,2,No,Inactive,UPI,2025-10-03,Hyderabad,3.2
C00891,65,Male,Home & Kitchen,Bedsheet,9379.28,1,Yes,Inactive,UPI,2024-08-18,Chennai,2.1
C01631,57,Female,Books,Business,1393.39,2,No,Active,Wallet,2024-08-02,Chennai,3.7
C00342,28,Female,Clothing,Jeans,879.01,4,No,Inactive,Debit Card,2024-09-22,Chennai,3.4
C01381,32,Male,Home & Kitchen,Coffee Maker,1191.75,3,Yes,Inactive,UPI,2024-02-22,Delhi,3.8
C00686,60,Male,Beauty,Skin Serum,1900.77,2,Yes,Inactive,Debit Card,2024-07-18,Hyderabad,3.2
C01539,38,Female,Clothing,Jacket,720.59,1,Yes,Active,UPI,2025-08-24,Pune,3.0
C00385,42,Female,Electronics,Headphones,30544.22,5,Yes,Active,Wallet,2025-07-22,Chandigarh,5.0
C01495,31,Male,Beauty,Face Cream,1190.72,2,No,Active,UPI,2025-05-11,Chandigarh,4.1
C01267,27,Male,Books,Business,589.43,2,Yes,Active,UPI,2024-12-13,Mumbai,4.5
C01626,57,Female,Sports,Football,847.85,1,No,Active,UPI,2025-11-06,Mumbai,4.2
C00999,18,Male,Electronics,Headphones,10536.51,1,Yes,Inactive,Credit Card,2024-12-06,Jaipur,4.5
C01448,28,Male,Clothing,Jeans,4497.43,1,Yes,Inactive,Credit Card,2025-12-23,Mumbai,4.1
C00991,57,Male,Clothing,Sneakers,3866.25,1,No,Inactive,Debit Card,2024-12-05,Delhi,2.8
C00697,44,Male,Books,Fiction,1577.44,2,No,Active,Wallet,2025-03-27,Mumbai,3.8
C01892,32,Female,Clothing,Sneakers,610.68,4,Yes,Active,Credit Card,2024-05-29,Jaipur,4.2
C00307,65,Male,Books,Fiction,283.67,1,No,Active,Debit Card,2025-04-21,Hyderabad,3.4
C01452,55,Female,Beauty,Face Cream,1132.43,1,Yes,Active,Credit Card,2025-12-23,Kolkata,4.5
C00667,65,Female,Sports,Running Shoes,3344.53,1,No,Inactive,UPI,2024-01-08,Hyderabad,3.2
C00265,40,Female,Books,Fiction,1128.12,3,No,Active,Credit Card,2024-03-14,Ahmedabad,4.6
C01764,23,Male,Clothing,Dress,3199.92,1,No,Inactive,UPI,2024-09-18,Chennai,4.1
C00041,50,Female,Books,Comics,1557.9,1,Yes,Active,UPI,2024-01-29,Pune,4.7
C01930,19,Other,Home & Kitchen,Coffee Maker,877.13,1,Yes,Active,UPI,2024-09-29,Pune,4.1
C00955,42,Male,Clothing,Sneakers,1001.93,3,No,Inactive,Wallet,2025-08-11,Ahmedabad,4.2
C00363,53,Male,Clothing,T-Shirt,2481.13,1,No,Inactive,UPI,2025-11-09,Chandigarh,5.0
C00267,59,Male,Books,Self-Help,206.2,3,No,Active,Credit Card,2024-02-22,Mumbai,4.0
C01380,38,Female,Beauty,Face Cream,3213.26,3,No,Inactive,UPI,2024-10-17,Mumbai,4.5
C01827,27,Male,Beauty,Face Cream,2504.12,1,No,Active,UPI,2024-06-06,Ahmedabad,4.3
C01121,44,Male,Sports,Running Shoes,10106.12,1,No,Inactive,Debit Card,2024-08-20,Kolkata,4.4
C01682,41,Female,Clothing,Jacket,1346.55,4,Yes,Inactive,Credit Card,2024-10-03,Mumbai,4.5
C01123,18,Male,Beauty,Shampoo,912.82,1,No,Inactive,Debit Card,2025-03-04,Delhi,3.2
C00794,48,Female,Beauty,Face Cream,2989.15,2,No,Inactive,Debit Card,2025-02-18,Delhi,5.0
C00874,30,Male,Home & Kitchen,Cookware,1379.23,3,Yes,Inactive,Net Banking,2024-08-01,Jaipur,4.5
C00264,54,Male,Home & Kitchen,Lamp,12056.87,5,No,Inactive,Debit Card,2024-09-17,Hyderabad,4.9
C01322,27,Other,Clothing,T-Shirt,600.12,1,No,Inactive,Debit Card,2024-02-17,Bengaluru,3.5
C01459,59,Female,Clothing,Jacket,1096.29,4,Yes,Inactive,UPI,2025-08-18,Hyderabad,3.2
C00822,18,Male,Sports,Yoga Mat,9156.96,1,No,Active,UPI,2025-06-03,Ahmedabad,2.5
C01376,46,Other,Beauty,Shampoo,825.06,3,No,Inactive,Debit Card,2024-07-15,Pune,4.8
C00019,19,Male,Electronics,Headphones,40144.96,2,No,Active,Debit Card,2025-11-15,Hyderabad,3.9
C01848,62,Female,Beauty,Skin Serum,817.94,2,No,Active,Net Banking,2025-08-22,Pune,2.7
C00979,60,Male,Sports,Yoga Mat,9529.45,2,Yes,Active,UPI,2024-04-01,Pune,4.4
C01827,23,Female,Home & Kitchen,Lamp,7319.57,1,No,Inactive,Credit Card,2024-07-29,Ahmedabad,5.0
C00534,57,Male,Clothing,Jeans,3214.72,1,No,Inactive,Debit Card,2024-02-05,Chandigarh,4.1
C00690,58,Male,Electronics,Smartwatch,80889.25,2,No,Inactive,UPI,2024-01-27,Chennai,5.0
C01858,22,Female,Clothing,Jacket,4634.0,3,Yes,Inactive,Credit Card,2024-05-25,Chennai,3.7
C00492,19,Male,Clothing,Jeans,1331.95,1,No,Inactive,Wallet,2025-09-03,Chandigarh,3.6
C00822,64,Female,Clothing,Dress,1789.75,1,No,Inactive,Credit Card,2024-09-08,Jaipur,3.0
C01173,20,Female,Books,Technology,1400.69,1,No,Inactive,Net Banking,2025-11-29,Jaipur,3.8
C00167,23,Male,Electronics,Speaker,23782.49,2,No,Active,UPI,2025-04-15,Chandigarh,3.9
C01142,35,Female,Beauty,Face Cream,1305.7,2,Yes,Inactive,Cash,2025-01-13,Mumbai,3.8
C01812,34,Female,Electronics,Laptop,83466.66,1,No,Inactive,Wallet,2025-12-09,Pune,4.9
C00215,56,Female,Home & Kitchen,Coffee Maker,1751.48,1,Yes,Active,Debit Card,2025-11-17,Delhi,3.8
C00807,28,Female,Home & Kitchen,Cookware,12098.76,2,No,Active,Credit Card,2024-08-02,Pune,3.7
C00851,25,Female,Beauty,Perfume,4276.65,3,Yes,Active,UPI,2025-03-31,Bengaluru,3.9
C01042,23,Female,Clothing,T-Shirt,4000.1,1,No,Inactive,Wallet,2025-05-17,Jaipur,4.9
C00532,42,Male,Clothing,Dress,1291.72,3,No,Active,UPI,2024-11-14,Delhi,4.0
C00650,22,Female,Home & Kitchen,Coffee Maker,3218.46,4,Yes,Inactive,Debit Card,2025-12-23,Mumbai,4.8
C00012,26,Male,Books,Business,1518.5,2,No,Inactive,UPI,2024-03-25,Mumbai,2.7
C00206,57,Male,Clothing,Dress,1833.73,1,No,Inactive,Credit Card,2024-04-15,Delhi,4.5
C00974,33,Other,Clothing,Sneakers,1293.17,1,No,Inactive,UPI,2025-11-07,Pune,3.0
C01998,56,Male,Clothing,Dress,2458.51,1,No,Active,Net Banking,2024-11-05,Ahmedabad,4.0
C01070,28,Male,Electronics,Headphones,22299.81,3,No,Inactive,Debit Card,2025-12-16,Ahmedabad,4.5
C01355,18,Female,Home & Kitchen,Coffee Maker,2340.88,1,No,Inactive,Credit Card,2024-12-17,Pune,3.6
C01264,54,Male,Clothing,Dress,3883.58,3,No,Active,UPI,2024-05-28,Bengaluru,3.9
C00442,28,Female,Electronics,Smartphone,68991.24,3,No,Inactive,UPI,2025-03-24,Chennai,3.3
C01456,39,Female,Sports,Cricket Bat,5472.36,2,No,Inactive,Debit Card,2025-10-02,Mumbai,4.4
C01604,53,Male,Sports,Dumbbells,5211.48,1,Yes,Active,Net Banking,2024-10-21,Chennai,4.3
C00565,64,Male,Electronics,Speaker,30229.97,1,Yes,Inactive,Credit Card,2024-04-02,Pune,3.8
C01945,50,Other,Clothing,Jeans,4825.16,1,No,Inactive,Wallet,2024-11-07,Jaipur,4.2
C00919,45,Female,Beauty,Face Cream,3551.66,1,Yes,Inactive,Credit Card,2024-04-22,Ahmedabad,2.8
C01454,41,Male,Home & Kitchen,Lamp,4203.4,2,No,Inactive,Debit Card,2024-09-18,Hyderabad,3.2
C00148,31,Female,Electronics,Smartphone,46288.93,1,No,Inactive,Wallet,2025-11-10,Chennai,4.0
C01829,57,Female,Clothing,Jeans,2097.21,2,Yes,Inactive,Credit Card,2025-12-15,Pune,3.7
C01640,61,Male,Home & Kitchen,Storage Box,5002.32,1,Yes,Inactive,Net Banking,2024-01-26,Delhi,5.0
C01580,56,Male,Clothing,Dress,1122.21,4,Yes,Inactive,Debit Card,2025-10-18,Chandigarh,4.1
C01760,37,Female,Home & Kitchen,Coffee Maker,13550.02,1,No,Active,Net Banking,2024-11-26,Delhi,3.4
C00420,24,Male,Books,Fiction,1778.76,3,Yes,Active,Cash,2024-05-28,Bengaluru,4.9
C00794,25,Male,Home & Kitchen,Cookware,13617.58,1,No,Inactive,Debit Card,2024-04-12,Bengaluru,2.8
C01933,52,Male,Beauty,Face Cream,4359.04,2,No,Inactive,Debit Card,2024-03-07,Jaipur,5.0
C01562,61,Male,Beauty,Skin Serum,4514.72,2,No,Inactive,UPI,2025-10-25,Bengaluru,4.1
C01261,33,Male,Beauty,Perfume,3720.93,1,Yes,Inactive,UPI,2024-06-01,Kolkata,3.9
C00025,40,Other,Beauty,Skin Serum,2079.47,4,Yes,Active,Cash,2024-08-15,Ahmedabad,5.0
C01014,52,Female,Sports,Dumbbells,4625.79,1,Yes,Active,UPI,2024-02-02,Kolkata,4.1
C00216,48,Male,Clothing,Dress,1049.86,4,No,Active,UPI,2025-01-07,Mumbai,3.8
C00693,33,Female,Home & Kitchen,Storage Box,2665.82,4,No,Inactive,Credit Card,2025-08-04,Chandigarh,4.4
C00078,44,Male,Clothing,Jacket,1198.07,1,Yes,Inactive,UPI,2024-01-02,Ahmedabad,5.0
C01479,48,Other,Clothing,Jeans,3729.84,3,No,Inactive,Credit Card,2025-04-04,Bengaluru,3.2
C00103,58,Male,Electronics,Headphones,77687.89,3,No,Inactive,Cash,2024-10-11,Bengaluru,3.8
C01764,33,Female,Home & Kitchen,Lamp,10161.2,3,Yes,Inactive,Credit Card,2024-01-05,Hyderabad,3.7
C01348,65,Other,Electronics,Laptop,17871.33,5,No,Inactive,Credit Card,2024-04-24,Delhi,4.5
C01989,40,Female,Sports,Dumbbells,2988.77,4,Yes,Active,UPI,2024-03-31,Chennai,4.4
C01135,62,Female,Sports,Football,3418.26,1,Yes,Inactive,UPI,2024-11-01,Pune,4.3
C00384,20,Female,Clothing,Dress,4309.04,1,Yes,Inactive,Net Banking,2025-05-05,Chandigarh,4.5
C01901,25,Male,Clothing,Sneakers,1417.69,1,No,Inactive,UPI,2024-03-29,Delhi,4.3
C00029,46,Female,Electronics,Smartphone,39953.37,1,Yes,Active,Debit Card,2024-01-12,Bengaluru,3.9
C00113,56,Male,Home & Kitchen,Bedsheet,5868.89,4,No,Inactive,Net Banking,2025-08-02,Ahmedabad,4.7
C01046,60,Male,Home & Kitchen,Bedsheet,12208.27,4,Yes,Inactive,Credit Card,2024-06-05,Chandigarh,5.0
C01453,23,Female,Beauty,Shampoo,3782.05,4,No,Inactive,Credit Card,2024-07-17,Mumbai,3.9
C00456,36,Male,Beauty,Lipstick,1730.42,1,Yes,Active,Credit Card,2025-11-02,Chandigarh,3.9
C01461,44,Male,Electronics,Speaker,39458.29,2,Yes,Inactive,Net Banking,2025-06-22,Ahmedabad,3.3
C00770,36,Male,Books,Comics,1103.44,2,No,Inactive,Credit Card,2024-12-25,Bengaluru,4.3
C00491,35,Male,Electronics,Laptop,46701.84,3,No,Inactive,Debit Card,2025-07-21,Chandigarh,4.4
C01390,39,Male,Beauty,Perfume,4939.98,2,Yes,Active,Credit Card,2025-07-13,Ahmedabad,5.0
C00164,57,Female,Clothing,Dress,1822.75,1,No,Inactive,UPI,2024-02-16,Hyderabad,5.0
C00685,40,Female,Beauty,Skin Serum,3600.45,1,No,Inactive,UPI,2025-10-09,Jaipur,3.0
C00670,62,Female,Electronics,Smartphone,22480.76,2,No,Active,Debit Card,2025-10-05,Chennai,5.0
C00830,33,Other,Sports,Yoga Mat,3356.58,4,No,Active,Credit Card,2024-10-13,Chennai,3.9
C00380,26,Female,Beauty,Skin Serum,4413.78,2,No,Inactive,Debit Card,2024-05-03,Chandigarh,4.6
C01986,59,Male,Clothing,T-Shirt,3863.67,1,Yes,Active,Wallet,2025-08-16,Ahmedabad,3.3
C01367,61,Male,Books,Business,1066.94,2,Yes,Inactive,Debit Card,2025-10-04,Jaipur,5.0
C00670,60,Male,Home & Kitchen,Storage Box,12624.0,5,Yes,Active,Debit Card,2024-06-21,Bengaluru,5.0
C00446,56,Female,Clothing,Dress,3973.04,3,No,Active,UPI,2025-02-21,Chandigarh,4.5
C01676,34,Female,Books,Fiction,1045.78,1,No,Inactive,Cash,2025-08-20,Jaipur,4.1
C00962,57,Female,Clothing,T-Shirt,2902.88,1,No,Active,Credit Card,2024-04-22,Ahmedabad,4.2
C01721,20,Female,Books,Business,1420.88,3,No,Active,Credit Card,2024-08-04,Delhi,4.7
C01380,39,Male,Clothing,Jacket,4448.76,2,No,Inactive,Debit Card,2024-09-24,Kolkata,3.2
C01871,42,Male,Beauty,Skin Serum,2019.08,1,Yes,Inactive,UPI,2024-12-12,Pune,4.0
C00825,62,Male,Books,Business,1589.55,1,Yes,Inactive,Net Banking,2025-05-01,Hyderabad,3.2
C01158,36,Female,Sports,Dumbbells,2378.66,2,No,Active,Net Banking,2025-09-13,Pune,5.0
C01606,26,Male,Clothing,Dress,1824.73,2,No,Active,Net Banking,2024-02-21,Mumbai,4.2
C01438,64,Female,Books,Technology,585.21,1,No,Inactive,UPI,2025-12-05,Delhi,3.7
C00472,49,Female,Beauty,Face Cream,596.81,1,No,Inactive,Credit Card,2024-04-10,Chennai,4.5
C01556,20,Male,Sports,Cricket Bat,7652.08,3,Yes,Inactive,Credit Card,2025-12-28,Kolkata,2.7
C00912,28,Male,Clothing,Dress,3865.27,1,Yes,Active,Wallet,2024-06-06,Jaipur,3.2
C01280,24,Other,Sports,Cricket Bat,10167.38,1,No,Inactive,Debit Card,2025-08-12,Jaipur,4.5
C00070,63,Male,Clothing,Jeans,4569.19,3,No,Inactive,Cash,2024-09-05,Kolkata,5.0
C01185,36,Male,Beauty,Shampoo,3016.33,3,No,Inactive,UPI,2025-08-20,Chennai,2.6
C00321,19,Male,Home & Kitchen,Cookware,12235.96,1,Yes,Inactive,Net Banking,2025-02-21,Bengaluru,4.4
C00744,39,Female,Clothing,Sneakers,4344.81,1,No,Active,Credit Card,2024-04-29,Bengaluru,3.7
C00072,57,Male,Beauty,Face Cream,851.35,1,Yes,Active,Net Banking,2024-03-20,Mumbai,3.3
C00711,21,Female,Books,Technology,1517.36,3,Yes,Inactive,Wallet,2025-11-05,Mumbai,4.2
C01017,31,Male,Electronics,Laptop,5132.02,2,No,Inactive,Cash,2025-04-30,Jaipur,4.4
C01198,18,Female,Clothing,Jacket,1302.19,2,No,Inactive,Wallet,2024-03-26,Bengaluru,2.4
C00897,62,Female,Electronics,Speaker,37114.28,3,No,Inactive,Debit Card,2025-04-01,Pune,3.5
C00391,37,Male,Clothing,Dress,2666.92,1,No,Active,UPI,2025-05-06,Hyderabad,4.0
C00270,24,Male,Clothing,T-Shirt,1702.98,5,No,Inactive,Debit Card,2025-03-18,Kolkata,4.7
C01395,19,Male,Electronics,Laptop,43749.59,2,Yes,Active,Debit Card,2025-05-10,Jaipur,4.4
C01529,36,Male,Home & Kitchen,Coffee Maker,9929.29,1,Yes,Inactive,UPI,2025-02-25,Ahmedabad,4.7
C00712,54,Female,Clothing,Sneakers,1999.29,3,Yes,Active,Credit Card,2024-05-27,Hyderabad,3.8
C01940,57,Male,Electronics,Laptop,22275.87,2,No,Active,Debit Card,2024-06-12,Pune,3.6
C00542,60,Female,Clothing,Sneakers,4820.19,4,Yes,Inactive,UPI,2025-08-15,Ahmedabad,3.6
C00752,38,Female,Beauty,Lipstick,490.46,1,Yes,Active,UPI,2025-09-30,Chennai,4.0
C00364,40,Female,Beauty,Face Cream,2617.16,2,No,Active,Cash,2024-12-20,Kolkata,3.7
C00396,40,Male,Beauty,Lipstick,627.41,2,No,Inactive,Credit Card,2025-11-02,Mumbai,4.6
C01856,53,Other,Books,Fiction,919.65,2,No,Inactive,Debit Card,2025-04-08,Kolkata,5.0
C00569,20,Male,Home & Kitchen,Cookware,9459.45,1,Yes,Inactive,Credit Card,2025-02-04,Delhi,
C00268,51,Male,Electronics,Headphones,27693.78,2,No,Active,Debit Card,2024-01-24,Ahmedabad,4.7
C01347,41,Male,Clothing,Jacket,3135.48,3,Yes,Inactive,Net Banking,2024-11-22,Kolkata,5.0
C00247,26,Female,Home & Kitchen,Lamp,1058.78,2,No,Inactive,Debit Card,2024-03-28,Ahmedabad,3.6
C00667,32,Male,Clothing,T-Shirt,4089.42,1,No,Active,Credit Card,2024-11-30,Chandigarh,3.9
C00460,47,Other,Sports,Running Shoes,3430.59,3,No,Inactive,Net Banking,2025-12-08,Chandigarh,4.7
C01771,52,Male,Sports,Football,2305.04,1,Yes,Inactive,UPI,2024-12-03,Bengaluru,5.0
C00463,61,Male,Clothing,Dress,885.84,1,No,Inactive,Cash,2024-01-08,Delhi,4.2
C01219,45,Male,Home & Kitchen,Bedsheet,11814.46,2,Yes,Active,Cash,2024-12-14,Mumbai,5.0
C01182,64,Female,Books,Business,1655.78,1,No,Inactive,Cash,2024-04-21,Chennai,5.0
C00395,22,Female,Clothing,T-Shirt,2670.54,1,No,Inactive,Net Banking,2025-04-21,Chandigarh,3.9
C00422,23,Male,Home & Kitchen,Storage Box,3587.6,4,No,Active,UPI,2024-01-24,Delhi,3.9
C01957,27,Female,Sports,Running Shoes,6103.36,1,Yes,Inactive,UPI,2025-12-06,Chandigarh,3.5
C01527,43,Male,Books,Technology,1060.48,1,Yes,Inactive,UPI,2024-05-08,Jaipur,3.2
C01552,64,Female,Books,Self-Help,266.32,1,Yes,Inactive,Debit Card,2025-12-24,Hyderabad,4.8
C00887,32,Male,Books,Comics,794.89,4,Yes,Inactive,Wallet,2025-02-03,Hyderabad,3.7
C00630,49,Female,Sports,Dumbbells,3589.29,5,Yes,Inactive,Debit Card,2024-03-05,Pune,4.1
C01739,51,Male,Home & Kitchen,Storage Box,7390.61,1,No,Inactive,Debit Card,2025-07-01,Ahmedabad,4.3
C01559,63,Male,Home & Kitchen,Lamp,7880.94,4,No,Active,UPI,2024-05-29,Pune,3.6
C00273,65,Male,Clothing,Jacket,3184.9,3,Yes,Inactive,Wallet,2025-02-08,Chandigarh,2.9
C00631,64,Female,Clothing,Jeans,1788.15,1,Yes,Inactive,UPI,2024-03-23,Hyderabad,4.8
C00447,61,Female,Home & Kitchen,Storage Box,3853.5,2,Yes,Inactive,UPI,2025-06-25,Bengaluru,3.6
C00670,18,Female,Sports,Yoga Mat,5361.66,1,Yes,Inactive,Debit Card,2024-06-03,Ahmedabad,2.8
C01610,61,Male,Sports,Football,7570.62,3,No,Active,Debit Card,2025-11-06,Hyderabad,4.2
C00518,27,Male,Clothing,Jacket,3052.85,4,No,Inactive,Wallet,2024-04-27,Mumbai,3.5
C00526,46,Female,Sports,Football,9412.16,2,No,Inactive,Cash,2024-11-01,Delhi,4.2
C00015,40,Female,Electronics,Headphones,38809.24,1,No,Inactive,UPI,2024-07-11,Delhi,4.1
C01220,35,Female,Clothing,Dress,2370.25,1,Yes,Active,UPI,2024-09-29,Chennai,3.2
C01889,41,Female,Beauty,Shampoo,3416.6,1,No,Inactive,Debit Card,2025-04-10,Kolkata,3.5
C00465,43,Female,Home & Kitchen,Storage Box,8702.59,1,No,Inactive,Credit Card,2024-03-28,Hyderabad,5.0
C01643,29,Female,Electronics,Speaker,47523.26,5,No,Inactive,Credit Card,2024-01-09,Pune,4.8
C01411,20,Female,Sports,Yoga Mat,5481.84,5,No,Inactive,Credit Card,2024-08-08,Hyderabad,5.0
C00619,46,Male,Clothing,Sneakers,2253.48,2,No,Inactive,Cash,2024-01-10,Ahmedabad,3.8
C00658,58,Female,Home & Kitchen,Lamp,2518.66,2,No,Inactive,UPI,2025-03-02,Pune,4.3
C00266,53,Female,Electronics,Headphones,22936.31,2,No,Active,UPI,2024-06-23,Mumbai,3.4
C01894,18,Male,Sports,Cricket Bat,11138.28,5,No,Inactive,Debit Card,2024-02-12,Hyderabad,4.9
C00057,44,Female,Electronics,Smartwatch,86876.82,1,Yes,Inactive,Wallet,2025-12-29,Hyderabad,4.6
C01436,34,Male,Electronics,Speaker,52776.08,4,No,Active,Wallet,2025-03-17,Chandigarh,4.2
C01802,58,Female,Books,Self-Help,1531.48,3,Yes,Inactive,Debit Card,2024-04-04,Kolkata,5.0
C00802,47,Male,Electronics,Headphones,2223.94,2,Yes,Inactive,UPI,2024-05-03,Ahmedabad,4.5
C00441,51,Male,Beauty,Skin Serum,2663.36,2,No,Inactive,Net Banking,2025-06-10,Chandigarh,3.8
C00148,22,Male,Beauty,Face Cream,1592.55,3,No,Inactive,Debit Card,2025-08-08,Chennai,4.1
C00055,36,Female,Clothing,Sneakers,2724.94,1,Yes,Inactive,UPI,2025-03-31,Pune,4.9
C01535,44,Female,Electronics,Speaker,10818.12,1,No,Inactive,Credit Card,2025-05-02,Delhi,3.9
C00429,23,Female,Clothing,T-Shirt,1215.03,2,No,Inactive,Credit Card,2024-10-21,Mumbai,4.3
C00425,46,Female,Beauty,Perfume,528.24,2,Yes,Inactive,Wallet,2025-11-11,Kolkata,3.7
C01546,37,Male,Books,Comics,632.01,2,Yes,Inactive,Net Banking,2024-11-17,Hyderabad,3.2
C00768,20,Female,Electronics,Laptop,51558.16,4,No,Inactive,Credit Card,2025-08-14,Delhi,4.6
C00022,18,Male,Sports,Running Shoes,406.49,1,No,Inactive,Debit Card,2025-02-26,Mumbai,4.1
C01374,51,Female,Home & Kitchen,Coffee Maker,4660.69,2,No,Inactive,Wallet,2024-07-27,Delhi,4.5
C00263,65,Other,Books,Comics,743.25,2,Yes,Inactive,Credit Card,2024-09-13,Chennai,3.8
C00478,55,Female,Beauty,Shampoo,1802.25,2,No,Active,Credit Card,2025-07-05,Kolkata,5.0
C01426,35,Female,Clothing,Dress,1943.09,1,No,Active,Debit Card,2024-12-18,Ahmedabad,4.4
C00022,43,Male,Home & Kitchen,Coffee Maker,7439.56,2,Yes,Inactive,UPI,2024-01-28,Hyderabad,3.0
C01216,54,Male,Books,Technology,1424.67,2,No,Active,Net Banking,2025-01-04,Pune,4.6
C00597,63,Other,Books,Technology,728.7,1,Yes,Inactive,Cash,2024-06-17,Hyderabad,3.3
C00800,58,Male,Books,Self-Help,1690.45,1,No,Active,Cash,2025-08-08,Mumbai,5.0
C01144,44,Female,Beauty,Lipstick,3526.12,1,No,Inactive,Debit Card,2025-12-01,Kolkata,4.2
C00756,24,Female,Electronics,Smartwatch,68136.16,2,No,Active,Credit Card,2024-12-09,Bengaluru,3.4
C01171,34,Female,Home & Kitchen,Lamp,11927.52,1,Yes,Active,Debit Card,2024-09-09,Delhi,3.9
C01150,65,Male,Clothing,Jacket,1007.33,1,No,Inactive,Net Banking,2025-03-22,Hyderabad,4.5
C01392,22,Male,Electronics,Smartphone,30269.75,1,No,Active,Credit Card,2025-12-06,Delhi,4.2
C01677,50,Female,Home & Kitchen,Storage Box,14066.84,1,No,Inactive,Credit Card,2024-08-29,Delhi,4.5
C00061,21,Female,Books,Self-Help,592.32,4,No,Inactive,UPI,2024-10-30,Delhi,4.7
C00148,39,Female,Beauty,Shampoo,3252.31,1,Yes,Active,Wallet,2024-10-01,Ahmedabad,4.4
C01574,24,Male,Beauty,Face Cream,1053.06,3,No,Inactive,Net Banking,2024-01-25,Kolkata,5.0
C00820,44,Male,Electronics,Laptop,6123.69,2,Yes,Inactive,Credit Card,2025-04-26,Chandigarh,4.6
C00267,21,Male,Home & Kitchen,Cookware,14505.87,1,No,Active,Debit Card,2024-07-27,Hyderabad,3.7
C00132,50,Female,Home & Kitchen,Cookware,12120.52,3,No,Inactive,Wallet,2025-12-14,Chennai,3.8
C00567,53,Female,Electronics,Headphones,1165.5,1,No,Inactive,UPI,2024-10-06,Pune,3.9
C00388,24,Female,Electronics,Smartwatch,47132.36,3,Yes,Inactive,Cash,2024-03-20,Chandigarh,4.4
C01385,44,Female,Electronics,Speaker,80559.09,2,No,Inactive,Debit Card,2025-03-11,Chennai,3.7
C01337,57,Male,Books,Self-Help,1497.85,2,No,Inactive,Credit Card,2024-06-03,Ahmedabad,3.9
C01598,38,Female,Home & Kitchen,Cookware,11384.3,2,Yes,Inactive,UPI,2025-04-10,Bengaluru,2.8
C00481,47,Male,Books,Business,720.62,1,Yes,Active,Cash,2025-08-03,Chandigarh,4.6
C00714,60,Male,Home & Kitchen,Lamp,9902.31,3,No,Inactive,Credit Card,2024-10-08,Kolkata,3.0
C00420,29,Male,Clothing,Jeans,1683.27,1,No,Active,Net Banking,2024-12-15,Hyderabad,4.9
C00918,45,Male,Sports,Cricket Bat,1352.0,2,No,Active,Wallet,2025-11-07,Kolkata,4.7
C00042,39,Male,Home & Kitchen,Coffee Maker,12467.62,1,No,Active,Debit Card,2025-02-26,Bengaluru,3.3
C01380,46,Male,Sports,Football,6316.45,4,No,Inactive,Credit Card,2024-10-16,Pune,2.9
C01378,52,Female,Electronics,Smartwatch,61706.48,5,No,Inactive,Debit Card,2025-10-08,Pune,4.1
C01347,39,Male,Sports,Cricket Bat,6269.38,4,No,Inactive,Debit Card,2024-04-10,Hyderabad,3.3
C01562,27,Female,Clothing,T-Shirt,2506.05,2,No,Inactive,Debit Card,2024-08-13,Bengaluru,2.8
C01750,62,Male,Electronics,Headphones,41709.49,1,No,Inactive,UPI,2024-07-22,Ahmedabad,3.6
C00532,52,Female,Clothing,Jacket,4717.23,2,Yes,Active,UPI,2024-07-19,Chennai,3.8
C01304,20,Male,Electronics,Smartwatch,57304.8,1,No,Inactive,Credit Card,2024-12-02,Pune,4.7
C00337,47,Female,Books,Self-Help,182.58,1,Yes,Inactive,Wallet,2025-01-17,Kolkata,3.4
C01301,26,Female,Electronics,Headphones,68771.39,2,Yes,Inactive,UPI,2024-06-22,Hyderabad,4.5
C01613,47,Female,Clothing,Dress,1885.29,1,No,Inactive,Credit Card,2025-04-28,Mumbai,4.3
C01667,58,Male,Sports,Dumbbells,8456.51,3,No,Inactive,Credit Card,2024-06-13,Chandigarh,3.3
C01544,59,Male,Electronics,Smartphone,23344.05,1,No,Inactive,Debit Card,2024-01-25,Pune,3.8
C01436,45,Male,Beauty,Perfume,4109.17,2,Yes,Inactive,UPI,2024-03-19,Mumbai,5.0
C01521,53,Male,Home & Kitchen,Bedsheet,14254.04,2,No,Active,UPI,2024-06-19,Ahmedabad,3.4
C01896,63,Male,Clothing,Sneakers,3437.06,3,No,Active,Credit Card,2024-06-16,Kolkata,2.5
C01155,28,Female,Clothing,Dress,3818.01,2,No,Active,Credit Card,2025-07-14,Pune,3.4
C00068,61,Female,Clothing,Sneakers,2949.22,3,Yes,Inactive,UPI,2024-09-21,Pune,3.9
C00980,32,Female,Beauty,Shampoo,4846.98,2,No,Inactive,UPI,2025-03-02,Pune,3.6
C01965,45,Female,Home & Kitchen,Coffee Maker,10905.89,1,No,Inactive,Wallet,2025-08-23,Jaipur,4.7
C00787,63,Male,Books,Comics,1742.75,1,No,Active,UPI,2024-03-06,Mumbai,3.8
C01166,36,Male,Electronics,Smartphone,4300.59,1,Yes,Inactive,Cash,2025-08-18,Kolkata,3.8
C01157,39,Male,Electronics,Smartphone,78457.43,1,Yes,Inactive,Debit Card,2024-07-06,Jaipur,3.8
C01143,37,Female,Books,Comics,415.07,5,No,Inactive,Wallet,2024-02-05,Chandigarh,4.2
C00954,41,Female,Clothing,Jeans,1848.41,4,No,Active,Debit Card,2024-11-16,Hyderabad,3.7
C00989,34,Male,Sports,Football,1432.88,2,No,Inactive,UPI,2025-05-08,Kolkata,4.7
C00441,51,Female,Home & Kitchen,Bedsheet,12125.69,1,Yes,Inactive,Cash,2025-05-25,Delhi,3.9
C01025,47,Male,Books,Comics,1194.85,2,No,Active,UPI,2025-05-23,Kolkata,4.2
C00215,27,Male,Electronics,Smartwatch,27213.97,5,Yes,Active,UPI,2025-07-14,Delhi,4.4
C00180,38,Male,Electronics,Headphones,76403.96,1,No,Inactive,UPI,2024-12-18,Hyderabad,2.9
C01642,35,Male,Home & Kitchen,Storage Box,6613.4,1,No,Inactive,Net Banking,2025-03-20,Chennai,3.7
C00396,52,Female,Clothing,Jacket,2650.12,1,No,Inactive,UPI,2025-09-17,Mumbai,2.8
C01383,41,Female,Electronics,Headphones,11763.36,3,Yes,Inactive,UPI,2025-06-10,Bengaluru,3.1
C01462,33,Male,Home & Kitchen,Cookware,13060.9,2,No,Inactive,Cash,2025-01-06,Hyderabad,4.7
C01378,29,Female,Beauty,Skin Serum,1919.89,3,No,Inactive,Debit Card,2024-01-17,Pune,4.2
C01857,38,Male,Clothing,Jeans,1945.66,3,Yes,Inactive,Debit Card,2024-10-25,Bengaluru,3.7
C00159,35,Female,Clothing,T-Shirt,1382.11,1,No,Inactive,Debit Card,2024-11-02,Pune,4.3
C00216,38,Male,Clothing,Jacket,4487.54,1,No,Active,Wallet,2024-05-31,Chennai,4.1
C00195,45,Male,Clothing,Jeans,1114.9,1,Yes,Inactive,Credit Card,2024-07-23,Jaipur,2.6
C01224,30,Female,Electronics,Smartphone,83905.36,1,No,Active,Net Banking,2024-05-27,Kolkata,2.9
C00401,19,Male,Clothing,Sneakers,3046.73,1,No,Active,UPI,2025-09-02,Chandigarh,3.7
C00335,59,Female,Sports,Cricket Bat,3254.45,3,Yes,Active,UPI,2024-01-17,Chandigarh,5.0
C00730,58,Female,Sports,Football,6815.65,1,Yes,Inactive,Credit Card,2024-10-24,Bengaluru,4.6
C00649,57,Male,Sports,Dumbbells,4071.37,1,No,Active,UPI,2024-12-29,Jaipur,2.9
C01575,63,Female,Clothing,Jacket,1628.74,1,Yes,Inactive,Wallet,2024-10-15,Hyderabad,4.6
C00889,55,Male,Clothing,Jacket,1461.09,2,No,Inactive,Cash,2025-09-21,Chennai,3.1
C01365,44,Male,Books,Fiction,1307.63,3,No,Inactive,Debit Card,2025-12-05,Mumbai,4.1
C00212,22,Male,Electronics,Smartphone,25686.16,1,No,Inactive,Net Banking,2024-01-05,Chennai,4.1
C01914,35,Male,Clothing,Jeans,3379.75,4,No,Inactive,Cash,2024-05-10,Pune,3.9
C00651,39,Female,Home & Kitchen,Storage Box,2183.0,3,No,Active,Wallet,2025-07-02,Pune,4.3
C00209,45,Male,Clothing,Dress,1453.52,4,Yes,Inactive,Net Banking,2024-09-02,Hyderabad,4.5
C00066,40,Female,Clothing,Jacket,1228.47,1,No,Inactive,UPI,2025-07-21,Bengaluru,3.9
C01369,32,Male,Clothing,Jacket,3015.62,3,No,Active,Credit Card,2024-07-29,Delhi,3.6
C01777,26,Male,Clothing,Jacket,1321.38,1,No,Inactive,Debit Card,2025-02-04,Chennai,3.7
C01722,58,Male,Beauty,Lipstick,673.41,2,Yes,Active,UPI,2025-12-11,Chennai,3.1
C00419,60,Male,Sports,Running Shoes,8435.48,2,Yes,Active,UPI,2025-01-18,Bengaluru,3.5
C00849,33,Male,Clothing,Jacket,4465.35,2,No,Inactive,Cash,2025-10-18,Ahmedabad,4.1
C00132,24,Female,Books,Comics,1149.07,1,No,Inactive,Debit Card,2024-11-18,Chandigarh,4.2
C01312,26,Female,Books,Self-Help,218.31,2,No,Active,Credit Card,2025-11-11,Hyderabad,4.6
C00702,57,Female,Electronics,Smartwatch,41878.57,3,No,Active,Credit Card,2025-05-04,Ahmedabad,3.8
C00676,25,Female,Clothing,Jacket,1870.95,4,Yes,Inactive,UPI,2024-08-13,Bengaluru,4.1
C01758,53,Male,Beauty,Lipstick,2787.6,1,No,Inactive,Net Banking,2024-11-20,Kolkata,2.8
C01001,44,Female,Home & Kitchen,Storage Box,8324.15,2,Yes,Inactive,Wallet,2025-10-11,Chennai,4.3
C01580,47,Female,Clothing,Dress,1646.83,4,Yes,Inactive,UPI,2024-09-27,Jaipur,3.3
C00837,22,Female,Home & Kitchen,Coffee Maker,8481.26,1,No,Inactive,Debit Card,2025-12-13,Chandigarh,4.8
C01086,54,Male,Clothing,Jeans,1637.96,1,No,Inactive,Debit Card,2024-10-15,Mumbai,4.3
C00680,27,Male,Sports,Dumbbells,1398.42,3,Yes,Active,Wallet,2025-12-30,Mumbai,5.0
C01811,28,Female,Beauty,Face Cream,344.67,3,No,Inactive,Net Banking,2024-10-02,Hyderabad,3.6
C00570,34,Male,Sports,Dumbbells,8294.9,1,Yes,Active,UPI,2025-08-21,Ahmedabad,4.2
C00825,65,Female,Sports,Yoga Mat,11302.8,1,No,Active,Debit Card,2025-03-25,Ahmedabad,5.0
C00558,32,Male,Electronics,Speaker,27576.88,2,No,Inactive,UPI,2025-11-20,Mumbai,3.4
C00550,46,Female,Electronics,Speaker,5889.61,1,Yes,Active,Debit Card,2024-11-18,Kolkata,4.2
C01874,31,Male,Electronics,Speaker,15557.43,3,Yes,Inactive,UPI,2025-05-29,Chandigarh,4.1
C00804,22,Male,Electronics,Smartwatch,34640.7,2,No,Inactive,Credit Card,2024-02-04,Ahmedabad,4.6
C01652,41,Female,Home & Kitchen,Lamp,518.11,4,No,Inactive,Debit Card,2025-09-15,Chennai,3.3
C00023,55,Male,Electronics,Laptop,29763.37,1,Yes,Active,Cash,2025-11-19,Hyderabad,3.8
C01404,65,Male,Sports,Yoga Mat,9385.26,1,No,Inactive,Debit Card,2024-04-28,Delhi,3.5
C00629,48,Female,Books,Business,161.56,4,No,Active,Cash,2024-04-09,Ahmedabad,4.0
C01640,18,Male,Home & Kitchen,Coffee Maker,3333.82,1,Yes,Inactive,Debit Card,2025-07-25,Jaipur,3.9
C01102,51,Male,Clothing,Sneakers,2838.68,2,No,Active,UPI,2025-06-19,Hyderabad,3.6
C01755,29,Male,Beauty,Skin Serum,4464.45,4,Yes,Inactive,Credit Card,2024-12-01,Mumbai,3.0
C01600,51,Female,Electronics,Speaker,50383.41,4,No,Inactive,Credit Card,2024-10-05,Ahmedabad,5.0
C00183,49,Female,Clothing,Jeans,2229.58,1,Yes,Active,UPI,2025-12-12,Hyderabad,3.7
C01782,38,Female,Home & Kitchen,Bedsheet,4252.9,1,No,Inactive,UPI,2024-04-13,Pune,4.1
C01816,49,Male,Beauty,Skin Serum,2015.75,3,Yes,Inactive,UPI,2025-01-29,Delhi,4.2
C00936,63,Female,Clothing,Sneakers,1874.28,1,No,Active,Wallet,2025-03-13,Jaipur,2.9
C00626,27,Female,Home & Kitchen,Lamp,13563.36,2,No,Inactive,UPI,2024-11-09,Chandigarh,3.3
C01121,40,Male,Electronics,Smartphone,7172.33,1,No,Inactive,Net Banking,2024-09-26,Jaipur,5.0
C01757,43,Female,Home & Kitchen,Coffee Maker,3757.84,1,Yes,Inactive,UPI,2025-12-22,Kolkata,4.4
C00762,26,Female,Electronics,Smartphone,41497.64,2,No,Active,Wallet,2025-12-12,Hyderabad,3.9
C01034,62,Male,Sports,Dumbbells,10821.74,1,No,Active,UPI,2025-04-18,Pune,4.3
C00815,34,Male,Home & Kitchen,Bedsheet,13158.1,1,Yes,Inactive,Cash,2025-03-29,Chandigarh,4.7
C00366,59,Female,Beauty,Skin Serum,2560.57,5,No,Inactive,UPI,2024-04-16,Chennai,3.5
C01725,61,Other,Books,Fiction,1400.93,2,No,Inactive,Net Banking,2024-06-08,Chennai,3.8
C01939,25,Female,Home & Kitchen,Storage Box,6456.96,2,Yes,Inactive,Debit Card,2024-09-25,Delhi,3.7
C01425,45,Female,Books,Fiction,790.34,3,Yes,Active,Cash,2025-10-17,Hyderabad,3.4
C01369,21,Male,Electronics,Headphones,49038.28,5,Yes,Inactive,Credit Card,2025-08-26,Bengaluru,3.4
C01169,63,Female,Home & Kitchen,Storage Box,5467.97,1,Yes,Active,Wallet,2024-04-17,Bengaluru,4.0
C01459,38,Male,Sports,Yoga Mat,9939.73,3,No,Active,Credit Card,2024-12-27,Bengaluru,3.4
C00919,33,Female,Books,Technology,1858.74,1,No,Active,UPI,2025-08-02,Mumbai,3.8
C00767,57,Male,Sports,Dumbbells,10759.49,4,No,Active,UPI,2025-05-28,Kolkata,4.2
C01517,63,Male,Books,Fiction,1690.56,1,No,Inactive,Debit Card,2025-05-17,Chandigarh,5.0
C01700,30,Female,Beauty,Face Cream,325.8,2,No,Inactive,Debit Card,2024-04-22,Chennai,4.8
C00699,41,Female,Clothing,Jeans,1681.69,1,No,Inactive,Debit Card,2024-04-24,Kolkata,4.3
C01568,44,Female,Electronics,Laptop,64570.22,1,No,Inactive,Credit Card,2025-08-01,Chandigarh,4.5
C01435,33,Male,Sports,Football,8549.71,2,No,Inactive,Debit Card,2024-01-21,Mumbai,3.9
C00014,54,Female,Clothing,Jacket,4716.48,2,Yes,Inactive,Cash,2025-06-16,Mumbai,3.1
C00665,28,Male,Electronics,Headphones,12806.77,2,Yes,Inactive,Debit Card,2024-06-18,Ahmedabad,3.7
C01462,55,Male,Electronics,Speaker,74956.71,1,Yes,Inactive,Cash,2025-10-03,Pune,3.7
C00062,37,Female,Sports,Running Shoes,8979.57,3,Yes,Inactive,UPI,2024-02-22,Chandigarh,2.5
C01402,24,Female,Books,Business,1562.49,3,Yes,Inactive,Cash,2025-10-18,Pune,3.0
C00905,57,Male,Clothing,Dress,1034.11,1,No,Inactive,UPI,2024-07-07,Chennai,3.3
C01123,18,Male,Electronics,Laptop,20685.04,2,No,Active,Net Banking,2025-02-27,Jaipur,3.7
C01655,43,Female,Electronics,Laptop,25254.36,1,No,Inactive,Credit Card,2025-01-22,Delhi,4.5
C01467,48,Female,Clothing,Jacket,1682.58,1,Yes,Active,Wallet,2025-06-05,Pune,3.8
C01515,45,Male,Sports,Dumbbells,2509.33,4,Yes,Active,Net Banking,2025-04-13,Chandigarh,3.0
C01694,44,Male,Beauty,Shampoo,3074.83,4,Yes,Inactive,Debit Card,2025-10-05,Chandigarh,3.8
C00985,36,Male,Clothing,Dress,2990.0,2,No,Active,UPI,2025-04-16,Hyderabad,3.7
C01153,59,Male,Sports,Yoga Mat,4446.21,3,Yes,Inactive,UPI,2025-03-11,Pune,4.1
C00849,25,Female,Beauty,Perfume,782.33,2,No,Active,Credit Card,2025-11-26,Hyderabad,4.8
C00049,26,Male,Home & Kitchen,Coffee Maker,4995.94,3,No,Inactive,UPI,2024-08-27,Pune,5.0
C00744,29,Male,Beauty,Lipstick,3339.93,4,No,Inactive,Debit Card,2025-11-02,Pune,4.1
C00524,34,Male,Beauty,Lipstick,1160.65,1,No,Active,Credit Card,2024-08-16,Chandigarh,3.4
C00092,61,Female,Home & Kitchen,Cookware,7670.81,3,Yes,Inactive,Debit Card,2024-05-30,Ahmedabad,3.6
C01165,64,Female,Home & Kitchen,Storage Box,13205.58,1,No,Active,UPI,2024-08-02,Chandigarh,5.0
C01397,49,Female,Clothing,Sneakers,2919.09,4,No,Inactive,Net Banking,2025-07-28,Pune,3.9
C01061,41,Other,Electronics,Speaker,73448.51,2,Yes,Inactive,UPI,2024-03-10,Ahmedabad,3.0
C01509,56,Female,Electronics,Laptop,4237.62,1,No,Inactive,Debit Card,2025-08-15,Ahmedabad,4.4
C01623,25,Male,Books,Business,803.19,2,No,Inactive,UPI,2025-04-12,Hyderabad,4.8
C00781,64,Female,Beauty,Shampoo,4332.22,1,No,Inactive,Debit Card,2024-11-28,Hyderabad,5.0
C00072,33,Other,Clothing,Sneakers,3754.67,1,Yes,Active,UPI,2025-12-06,Jaipur,4.4
C01813,31,Female,Clothing,Jacket,2615.35,2,No,Active,UPI,2024-07-18,Chandigarh,4.1
C01361,53,Female,Clothing,T-Shirt,463.41,2,No,Inactive,Wallet,2025-06-07,Pune,3.4
C00055,43,Female,Sports,Running Shoes,2959.84,1,No,Inactive,Debit Card,2025-05-06,Jaipur,4.0
C00579,62,Female,Home & Kitchen,Bedsheet,14584.37,1,No,Inactive,UPI,2024-01-02,Mumbai,3.7
C00642,44,Female,Electronics,Smartwatch,85723.06,1,No,Active,Debit Card,2024-12-01,Kolkata,4.2
C00465,33,Male,Electronics,Smartwatch,7874.29,3,Yes,Inactive,UPI,2024-07-30,Chennai,2.9
C01244,64,Female,Electronics,Speaker,88886.03,2,Yes,Inactive,Debit Card,2025-02-15,Mumbai,3.6
C00217,53,Female,Beauty,Shampoo,1238.97,3,No,Inactive,Credit Card,2025-06-29,Bengaluru,4.2
C01798,49,Female,Clothing,Dress,1425.5,2,No,Inactive,UPI,2024-10-08,Delhi,4.5
C01596,29,Female,Home & Kitchen,Lamp,13013.3,3,Yes,Inactive,Credit Card,2024-12-02,Bengaluru,4.0
C01992,58,Male,Electronics,Smartphone,50251.95,1,No,Active,Credit Card,2024-08-04,Delhi,3.8
C01015,27,Female,Electronics,Headphones,15603.02,4,Yes,Inactive,Wallet,2024-04-14,Chennai,4.5
C01968,21,Other,Clothing,Jacket,3770.35,4,No,Active,Credit Card,2025-10-22,Chandigarh,4.5
C00604,31,Female,Books,Self-Help,731.84,1,Yes,Active,Credit Card,2024-02-29,Bengaluru,4.9
C00977,61,Male,Clothing,T-Shirt,498.04,2,No,Inactive,UPI,2025-01-31,Chandigarh,2.5
C01526,39,Female,Books,Technology,1262.14,5,No,Active,UPI,2024-09-01,Hyderabad,3.1
C00423,55,Female,Books,Technology,588.81,4,No,Inactive,UPI,2025-10-12,Ahmedabad,4.7
C01482,64,Male,Home & Kitchen,Bedsheet,12322.6,1,No,Inactive,Debit Card,2024-12-06,Delhi,3.5
C00822,36,Male,Home & Kitchen,Cookware,1802.82,2,No,Inactive,Credit Card,2025-06-17,Hyderabad,4.1
C00790,35,Female,Clothing,Dress,1229.8,1,No,Active,UPI,2025-02-03,Chandigarh,2.6
C00916,47,Male,Books,Self-Help,831.96,1,No,Inactive,UPI,2024-01-11,Pune,3.7
C00497,55,Male,Electronics,Headphones,30192.67,1,Yes,Active,UPI,2025-04-22,Pune,3.1
C01679,36,Male,Electronics,Smartphone,40604.73,5,Yes,Active,UPI,2024-04-09,Mumbai,4.1
C01826,44,Female,Sports,Dumbbells,4268.74,1,No,Active,UPI,2024-02-09,Chennai,3.9
C00610,21,Male,Books,Fiction,428.36,2,No,Inactive,Cash,2024-06-22,Bengaluru,4.2
C00466,60,Male,Electronics,Headphones,24778.77,1,No,Active,UPI,2025-04-25,Mumbai,2.8
C00850,58,Male,Sports,Yoga Mat,8423.48,2,Yes,Active,Debit Card,2024-07-26,Chennai,3.7
C00585,24,Female,Electronics,Smartwatch,51063.83,1,No,Inactive,UPI,2025-05-23,Bengaluru,3.7
C01546,25,Female,Clothing,Jacket,3011.56,3,No,Active,Cash,2024-09-03,Kolkata,4.9
C01362,53,Female,Clothing,Jacket,3626.43,1,No,Inactive,UPI,2025-06-03,Mumbai,4.4
C01093,64,Female,Beauty,Skin Serum,733.16,3,No,Active,Cash,2024-10-09,Chandigarh,4.2
C00684,52,Female,Beauty,Shampoo,4376.76,1,No,Inactive,Debit Card,2025-01-05,Jaipur,2.7
C00508,50,Female,Beauty,Lipstick,2188.62,2,Yes,Inactive,UPI,2024-07-22,Kolkata,4.2
C01409,51,Male,Beauty,Shampoo,983.05,1,No,Inactive,UPI,2025-08-05,Mumbai,4.5
C01552,57,Male,Electronics,Speaker,10780.53,1,No,Inactive,Net Banking,2025-10-05,Chennai,2.8
C01295,55,Female,Clothing,Jacket,4447.84,1,Yes,Inactive,Credit Card,2024-06-20,Ahmedabad,4.2
C01666,55,Female,Sports,Football,2625.68,1,No,Active,Debit Card,2025-06-05,Delhi,3.3
C00783,37,Male,Home & Kitchen,Bedsheet,11339.88,4,No,Active,Debit Card,2025-09-05,Ahmedabad,4.1
C00696,60,Female,Beauty,Perfume,2580.45,3,No,Inactive,UPI,2025-05-23,Hyderabad,3.1
C00377,47,Male,Sports,Football,9833.48,1,No,Active,UPI,2024-06-01,Hyderabad,
C01478,42,Male,Books,Self-Help,339.95,2,Yes,Inactive,Credit Card,2024-03-09,Chennai,5.0
C00427,40,Female,Beauty,Perfume,4624.83,1,Yes,Active,Debit Card,2024-01-13,Pune,5.0
C01218,46,Female,Electronics,Speaker,17693.72,2,No,Inactive,Wallet,2024-08-09,Pune,3.3
C00185,22,Female,Clothing,T-Shirt,2314.95,1,No,Inactive,UPI,2025-11-16,Delhi,4.8
C00737,56,Female,Books,Business,1063.81,3,No,Active,Credit Card,2025-05-23,Hyderabad,3.6
C01149,29,Male,Home & Kitchen,Bedsheet,9960.83,3,No,Inactive,Wallet,2025-11-29,Chandigarh,3.9
C00729,58,Female,Sports,Running Shoes,8336.14,5,No,Inactive,UPI,2024-12-11,Chandigarh,3.7
C00005,27,Male,Sports,Yoga Mat,11334.36,1,No,Active,Debit Card,2024-08-21,Chandigarh,4.0
C01911,18,Male,Home & Kitchen,Lamp,14454.03,3,No,Inactive,UPI,2025-05-25,Jaipur,4.5
C01309,60,Male,Sports,Football,9620.72,3,No,Inactive,UPI,2025-09-04,Hyderabad,2.9
C01214,31,Male,Sports,Cricket Bat,4017.79,2,Yes,Inactive,Net Banking,2024-01-26,Bengaluru,
C01214,26,Male,Sports,Yoga Mat,2024.94,2,No,Inactive,Debit Card,2024-07-05,Pune,3.8
C01583,58,Female,Electronics,Smartwatch,30474.56,1,No,Inactive,Net Banking,2025-12-13,Jaipur,4.0
C00307,56,Male,Beauty,Lipstick,2349.16,1,No,Inactive,UPI,2025-11-08,Mumbai,3.7
C00247,45,Male,Home & Kitchen,Storage Box,14559.96,1,Yes,Active,UPI,2025-11-03,Hyderabad,4.1
C00233,45,Female,Sports,Cricket Bat,10222.06,2,No,Active,Credit Card,2024-06-18,Delhi,4.0
C00693,50,Male,Electronics,Smartwatch,26931.4,1,No,Active,Net Banking,2024-04-01,Bengaluru,3.2
C01067,19,Female,Home & Kitchen,Coffee Maker,9619.36,2,No,Inactive,Debit Card,2024-06-23,Kolkata,3.6
C01856,43,Female,Beauty,Skin Serum,3037.91,4,Yes,Active,UPI,2024-05-03,Jaipur,3.8
C00759,57,Female,Electronics,Smartphone,30371.01,1,No,Active,Debit Card,2024-09-18,Kolkata,4.4
C01684,43,Female,Clothing,Dress,4292.81,2,No,Inactive,UPI,2025-09-06,Ahmedabad,2.9
C01225,23,Male,Sports,Football,882.51,3,No,Inactive,Debit Card,2025-03-14,Pune,2.6
C01700,21,Female,Electronics,Speaker,31492.13,3,No,Inactive,Wallet,2025-11-30,Hyderabad,4.8
C00289,61,Female,Clothing,Jeans,1677.06,1,Yes,Active,UPI,2024-08-25,Hyderabad,3.3
C00276,37,Male,Electronics,Laptop,65026.99,1,No,Inactive,Credit Card,2025-09-25,Kolkata,4.0
C01050,23,Male,Electronics,Smartwatch,6664.04,2,No,Inactive,UPI,2024-04-12,Mumbai,4.0
C01171,60,Female,Books,Business,771.1,1,No,Inactive,Debit Card,2025-06-08,Jaipur,4.5
C00328,45,Female,Home & Kitchen,Bedsheet,1884.66,2,No,Active,Debit Card,2024-10-28,Pune,3.1
C01213,29,Male,Beauty,Shampoo,2906.59,3,Yes,Inactive,Debit Card,2025-10-08,Kolkata,3.6
C00077,62,Male,Home & Kitchen,Storage Box,9976.61,2,No,Inactive,Debit Card,2024-04-10,Delhi,3.7
C01520,28,Female,Sports,Cricket Bat,10030.52,1,No,Inactive,Net Banking,2025-12-21,Jaipur,4.7
C01619,65,Male,Books,Technology,1658.28,3,Yes,Active,Cash,2024-07-11,Chandigarh,5.0
C01752,57,Male,Electronics,Speaker,69465.13,1,No,Inactive,Credit Card,2025-12-27,Delhi,3.6
C00615,45,Other,Clothing,Sneakers,1029.63,2,No,Active,Cash,2024-03-12,Jaipur,5.0
C01328,29,Female,Clothing,Jacket,538.83,1,No,Active,UPI,2024-07-22,Ahmedabad,5.0
C00634,53,Female,Beauty,Face Cream,3146.61,1,No,Inactive,Credit Card,2024-05-11,Mumbai,3.8
C01882,22,Female,Home & Kitchen,Storage Box,7077.19,1,No,Inactive,UPI,2025-06-27,Ahmedabad,
C00032,42,Female,Home & Kitchen,Bedsheet,13257.13,1,No,Inactive,Wallet,2024-01-28,Pune,3.8
C01474,65,Male,Home & Kitchen,Bedsheet,3313.08,2,No,Active,UPI,2024-06-02,Hyderabad,4.1
C00499,56,Male,Electronics,Laptop,38768.85,1,No,Active,Cash,2024-12-07,Delhi,3.1
C01860,33,Male,Clothing,Jacket,4799.34,1,No,Inactive,Credit Card,2025-09-25,Hyderabad,5.0
C00039,28,Male,Electronics,Laptop,43226.26,3,No,Inactive,Debit Card,2025-02-05,Hyderabad,
C01185,31,Female,Beauty,Shampoo,313.12,1,No,Active,Cash,2025-04-29,Ahmedabad,4.1
C01532,39,Female,Electronics,Smartwatch,15348.82,1,No,Inactive,UPI,2025-08-04,Pune,3.8
C00078,38,Male,Electronics,Laptop,23637.81,3,No,Inactive,Net Banking,2024-07-14,Mumbai,4.5
C00581,49,Male,Home & Kitchen,Bedsheet,13355.44,4,No,Inactive,Net Banking,2024-02-10,Pune,3.7
C00537,40,Other,Clothing,Dress,2252.47,1,No,Inactive,Cash,2024-07-18,Mumbai,4.6
C01256,44,Male,Electronics,Laptop,6766.74,2,Yes,Inactive,Cash,2025-07-02,Chandigarh,5.0
C01083,18,Male,Electronics,Laptop,4278.22,1,No,Inactive,Credit Card,2025-02-03,Mumbai,3.4
C01808,48,Male,Home & Kitchen,Cookware,3944.49,1,No,Active,Net Banking,2025-01-15,Delhi,2.6
C01253,37,Female,Beauty,Shampoo,2252.13,2,Yes,Inactive,UPI,2025-06-05,Hyderabad,5.0
C01864,34,Male,Clothing,Jeans,2521.84,3,Yes,Inactive,Credit Card,2025-07-09,Bengaluru,5.0
C00280,32,Male,Clothing,Sneakers,1388.1,3,Yes,Inactive,Cash,2024-10-21,Kolkata,4.5
C00218,48,Male,Beauty,Lipstick,2139.6,1,Yes,Inactive,UPI,2024-07-15,Kolkata,4.7
C00998,40,Male,Clothing,Jacket,473.72,4,No,Inactive,Wallet,2024-06-11,Ahmedabad,5.0
C00144,30,Male,Sports,Football,6185.06,1,Yes,Inactive,UPI,2025-01-16,Ahmedabad,2.6
C00710,43,Female,Electronics,Smartwatch,65780.98,1,Yes,Inactive,UPI,2025-04-08,Kolkata,4.2
C00002,28,Male,Home & Kitchen,Cookware,12148.5,1,No,Active,Credit Card,2024-05-22,Hyderabad,3.1
C01359,50,Male,Sports,Running Shoes,11503.02,2,No,Active,Credit Card,2024-10-30,Bengaluru,4.6
C00490,32,Male,Clothing,Dress,1495.98,3,No,Active,Credit Card,2025-12-10,Bengaluru,3.4
C00516,44,Female,Clothing,Sneakers,777.94,1,Yes,Inactive,Credit Card,2024-12-06,Delhi,3.3
C00184,32,Female,Home & Kitchen,Cookware,6348.44,1,No,Active,UPI,2025-08-07,Kolkata,4.1
C01475,28,Female,Beauty,Skin Serum,3523.91,1,No,Inactive,Wallet,2024-04-08,Kolkata,3.6
C01518,40,Male,Sports,Dumbbells,3705.39,2,Yes,Inactive,Debit Card,2025-03-10,Bengaluru,3.8
C01479,64,Female,Home & Kitchen,Cookware,5923.06,3,Yes,Inactive,Credit Card,2024-04-16,Hyderabad,4.5
C00698,33,Male,Clothing,Sneakers,4584.29,1,No,Inactive,Net Banking,2024-10-22,Jaipur,4.6
C00593,19,Male,Sports,Football,1369.33,1,No,Active,Credit Card,2025-02-10,Hyderabad,2.6
C00295,22,Female,Books,Comics,1751.23,3,No,Active,UPI,2025-04-10,Kolkata,3.1
C00725,32,Other,Clothing,Sneakers,4479.79,2,No,Inactive,Credit Card,2024-06-10,Pune,3.7
C00752,19,Male,Clothing,T-Shirt,2563.04,1,Yes,Inactive,UPI,2024-09-13,Ahmedabad,4.0
C00327,58,Female,Electronics,Smartphone,81647.69,2,Yes,Active,Debit Card,2024-11-02,Pune,4.1
C00858,60,Male,Books,Business,1906.73,3,Yes,Inactive,UPI,2024-01-27,Mumbai,4.6
C01410,60,Male,Clothing,T-Shirt,807.13,2,No,Active,UPI,2024-02-29,Chandigarh,4.1
C01702,44,Other,Clothing,Dress,1651.54,3,No,Active,Wallet,2025-02-01,Hyderabad,4.4
C01674,32,Male,Clothing,Jeans,2957.77,2,No,Inactive,Debit Card,2025-10-22,Chandigarh,4.5
C00270,35,Male,Beauty,Shampoo,682.61,2,No,Inactive,UPI,2024-06-01,Bengaluru,5.0
C01137,20,Other,Sports,Cricket Bat,4972.83,2,Yes,Inactive,UPI,2024-04-17,Delhi,5.0
C00768,47,Male,Electronics,Speaker,66799.63,1,Yes,Inactive,UPI,2025-03-07,Hyderabad,3.9
C00715,27,Male,Electronics,Laptop,87955.52,1,Yes,Inactive,Debit Card,2025-09-22,Kolkata,4.2
C00406,55,Male,Home & Kitchen,Coffee Maker,1811.42,1,No,Inactive,Net Banking,2025-12-06,Pune,4.6
C01337,26,Male,Home & Kitchen,Lamp,11049.91,2,Yes,Inactive,Debit Card,2024-09-30,Kolkata,3.6
C00620,63,Male,Clothing,Dress,3069.87,2,Yes,Inactive,Debit Card,2024-12-30,Kolkata,2.9
C00154,51,Male,Home & Kitchen,Storage Box,2690.14,4,No,Inactive,UPI,2024-09-11,Delhi,4.5
C00111,25,Male,Electronics,Headphones,41071.4,1,No,Inactive,Credit Card,2025-02-22,Delhi,5.0
C00520,42,Female,Clothing,Dress,4953.16,5,No,Active,Cash,2025-11-28,Delhi,3.8
C00596,48,Male,Home & Kitchen,Lamp,13884.52,2,Yes,Active,Credit Card,2024-08-09,Kolkata,4.6
C01564,46,Female,Electronics,Headphones,76064.72,1,No,Inactive,UPI,2024-09-26,Ahmedabad,2.8
C01553,61,Male,Home & Kitchen,Cookware,13723.78,1,No,Inactive,UPI,2024-07-13,Delhi,3.7
C00454,36,Male,Sports,Yoga Mat,9870.93,1,No,Inactive,Wallet,2024-04-02,Jaipur,3.5
C00171,39,Female,Electronics,Smartwatch,9727.22,2,Yes,Inactive,UPI,2025-05-13,Bengaluru,4.8
C01572,29,Female,Sports,Yoga Mat,1930.16,2,No,Active,Credit Card,2025-06-28,Bengaluru,4.5
C00767,41,Other,Beauty,Shampoo,4282.36,1,Yes,Inactive,Wallet,2024-01-07,Ahmedabad,3.8
C01123,44,Female,Sports,Running Shoes,5005.83,2,No,Inactive,UPI,2024-10-28,Jaipur,3.6
C00883,25,Female,Clothing,Jacket,1344.08,2,No,Active,Wallet,2025-09-26,Mumbai,4.9
C00079,28,Male,Clothing,Dress,703.91,5,No,Inactive,UPI,2024-11-08,Chandigarh,4.9
C00727,22,Other,Clothing,Dress,4203.55,2,Yes,Inactive,Credit Card,2025-03-19,Kolkata,3.7
C01630,60,Male,Home & Kitchen,Bedsheet,7796.73,2,Yes,Inactive,Debit Card,2024-05-18,Mumbai,4.2
C01666,33,Male,Sports,Running Shoes,6489.6,3,No,Inactive,Wallet,2025-05-14,Chennai,4.8
C01592,37,Male,Electronics,Headphones,39331.12,2,Yes,Inactive,Cash,2024-11-03,Hyderabad,3.6
C01676,56,Female,Sports,Yoga Mat,7500.01,3,Yes,Inactive,Credit Card,2024-05-23,Delhi,3.8
C01662,22,Female,Home & Kitchen,Coffee Maker,14555.12,5,Yes,Active,Debit Card,2025-04-23,Kolkata,3.9
C01389,65,Male,Beauty,Shampoo,2162.22,1,No,Active,Debit Card,2025-10-24,Bengaluru,5.0
C01402,64,Male,Sports,Dumbbells,727.28,1,No,Active,Debit Card,2024-04-03,Chandigarh,3.1
C00266,24,Male,Sports,Football,10751.49,1,Yes,Active,Net Banking,2024-06-02,Pune,3.7
C01335,58,Female,Electronics,Smartphone,14206.22,1,No,Inactive,Credit Card,2024-03-09,Chennai,4.1
C01890,47,Male,Books,Self-Help,1808.36,4,No,Inactive,Wallet,2025-12-07,Delhi,4.5
C01025,20,Female,Beauty,Skin Serum,4771.75,2,Yes,Inactive,Net Banking,2025-09-26,Mumbai,4.6
C00774,45,Male,Clothing,Dress,4920.29,1,Yes,Active,Debit Card,2025-08-21,Jaipur,4.0
C01959,35,Male,Clothing,Jeans,4808.44,3,Yes,Active,Credit Card,2024-12-25,Bengaluru,4.3
C00187,40,Female,Home & Kitchen,Cookware,3244.06,1,No,Inactive,Credit Card,2024-08-29,Chandigarh,2.9
C00221,65,Female,Books,Technology,579.3,3,No,Inactive,Net Banking,2024-12-27,Pune,5.0
C00400,53,Male,Home & Kitchen,Coffee Maker,13009.12,2,No,Inactive,Net Banking,2024-06-20,Mumbai,3.8
C00602,23,Male,Books,Business,870.81,3,No,Inactive,Debit Card,2025-05-12,Kolkata,3.9
C01561,40,Other,Home & Kitchen,Lamp,3249.42,3,Yes,Inactive,UPI,2024-12-19,Kolkata,
C01425,22,Female,Electronics,Speaker,18305.4,1,Yes,Inactive,Debit Card,2025-09-28,Ahmedabad,3.5
C01910,56,Male,Sports,Yoga Mat,2723.43,1,No,Active,Debit Card,2024-11-13,Chandigarh,4.5
C01931,62,Female,Beauty,Perfume,1253.11,3,No,Inactive,Net Banking,2025-10-22,Jaipur,4.7
C00845,53,Male,Sports,Dumbbells,6940.36,2,Yes,Inactive,Credit Card,2024-07-14,Pune,4.4
C00213,30,Female,Home & Kitchen,Coffee Maker,11985.08,5,No,Inactive,UPI,2025-04-08,Pune,4.3
C01074,63,Female,Sports,Yoga Mat,4980.45,1,No,Inactive,Credit Card,2025-12-16,Ahmedabad,4.1
C00929,32,Female,Sports,Running Shoes,8284.2,2,No,Inactive,Net Banking,2025-12-03,Hyderabad,5.0
C00348,33,Male,Beauty,Skin Serum,616.37,3,No,Inactive,Credit Card,2024-03-06,Chandigarh,3.4
C00659,61,Male,Home & Kitchen,Cookware,10073.21,4,Yes,Inactive,Credit Card,2024-09-25,Hyderabad,3.5
C01337,28,Male,Clothing,Dress,3258.39,2,Yes,Inactive,UPI,2025-04-27,Chennai,4.3
C00770,63,Male,Electronics,Speaker,72104.4,3,No,Inactive,Debit Card,2024-03-19,Chennai,4.4
C00143,40,Male,Electronics,Speaker,12400.19,1,Yes,Inactive,Debit Card,2025-11-23,Chennai,4.5
C00537,44,Female,Electronics,Smartphone,31211.25,1,No,Inactive,UPI,2024-05-03,Chennai,3.5
C01795,31,Female,Sports,Yoga Mat,9116.61,3,Yes,Inactive,Wallet,2025-03-11,Bengaluru,4.1
C00061,24,Male,Beauty,Skin Serum,1431.8,2,Yes,Inactive,Credit Card,2025-01-15,Pune,5.0
C01090,53,Male,Electronics,Smartwatch,50241.76,4,Yes,Inactive,UPI,2024-11-05,Chandigarh,4.2
C01173,38,Female,Sports,Football,3536.18,1,No,Active,Debit Card,2025-07-24,Jaipur,2.9
C01211,31,Male,Books,Business,719.21,2,No,Inactive,Debit Card,2025-06-23,Hyderabad,2.8
C01397,30,Female,Books,Fiction,1084.54,4,No,Inactive,Net Banking,2025-03-11,Bengaluru,5.0
C01163,26,Male,Sports,Dumbbells,813.63,1,No,Inactive,Debit Card,2025-03-18,Chennai,4.5
C01513,18,Male,Books,Technology,550.86,5,Yes,Inactive,Cash,2024-04-09,Pune,4.0
C00493,29,Male,Home & Kitchen,Storage Box,9873.69,2,No,Inactive,Debit Card,2024-04-26,Bengaluru,5.0
C00900,44,Female,Beauty,Perfume,2636.6,1,No,Inactive,Credit Card,2024-09-30,Ahmedabad,4.2
C00826,35,Other,Beauty,Perfume,3846.11,3,No,Inactive,Debit Card,2025-03-05,Hyderabad,4.8
C00509,23,Female,Clothing,T-Shirt,3325.79,4,No,Active,Net Banking,2024-05-16,Ahmedabad,4.8
C00440,38,Female,Clothing,Jeans,2951.92,2,Yes,Inactive,Net Banking,2025-07-27,Chandigarh,3.5
C00681,30,Male,Home & Kitchen,Bedsheet,6749.22,3,No,Inactive,Debit Card,2024-06-27,Pune,3.1
C01908,42,Female,Home & Kitchen,Cookware,13238.01,4,No,Inactive,Debit Card,2025-05-17,Kolkata,4.9
C01387,42,Female,Clothing,Jacket,3355.83,2,No,Inactive,Debit Card,2025-10-01,Ahmedabad,4.2
C01577,31,Female,Sports,Football,2266.35,1,No,Inactive,UPI,2025-02-20,Pune,4.0
C01103,32,Male,Sports,Cricket Bat,9806.6,3,Yes,Inactive,Wallet,2024-09-14,Chennai,4.6
C00122,35,Female,Clothing,Sneakers,3206.52,2,No,Active,Credit Card,2024-06-28,Hyderabad,2.4
C01429,42,Female,Electronics,Smartwatch,89084.29,2,No,Inactive,Debit Card,2025-02-16,Bengaluru,4.7
C01980,50,Male,Sports,Running Shoes,4859.15,1,No,Inactive,Wallet,2025-07-02,Kolkata,4.8
C00541,43,Male,Clothing,Jeans,748.5,2,No,Active,UPI,2024-08-27,Mumbai,3.2
C01970,39,Female,Clothing,Jacket,3637.6,1,No,Active,Credit Card,2025-02-17,Kolkata,4.4
C00635,22,Female,Home & Kitchen,Cookware,13300.05,1,Yes,Active,Net Banking,2024-07-12,Jaipur,3.7
C01796,47,Male,Books,Self-Help,420.35,2,No,Inactive,Credit Card,2024-07-10,Mumbai,3.7
C00314,35,Female,Sports,Dumbbells,1254.33,4,No,Active,UPI,2024-01-08,Jaipur,4.1
C00268,28,Male,Home & Kitchen,Bedsheet,7861.7,1,No,Inactive,Credit Card,2025-08-05,Jaipur,3.8
C01441,46,Female,Sports,Football,10577.93,1,Yes,Active,UPI,2025-12-12,Kolkata,4.5
C00284,47,Female,Electronics,Speaker,80614.01,3,No,Inactive,Credit Card,2024-11-17,Pune,3.9
C01465,27,Female,Clothing,Dress,529.92,3,Yes,Active,Net Banking,2025-03-15,Delhi,3.7
C01505,23,Male,Clothing,T-Shirt,625.75,1,No,Inactive,Wallet,2024-10-11,Pune,3.0
C00399,42,Male,Electronics,Smartphone,72835.79,1,Yes,Active,UPI,2024-04-30,Bengaluru,4.4
C00236,37,Female,Beauty,Shampoo,1479.02,1,Yes,Active,Wallet,2025-12-04,Hyderabad,3.2
C01848,55,Male,Beauty,Face Cream,1899.42,1,Yes,Active,Cash,2024-07-30,Jaipur,4.0
C01700,61,Male,Clothing,T-Shirt,2641.35,5,Yes,Active,UPI,2024-11-03,Delhi,4.6
C00054,52,Female,Clothing,Dress,2691.57,1,No,Inactive,Credit Card,2024-01-19,Bengaluru,3.9
C00796,22,Male,Home & Kitchen,Bedsheet,10056.35,4,No,Inactive,UPI,2025-07-22,Delhi,3.0
C00511,43,Female,Sports,Dumbbells,6227.86,3,Yes,Inactive,Wallet,2024-11-17,Delhi,4.1
C00582,19,Female,Electronics,Smartphone,23941.08,1,No,Inactive,Debit Card,2024-03-22,Pune,3.9
C01247,42,Male,Clothing,Jeans,3238.32,5,No,Inactive,UPI,2025-05-14,Bengaluru,4.2
C00764,56,Female,Books,Self-Help,1863.93,2,No,Inactive,Cash,2025-04-12,Ahmedabad,4.7
C01318,27,Male,Sports,Football,11278.01,2,No,Active,Credit Card,2025-11-17,Ahmedabad,4.3
C00792,45,Male,Books,Business,1664.92,3,Yes,Active,Debit Card,2024-09-25,Kolkata,4.2
C00373,65,Female,Electronics,Headphones,54819.76,5,No,Active,UPI,2025-01-09,Hyderabad,4.6
C01905,53,Male,Home & Kitchen,Lamp,2452.44,2,Yes,Inactive,Credit Card,2025-10-30,Jaipur,2.4
C00398,41,Male,Clothing,Sneakers,1787.53,3,No,Inactive,Net Banking,2025-11-23,Jaipur,3.7
C00087,61,Female,Home & Kitchen,Bedsheet,6087.77,1,No,Inactive,Credit Card,2024-03-16,Bengaluru,3.1
C00340,28,Male,Sports,Cricket Bat,9982.31,1,Yes,Active,Wallet,2024-07-06,Chennai,3.9
C00438,48,Female,Electronics,Smartwatch,46314.31,4,No,Inactive,Credit Card,2024-05-30,Delhi,3.3
C00700,54,Other,Clothing,T-Shirt,4577.93,1,No,Inactive,Debit Card,2024-05-26,Chennai,4.0
C01496,36,Male,Beauty,Perfume,3775.36,3,No,Inactive,Credit Card,2025-06-05,Hyderabad,4.8
C01402,63,Male,Electronics,Smartphone,87453.97,2,No,Inactive,Wallet,2024-01-20,Bengaluru,3.8
C01381,49,Male,Home & Kitchen,Lamp,5640.0,4,Yes,Active,UPI,2025-07-20,Pune,3.8
C01087,47,Female,Clothing,Jacket,2583.2,2,No,Active,Debit Card,2024-03-08,Mumbai,3.7
C00789,25,Male,Clothing,Sneakers,3384.66,2,Yes,Inactive,UPI,2024-05-29,Chandigarh,4.7
C00425,31,Male,Electronics,Laptop,27500.11,2,No,Inactive,Credit Card,2025-07-17,Kolkata,2.9
C00524,26,Male,Electronics,Smartphone,9425.42,4,Yes,Active,Cash,2024-09-09,Delhi,4.4
C00952,23,Male,Sports,Dumbbells,9569.59,2,Yes,Inactive,Debit Card,2025-03-07,Mumbai,4.9
C01353,37,Male,Electronics,Headphones,33433.43,1,No,Inactive,UPI,2025-07-12,Hyderabad,4.1
C01861,26,Female,Clothing,Jeans,3281.25,4,No,Active,Net Banking,2024-12-10,Bengaluru,4.0
C01827,32,Female,Beauty,Shampoo,3790.32,2,Yes,Inactive,Debit Card,2024-11-21,Delhi,3.7
C01348,46,Female,Electronics,Speaker,5394.83,1,Yes,Active,Debit Card,2025-06-09,Bengaluru,3.3
C01997,48,Male,Home & Kitchen,Coffee Maker,14826.83,1,Yes,Active,Debit Card,2025-03-17,Pune,4.6
C01399,26,Female,Clothing,Jeans,4668.87,3,No,Inactive,Credit Card,2024-05-27,Kolkata,4.0
C01180,43,Female,Clothing,Dress,2838.23,2,No,Inactive,UPI,2024-02-26,Chennai,3.7
C00766,35,Female,Electronics,Smartwatch,56524.05,3,No,Active,Debit Card,2024-10-14,Pune,3.5
C00883,28,Male,Beauty,Face Cream,4567.07,1,Yes,Inactive,Wallet,2024-12-16,Bengaluru,3.4
C01180,55,Female,Electronics,Laptop,77574.72,3,No,Inactive,UPI,2024-12-15,Chandigarh,3.0
C00627,45,Female,Home & Kitchen,Bedsheet,2995.32,2,No,Inactive,Net Banking,2025-07-04,Pune,4.1
C01555,49,Female,Clothing,T-Shirt,899.31,2,Yes,Inactive,Credit Card,2025-02-11,Bengaluru,4.5
C01672,60,Male,Clothing,Jeans,1083.43,4,No,Inactive,Debit Card,2025-07-14,Ahmedabad,3.4
C01647,18,Other,Home & Kitchen,Cookware,1271.54,2,No,Inactive,Cash,2024-06-15,Bengaluru,4.8
C00815,19,Female,Books,Business,1827.04,2,No,Inactive,Credit Card,2024-08-29,Kolkata,4.0
C00594,23,Female,Home & Kitchen,Lamp,11020.68,1,Yes,Inactive,UPI,2025-05-12,Kolkata,3.3
C00206,48,Male,Beauty,Perfume,437.08,2,Yes,Active,UPI,2024-08-08,Mumbai,2.8
C00550,59,Female,Sports,Running Shoes,7738.08,1,Yes,Active,Credit Card,2025-12-16,Pune,5.0
C01626,27,Male,Clothing,T-Shirt,2741.13,2,No,Inactive,UPI,2024-10-15,Bengaluru,3.2
C01479,33,Female,Home & Kitchen,Lamp,5773.42,1,Yes,Inactive,Credit Card,2024-10-12,Delhi,3.5
C00780,20,Male,Beauty,Shampoo,4370.39,1,No,Inactive,UPI,2024-01-23,Kolkata,
C01222,25,Male,Electronics,Smartphone,47843.9,3,No,Inactive,Credit Card,2025-03-22,Jaipur,4.4
C00618,20,Female,Books,Self-Help,1500.11,1,No,Inactive,Wallet,2025-04-16,Mumbai,3.4
C01876,32,Female,Books,Comics,1506.3,1,No,Active,UPI,2024-09-02,Jaipur,3.5
C01024,58,Male,Clothing,T-Shirt,4325.53,3,No,Active,UPI,2025-03-01,Kolkata,4.2
C01001,28,Female,Clothing,T-Shirt,2210.99,3,No,Inactive,UPI,2025-11-16,Bengaluru,3.0
C01809,50,Female,Electronics,Smartwatch,69163.24,4,No,Active,UPI,2025-06-03,Pune,4.1
C01384,43,Male,Electronics,Laptop,69384.49,2,Yes,Inactive,Credit Card,2025-09-09,Bengaluru,4.5
C01758,39,Male,Home & Kitchen,Bedsheet,13449.49,2,No,Inactive,Credit Card,2025-08-31,Pune,4.2
C00791,33,Female,Sports,Cricket Bat,4591.2,3,Yes,Inactive,Debit Card,2025-06-15,Delhi,4.0
C01440,60,Male,Sports,Dumbbells,11985.59,3,No,Inactive,Net Banking,2024-01-03,Delhi,4.4
C00637,39,Other,Electronics,Laptop,72984.37,1,Yes,Active,Debit Card,2025-12-23,Mumbai,4.9
C00069,42,Female,Clothing,Dress,1476.45,3,Yes,Active,UPI,2025-09-12,Pune,5.0
C01739,20,Male,Sports,Cricket Bat,1450.45,1,No,Inactive,Cash,2025-02-12,Chennai,4.0
C01495,63,Female,Clothing,Dress,4197.02,2,No,Inactive,UPI,2024-08-05,Hyderabad,2.8
C00092,62,Female,Sports,Yoga Mat,4811.63,2,No,Inactive,Cash,2024-04-10,Mumbai,4.4
C00029,50,Female,Electronics,Speaker,11803.97,1,No,Inactive,Debit Card,2024-03-21,Bengaluru,3.5
C00495,48,Male,Clothing,Sneakers,2504.81,1,Yes,Inactive,Credit Card,2024-05-05,Pune,
C00640,47,Female,Clothing,Jeans,4738.91,1,No,Active,UPI,2024-09-03,Chennai,4.3
C00910,34,Male,Electronics,Laptop,41124.92,3,Yes,Active,UPI,2025-08-31,Chandigarh,4.4
C00372,37,Female,Sports,Football,2030.9,1,No,Active,Debit Card,2025-09-16,Mumbai,4.3
C01726,51,Female,Clothing,Jeans,2980.95,1,No,Inactive,Credit Card,2024-09-18,Hyderabad,4.3
C01987,32,Female,Sports,Yoga Mat,1118.28,2,Yes,Active,UPI,2024-11-10,Mumbai,3.9
C01631,55,Male,Home & Kitchen,Coffee Maker,4378.12,3,No,Inactive,Wallet,2024-12-10,Bengaluru,3.2
C00985,31,Female,Electronics,Smartwatch,87088.19,1,No,Inactive,Credit Card,2024-02-05,Chennai,4.4
C00190,61,Male,Home & Kitchen,Bedsheet,11875.91,2,Yes,Active,Credit Card,2024-03-18,Ahmedabad,3.5
C01905,65,Female,Electronics,Speaker,21511.83,2,No,Inactive,Debit Card,2025-01-12,Ahmedabad,3.0
C01585,30,Female,Sports,Dumbbells,9651.74,2,No,Active,Debit Card,2025-04-28,Chandigarh,
C00740,53,Male,Home & Kitchen,Storage Box,7531.02,3,Yes,Active,Debit Card,2025-11-28,Chandigarh,3.7
C00944,31,Male,Home & Kitchen,Coffee Maker,2895.86,2,No,Inactive,UPI,2025-01-06,Chennai,3.3
C00216,34,Female,Beauty,Shampoo,4865.41,3,No,Inactive,UPI,2024-11-01,Pune,2.9
C00485,24,Male,Electronics,Headphones,81534.42,1,No,Active,UPI,2025-10-11,Delhi,3.2
C01927,57,Female,Clothing,Jacket,346.77,2,Yes,Active,Debit Card,2025-09-05,Kolkata,3.4
C01541,54,Female,Clothing,Jacket,1202.14,4,Yes,Inactive,Net Banking,2024-08-01,Bengaluru,
C00714,45,Male,Electronics,Headphones,42738.96,3,Yes,Active,Credit Card,2024-07-06,Hyderabad,4.1
C00432,33,Male,Home & Kitchen,Coffee Maker,1385.54,1,Yes,Inactive,UPI,2025-11-24,Jaipur,3.5
C00039,51,Female,Sports,Football,1132.64,1,No,Inactive,Debit Card,2024-09-21,Pune,5.0
C00387,40,Female,Electronics,Smartwatch,28433.22,2,No,Inactive,Cash,2025-07-11,Jaipur,3.5
C00532,56,Female,Clothing,Dress,4162.68,1,No,Inactive,Credit Card,2025-09-08,Chandigarh,3.7
C00663,56,Female,Electronics,Speaker,86642.18,1,Yes,Active,Debit Card,2025-02-01,Bengaluru,5.0
C01365,55,Male,Electronics,Smartphone,22213.79,1,No,Inactive,UPI,2024-12-22,Chandigarh,4.2
C01202,60,Male,Books,Comics,1037.86,2,No,Inactive,Debit Card,2024-12-22,Pune,4.5
C00414,62,Male,Books,Technology,980.16,2,No,Inactive,Cash,2025-08-02,Chandigarh,4.1
C00756,43,Female,Books,Self-Help,587.63,4,No,Active,Debit Card,2025-03-09,Bengaluru,5.0
C00109,62,Female,Clothing,Jacket,3331.44,2,No,Inactive,Debit Card,2024-02-10,Mumbai,4.4
C01556,53,Female,Sports,Running Shoes,11009.52,1,No,Active,Credit Card,2025-05-04,Hyderabad,3.7
C00117,63,Female,Beauty,Skin Serum,1059.72,2,No,Inactive,UPI,2024-05-05,Kolkata,3.0
C01859,37,Male,Beauty,Lipstick,4976.59,3,No,Inactive,Wallet,2024-01-19,Ahmedabad,5.0
C01095,39,Male,Sports,Football,2798.42,1,No,Active,Cash,2025-03-27,Chennai,3.0
C01563,56,Male,Home & Kitchen,Coffee Maker,595.21,3,No,Inactive,Debit Card,2024-06-22,Chandigarh,3.9
C01183,37,Male,Home & Kitchen,Bedsheet,345.3,1,Yes,Active,Debit Card,2024-05-18,Bengaluru,4.2
C00025,49,Male,Home & Kitchen,Lamp,3643.31,3,No,Inactive,UPI,2024-08-17,Bengaluru,4.2
C00688,33,Female,Electronics,Speaker,28858.44,2,No,Inactive,Cash,2024-10-13,Kolkata,3.5
C00840,18,Male,Books,Comics,1314.65,1,No,Inactive,Wallet,2024-08-06,Jaipur,4.0
C01963,30,Other,Home & Kitchen,Cookware,825.12,2,No,Inactive,Debit Card,2024-09-28,Ahmedabad,4.3
C01946,32,Female,Books,Business,1356.7,1,Yes,Active,UPI,2024-06-28,Pune,5.0
C00716,24,Female,Beauty,Face Cream,3234.79,2,Yes,Active,Cash,2024-05-19,Mumbai,3.5
C00776,51,Female,Clothing,Sneakers,3835.41,3,No,Active,Debit Card,2025-10-30,Jaipur,3.9
C01809,54,Female,Sports,Yoga Mat,5073.59,1,No,Inactive,Debit Card,2024-01-07,Kolkata,4.2
C01470,64,Male,Sports,Football,3430.72,3,Yes,Active,Debit Card,2024-01-23,Mumbai,4.3
C01541,47,Male,Home & Kitchen,Lamp,9248.3,1,Yes,Inactive,Debit Card,2024-10-05,Ahmedabad,3.5
C01130,40,Female,Home & Kitchen,Bedsheet,7672.74,1,No,Active,UPI,2024-12-18,Chandigarh,3.0
C00564,24,Female,Electronics,Smartwatch,27195.28,1,Yes,Inactive,Credit Card,2024-09-21,Jaipur,3.5
C01927,46,Male,Beauty,Lipstick,3215.51,1,Yes,Active,Credit Card,2025-04-03,Delhi,3.6
C00030,62,Female,Home & Kitchen,Lamp,1526.84,5,No,Inactive,Credit Card,2025-05-03,Ahmedabad,3.5
C00247,37,Male,Sports,Cricket Bat,6093.31,1,No,Inactive,Debit Card,2024-01-28,Kolkata,3.2
C01654,41,Male,Electronics,Headphones,56907.64,2,Yes,Active,Net Banking,2024-06-13,Delhi,4.1
C00955,38,Male,Clothing,Dress,1806.74,2,No,Active,Cash,2024-12-03,Delhi,5.0
C00680,58,Female,Clothing,Jeans,679.6,2,No,Inactive,Debit Card,2024-01-26,Kolkata,3.3
C00367,58,Female,Sports,Cricket Bat,4198.15,3,Yes,Active,Credit Card,2025-08-31,Kolkata,4.6
C00190,42,Female,Electronics,Laptop,61402.92,3,No,Active,Wallet,2024-03-28,Jaipur,5.0
C00607,41,Female,Sports,Dumbbells,10215.84,4,No,Active,Wallet,2024-09-24,Jaipur,3.9
C01277,61,Male,Electronics,Headphones,87749.71,1,No,Inactive,Debit Card,2025-02-14,Kolkata,5.0
C00019,23,Female,Electronics,Smartphone,40691.42,2,No,Inactive,UPI,2024-06-16,Jaipur,2.3
C01728,35,Female,Beauty,Perfume,914.16,2,Yes,Inactive,Debit Card,2025-07-25,Jaipur,5.0
C01391,19,Female,Electronics,Smartwatch,52134.39,1,No,Inactive,Debit Card,2025-02-03,Kolkata,4.3
C00557,47,Male,Electronics,Laptop,87417.59,2,Yes,Inactive,UPI,2025-08-15,Bengaluru,3.5
C00554,63,Male,Electronics,Speaker,40721.37,3,No,Active,Cash,2024-01-19,Ahmedabad,3.5
C01436,30,Male,Books,Comics,675.28,3,No,Inactive,UPI,2024-08-29,Chennai,3.2
C00331,41,Male,Clothing,Jacket,4754.97,3,Yes,Inactive,Net Banking,2024-05-15,Chennai,4.7
C01602,49,Male,Sports,Yoga Mat,1485.77,1,Yes,Inactive,Debit Card,2025-02-25,Kolkata,3.5
C01939,48,Male,Clothing,Dress,4354.83,2,Yes,Inactive,Credit Card,2024-06-27,Pune,4.1
C01672,24,Male,Beauty,Perfume,336.59,1,Yes,Active,Credit Card,2024-11-02,Mumbai,3.8
C01518,39,Male,Clothing,Sneakers,2537.33,2,Yes,Active,Cash,2024-03-12,Delhi,5.0
C01031,48,Male,Clothing,Jacket,3606.04,2,Yes,Active,Debit Card,2024-09-12,Hyderabad,3.3
C00028,41,Female,Home & Kitchen,Coffee Maker,11583.97,2,No,Active,UPI,2024-08-22,Delhi,3.1
C00639,51,Male,Home & Kitchen,Cookware,14351.97,1,Yes,Inactive,Net Banking,2024-12-04,Chennai,2.5
C00171,24,Female,Clothing,T-Shirt,2748.51,1,Yes,Inactive,UPI,2024-05-31,Chandigarh,4.4
C01452,20,Female,Sports,Yoga Mat,8625.93,1,No,Active,Debit Card,2024-10-06,Jaipur,3.9
C01068,43,Male,Electronics,Laptop,73653.07,1,No,Active,Wallet,2025-02-16,Chennai,4.5
C01271,22,Female,Home & Kitchen,Bedsheet,13394.65,3,Yes,Active,Wallet,2024-10-23,Ahmedabad,3.2
C01574,41,Male,Beauty,Skin Serum,1440.48,2,Yes,Inactive,Net Banking,2025-11-25,Chennai,4.1
C00113,44,Female,Books,Self-Help,704.47,1,No,Inactive,Net Banking,2024-07-27,Kolkata,4.2
C00913,33,Female,Electronics,Smartwatch,43397.47,4,No,Active,Net Banking,2025-08-19,Hyderabad,4.1
C00141,45,Male,Beauty,Lipstick,3407.68,1,No,Inactive,Cash,2024-10-20,Chennai,4.0
C01288,47,Male,Beauty,Shampoo,343.66,1,No,Inactive,Net Banking,2024-08-06,Mumbai,4.0
C01178,65,Female,Clothing,Jacket,4288.82,5,No,Active,Wallet,2025-11-02,Bengaluru,4.7
C01635,48,Male,Electronics,Smartphone,89090.74,4,No,Active,UPI,2024-02-08,Jaipur,4.3
C01654,50,Female,Sports,Football,7056.24,4,Yes,Inactive,Cash,2024-04-02,Bengaluru,3.7
C01679,55,Male,Electronics,Headphones,46490.26,2,No,Inactive,Credit Card,2024-05-29,Mumbai,2.5
C01531,39,Male,Clothing,T-Shirt,2428.03,2,No,Active,UPI,2025-08-01,Bengaluru,3.2
C01633,48,Male,Home & Kitchen,Lamp,6560.09,3,No,Active,UPI,2025-12-08,Pune,4.5
C00917,47,Female,Books,Business,1973.03,4,No,Inactive,Credit Card,2025-09-30,Delhi,3.5
C01652,32,Male,Books,Comics,891.75,5,Yes,Active,UPI,2024-12-30,Bengaluru,4.0
C00129,48,Male,Home & Kitchen,Coffee Maker,14795.7,5,No,Inactive,UPI,2024-08-29,Kolkata,4.6
C00816,26,Female,Books,Business,1992.39,3,No,Inactive,Debit Card,2025-10-28,Hyderabad,4.2
C01840,52,Female,Home & Kitchen,Coffee Maker,8741.61,1,No,Inactive,Debit Card,2025-07-21,Jaipur,3.1
C00958,51,Male,Clothing,Sneakers,3457.94,4,Yes,Active,Debit Card,2024-02-15,Kolkata,4.2
C00483,59,Female,Books,Fiction,1117.59,3,Yes,Inactive,Credit Card,2025-01-04,Chandigarh,3.9
C00425,19,Female,Beauty,Face Cream,1128.22,1,No,Inactive,Net Banking,2024-11-09,Kolkata,3.5
C02000,53,Female,Electronics,Speaker,26750.92,1,Yes,Active,Cash,2025-08-12,Ahmedabad,3.6
C01239,25,Male,Clothing,Dress,2313.62,3,Yes,Active,Credit Card,2025-05-12,Pune,3.9
C01241,26,Male,Clothing,Dress,2591.39,3,Yes,Active,UPI,2025-02-06,Chandigarh,3.1
C00450,35,Female,Clothing,Dress,714.16,1,No,Active,UPI,2024-03-18,Chandigarh,4.4
C00986,62,Female,Clothing,Jacket,1472.03,3,No,Inactive,Debit Card,2025-08-27,Jaipur,3.8
C00430,36,Female,Electronics,Speaker,89194.51,1,Yes,Active,UPI,2025-04-05,Ahmedabad,4.8
C01533,32,Female,Clothing,Jeans,3724.27,4,Yes,Inactive,UPI,2024-01-17,Hyderabad,3.4
C01071,57,Male,Clothing,Dress,3652.34,4,No,Inactive,Debit Card,2024-12-19,Mumbai,3.5
C00254,27,Male,Clothing,Jacket,2466.58,1,No,Active,UPI,2024-12-22,Jaipur,4.4
C01432,31,Female,Clothing,Jacket,510.4,3,No,Active,Debit Card,2024-03-14,Mumbai,4.3
C01321,50,Female,Electronics,Headphones,19552.38,3,No,Inactive,UPI,2025-04-24,Bengaluru,3.5
C01314,32,Female,Home & Kitchen,Lamp,5582.69,1,No,Active,Debit Card,2024-09-30,Ahmedabad,4.8
C01200,41,Female,Electronics,Headphones,33499.34,1,No,Active,Cash,2025-01-17,Chandigarh,4.3
C00147,21,Male,Clothing,Dress,311.34,3,No,Inactive,Credit Card,2024-01-01,Jaipur,2.9
C00041,33,Female,Home & Kitchen,Storage Box,9756.47,1,No,Active,UPI,2025-11-13,Bengaluru,3.0
C00272,49,Female,Home & Kitchen,Bedsheet,13050.86,1,No,Inactive,Cash,2024-09-27,Kolkata,3.6
C01893,37,Male,Electronics,Headphones,19485.76,4,Yes,Inactive,UPI,2025-08-20,Hyderabad,3.7
C01691,53,Female,Clothing,Jeans,2167.41,3,Yes,Active,Cash,2024-09-29,Pune,3.6
C00917,35,Male,Home & Kitchen,Lamp,6781.23,2,No,Inactive,Credit Card,2025-09-12,Delhi,4.4
C00068,23,Female,Home & Kitchen,Storage Box,5978.82,1,No,Active,UPI,2025-12-04,Ahmedabad,5.0
C01050,43,Male,Home & Kitchen,Bedsheet,7062.77,1,No,Active,UPI,2024-12-30,Kolkata,3.8
C01530,63,Male,Home & Kitchen,Bedsheet,6431.54,1,No,Inactive,Credit Card,2024-07-12,Chennai,3.4
C00156,34,Male,Home & Kitchen,Cookware,10745.56,3,Yes,Inactive,Credit Card,2025-04-01,Chennai,5.0
C01745,42,Male,Clothing,T-Shirt,748.28,1,Yes,Inactive,UPI,2025-12-31,Ahmedabad,4.4
C01839,29,Male,Electronics,Smartphone,71501.79,1,Yes,Active,Debit Card,2025-01-08,Kolkata,3.8
C01297,21,Female,Sports,Running Shoes,9336.49,3,Yes,Active,Debit Card,2025-06-04,Mumbai,4.0
C00331,24,Female,Electronics,Smartphone,2806.37,2,Yes,Active,Cash,2024-06-25,Pune,4.3
C01873,58,Female,Books,Self-Help,455.68,3,Yes,Inactive,UPI,2024-01-14,Jaipur,5.0
C01718,32,Male,Clothing,Sneakers,2545.49,4,No,Active,Credit Card,2025-05-23,Bengaluru,4.7
C01551,37,Male,Books,Self-Help,566.76,1,No,Inactive,Cash,2024-12-15,Bengaluru,3.6
C00674,59,Male,Clothing,Sneakers,1115.12,3,No,Inactive,Debit Card,2024-04-24,Kolkata,3.5
C00791,22,Male,Clothing,Dress,1500.66,4,No,Inactive,Net Banking,2024-07-13,Jaipur,5.0
C00454,50,Male,Clothing,Dress,1667.47,2,Yes,Active,Debit Card,2025-09-17,Hyderabad,4.5
C00433,19,Male,Books,Self-Help,1334.8,1,Yes,Inactive,UPI,2024-11-24,Ahmedabad,4.3
C00146,59,Female,Books,Self-Help,436.42,1,No,Inactive,Debit Card,2024-12-07,Pune,5.0
C00584,26,Female,Home & Kitchen,Coffee Maker,6376.23,1,No,Active,UPI,2025-11-03,Pune,4.0
C00390,46,Female,Electronics,Headphones,2952.37,2,Yes,Inactive,Debit Card,2024-10-12,Mumbai,2.4
C00973,36,Female,Home & Kitchen,Storage Box,3645.46,3,No,Inactive,Credit Card,2024-08-14,Hyderabad,4.5
C01268,50,Male,Clothing,T-Shirt,2720.05,2,No,Active,Wallet,2024-07-25,Chennai,4.2
C01469,48,Male,Home & Kitchen,Bedsheet,1382.89,1,Yes,Active,Debit Card,2025-08-10,Mumbai,4.4
C01288,20,Female,Clothing,Sneakers,4287.28,2,No,Active,Credit Card,2024-12-11,Pune,4.0
C01280,32,Male,Clothing,Jacket,2557.5,1,No,Inactive,Debit Card,2024-09-07,Ahmedabad,3.8
C00824,65,Male,Electronics,Smartphone,78551.35,1,No,Inactive,Credit Card,2025-07-22,Hyderabad,3.1
C00383,32,Male,Clothing,Dress,4567.91,1,No,Inactive,Cash,2024-10-17,Pune,3.4
C00384,35,Male,Electronics,Headphones,84596.66,1,No,Inactive,Credit Card,2024-10-14,Bengaluru,3.2
C00628,49,Female,Sports,Yoga Mat,10157.99,4,Yes,Inactive,UPI,2024-09-17,Delhi,3.8
C01087,37,Female,Sports,Dumbbells,5430.41,2,No,Inactive,Debit Card,2025-08-03,Chandigarh,4.1
C01480,33,Female,Home & Kitchen,Cookware,10888.92,2,Yes,Active,Debit Card,2024-02-13,Ahmedabad,5.0
C00420,53,Male,Clothing,Dress,4230.36,1,Yes,Inactive,UPI,2025-09-22,Hyderabad,
C00173,19,Female,Clothing,Jacket,4349.37,3,Yes,Active,Net Banking,2025-04-18,Ahmedabad,4.8
C00588,57,Male,Electronics,Smartphone,79397.99,1,No,Inactive,UPI,2024-11-11,Delhi,4.6
C00193,58,Female,Home & Kitchen,Cookware,3277.45,4,No,Inactive,Credit Card,2024-07-18,Hyderabad,5.0
C01451,27,Male,Electronics,Smartphone,51892.29,2,No,Inactive,Debit Card,2025-05-02,Ahmedabad,3.1
C00422,62,Female,Books,Comics,878.17,1,Yes,Inactive,Credit Card,2025-07-30,Pune,4.9
C01174,40,Female,Books,Comics,1918.62,1,Yes,Inactive,Wallet,2025-01-24,Pune,3.0
C01736,31,Female,Home & Kitchen,Lamp,14499.31,1,No,Inactive,UPI,2025-07-17,Delhi,4.5
C01679,49,Male,Sports,Football,7976.59,2,No,Active,Debit Card,2024-02-16,Jaipur,
C01774,53,Female,Sports,Yoga Mat,5748.46,3,Yes,Active,Debit Card,2024-11-29,Chennai,5.0
C00828,61,Female,Sports,Running Shoes,7719.25,2,No,Inactive,Cash,2025-07-04,Kolkata,4.1
C00612,48,Female,Clothing,Dress,2448.52,2,Yes,Active,UPI,2025-08-26,Chennai,4.6
C00862,38,Male,Electronics,Smartphone,10532.15,2,Yes,Active,UPI,2025-06-01,Chennai,4.1
C00402,25,Female,Home & Kitchen,Lamp,312.62,1,Yes,Active,Debit Card,2024-06-15,Hyderabad,3.3
C01418,61,Male,Clothing,Dress,2988.2,2,Yes,Inactive,UPI,2024-08-07,Jaipur,3.5
C00584,38,Male,Electronics,Headphones,42430.56,1,Yes,Inactive,Credit Card,2025-04-28,Ahmedabad,3.9
C00620,19,Female,Clothing,Jeans,857.09,2,Yes,Inactive,UPI,2025-08-11,Jaipur,3.7
C01496,48,Female,Books,Fiction,1078.82,2,No,Active,Debit Card,2024-08-01,Ahmedabad,3.7
C01312,50,Male,Home & Kitchen,Storage Box,7325.02,2,No,Active,Wallet,2024-12-12,Ahmedabad,4.1
C01595,54,Male,Electronics,Smartphone,14749.72,2,No,Active,UPI,2025-11-14,Pune,4.4
C01535,54,Female,Beauty,Skin Serum,1399.92,1,No,Active,Cash,2024-07-09,Mumbai,3.3
C00979,32,Female,Electronics,Smartphone,7244.55,1,Yes,Inactive,Wallet,2025-10-17,Chandigarh,4.1
C00769,34,Male,Beauty,Face Cream,3681.49,1,Yes,Inactive,UPI,2025-08-16,Pune,3.3
C01217,41,Male,Clothing,Sneakers,3914.94,4,Yes,Active,Debit Card,2024-05-09,Ahmedabad,5.0
C01443,60,Male,Beauty,Skin Serum,2090.83,4,Yes,Active,Credit Card,2024-06-08,Delhi,3.6
C00047,33,Male,Clothing,Sneakers,791.24,2,No,Inactive,Net Banking,2024-09-01,Hyderabad,5.0
C01538,40,Male,Home & Kitchen,Lamp,9676.78,4,No,Inactive,UPI,2025-10-13,Chandigarh,3.8
C00171,44,Male,Electronics,Headphones,7173.83,1,No,Inactive,Credit Card,2024-06-19,Ahmedabad,4.0
C00459,45,Male,Home & Kitchen,Lamp,12000.29,1,No,Active,Cash,2025-12-06,Bengaluru,4.1
C00150,58,Female,Clothing,Sneakers,1058.04,3,No,Inactive,Credit Card,2024-11-17,Mumbai,3.7
C01768,31,Male,Sports,Dumbbells,4332.07,1,Yes,Inactive,Credit Card,2024-10-31,Delhi,4.2
C00360,41,Male,Sports,Cricket Bat,11336.26,3,Yes,Inactive,UPI,2024-10-21,Kolkata,3.2
C00798,46,Male,Electronics,Speaker,20859.92,1,Yes,Active,UPI,2024-11-22,Kolkata,4.9
C00986,61,Female,Clothing,Jacket,1790.43,1,No,Inactive,UPI,2024-03-07,Chennai,3.6
C00340,19,Female,Beauty,Face Cream,2971.72,1,No,Active,Debit Card,2025-08-25,Mumbai,2.7
C01124,56,Male,Home & Kitchen,Bedsheet,6661.3,1,No,Inactive,Debit Card,2025-01-13,Kolkata,3.8
C01007,46,Female,Electronics,Smartwatch,12460.43,2,No,Inactive,Debit Card,2025-01-27,Delhi,5.0
C00699,52,Male,Sports,Running Shoes,10190.4,2,No,Active,Net Banking,2025-02-13,Mumbai,4.0
C00720,51,Female,Electronics,Headphones,13424.55,5,No,Active,UPI,2025-10-22,Jaipur,5.0
C00109,19,Male,Books,Fiction,1639.34,3,Yes,Inactive,Credit Card,2024-01-21,Jaipur,3.5
C00726,47,Female,Sports,Running Shoes,7022.09,3,No,Inactive,Debit Card,2024-12-20,Jaipur,4.2
C01356,52,Female,Beauty,Perfume,3957.9,3,Yes,Active,Credit Card,2024-08-15,Jaipur,3.4
C01964,39,Female,Clothing,Dress,1145.98,2,No,Active,Debit Card,2024-07-31,Bengaluru,3.4
C00363,59,Male,Sports,Running Shoes,5806.22,2,No,Active,Net Banking,2024-05-27,Ahmedabad,4.0
C01015,22,Female,Electronics,Speaker,36009.84,5,No,Active,Debit Card,2025-01-19,Pune,4.7
C00079,53,Female,Sports,Running Shoes,6742.54,2,No,Inactive,Wallet,2025-05-07,Chandigarh,4.2
C00343,30,Female,Clothing,T-Shirt,3552.83,1,Yes,Inactive,UPI,2024-08-25,Bengaluru,4.2
C01082,37,Female,Sports,Cricket Bat,2279.5,2,Yes,Active,Credit Card,2025-01-13,Kolkata,3.4
C00937,41,Other,Sports,Running Shoes,880.46,2,Yes,Active,Debit Card,2024-10-02,Pune,3.2
C00348,62,Female,Sports,Dumbbells,3936.48,1,No,Active,Debit Card,2024-08-16,Kolkata,3.3
C00763,64,Male,Electronics,Speaker,78934.03,1,No,Inactive,Credit Card,2025-10-30,Chennai,5.0
C00008,64,Female,Beauty,Skin Serum,2562.16,2,No,Inactive,Credit Card,2025-04-20,Jaipur,3.9
C01170,40,Female,Clothing,Sneakers,1284.15,2,Yes,Active,Net Banking,2024-05-04,Pune,4.3
C01293,64,Male,Clothing,Jacket,1042.33,2,Yes,Active,Debit Card,2025-09-25,Delhi,4.5
C00535,43,Other,Electronics,Headphones,10882.03,2,Yes,Active,Debit Card,2024-05-21,Chandigarh,3.4
C01055,54,Male,Books,Technology,379.61,1,No,Inactive,Credit Card,2024-10-16,Chandigarh,4.2
C00305,33,Female,Clothing,Sneakers,3410.66,1,No,Active,UPI,2025-05-10,Jaipur,4.3
C01933,65,Male,Sports,Cricket Bat,9946.39,4,Yes,Inactive,Credit Card,2025-05-29,Mumbai,3.3
C01475,32,Female,Clothing,Sneakers,1322.17,2,No,Inactive,Credit Card,2025-11-17,Hyderabad,4.8
C00322,18,Male,Clothing,T-Shirt,2510.37,2,No,Inactive,UPI,2025-03-08,Hyderabad,5.0
C00571,40,Male,Clothing,Dress,3109.67,1,No,Inactive,UPI,2024-10-08,Delhi,4.4
C00580,18,Female,Electronics,Smartphone,27614.46,2,No,Inactive,Net Banking,2024-11-21,Mumbai,4.5
C01800,35,Male,Home & Kitchen,Cookware,6134.0,1,No,Inactive,Credit Card,2025-09-01,Mumbai,4.1
C00096,30,Male,Books,Fiction,732.68,1,Yes,Active,UPI,2024-07-10,Pune,4.2
C00559,50,Female,Clothing,Sneakers,2013.93,4,Yes,Inactive,Debit Card,2024-01-21,Mumbai,4.9
C00384,47,Male,Clothing,Jacket,2627.95,1,Yes,Active,Credit Card,2025-11-22,Delhi,5.0
C00774,23,Female,Clothing,T-Shirt,4730.48,1,No,Active,Debit Card,2025-02-25,Chandigarh,5.0
C01031,65,Female,Sports,Yoga Mat,3150.31,1,Yes,Active,Debit Card,2025-02-20,Hyderabad,3.2
C01094,40,Female,Home & Kitchen,Storage Box,1071.69,1,No,Inactive,Net Banking,2024-08-07,Jaipur,3.2
C00126,55,Male,Home & Kitchen,Bedsheet,1451.38,4,No,Inactive,UPI,2025-03-12,Mumbai,3.7
C00964,39,Female,Sports,Yoga Mat,7872.14,1,No,Active,Cash,2024-12-01,Mumbai,4.0
C00123,52,Male,Electronics,Laptop,71437.82,4,No,Inactive,UPI,2024-07-08,Delhi,3.1
C00076,31,Female,Sports,Dumbbells,8521.98,4,Yes,Inactive,Credit Card,2025-07-08,Ahmedabad,4.0
C01531,55,Male,Electronics,Headphones,78675.91,2,Yes,Active,UPI,2025-03-16,Delhi,4.5
C00069,52,Male,Sports,Football,2322.59,3,Yes,Inactive,UPI,2024-08-31,Bengaluru,4.9
C00517,37,Male,Beauty,Shampoo,4061.5,1,No,Active,Wallet,2025-11-28,Delhi,4.4
C00007,24,Male,Sports,Dumbbells,5910.88,1,Yes,Active,UPI,2024-11-14,Bengaluru,3.3
C00281,24,Male,Sports,Cricket Bat,10091.05,3,Yes,Inactive,Debit Card,2025-10-17,Bengaluru,3.5
C01343,52,Female,Beauty,Shampoo,4221.99,2,Yes,Inactive,Debit Card,2025-02-13,Chennai,3.9
C01029,31,Male,Sports,Running Shoes,5180.87,1,No,Inactive,Credit Card,2024-01-11,Kolkata,3.8
C01772,65,Female,Electronics,Headphones,3476.1,1,No,Active,Cash,2024-11-03,Kolkata,5.0
C01673,23,Female,Sports,Running Shoes,8487.47,2,No,Inactive,Credit Card,2025-09-19,Delhi,4.8
C01662,59,Female,Sports,Yoga Mat,5098.46,2,Yes,Inactive,Credit Card,2025-04-04,Delhi,3.1
C01667,34,Female,Electronics,Smartphone,2508.03,2,Yes,Inactive,UPI,2024-10-14,Pune,5.0
C02000,55,Female,Beauty,Perfume,4262.45,2,Yes,Inactive,UPI,2025-04-20,Chennai,3.5
C01561,36,Male,Electronics,Speaker,75748.85,2,No,Active,UPI,2024-05-04,Bengaluru,3.5
C00490,38,Male,Clothing,Jacket,4657.94,1,Yes,Inactive,UPI,2025-02-17,Bengaluru,3.9
C00494,21,Female,Sports,Running Shoes,4785.54,2,No,Active,Debit Card,2025-08-05,Mumbai,3.7
C01093,28,Female,Home & Kitchen,Cookware,6542.2,1,No,Active,Credit Card,2025-10-27,Delhi,2.9
C00354,61,Female,Clothing,Jeans,1834.36,1,Yes,Inactive,Credit Card,2025-09-21,Hyderabad,4.5
C01026,29,Female,Clothing,Jeans,3891.74,1,No,Active,Credit Card,2024-07-06,Delhi,4.4
C00403,64,Male,Books,Fiction,1337.83,2,Yes,Active,Credit Card,2025-09-08,Jaipur,3.6
C00384,44,Male,Clothing,Dress,3162.9,3,Yes,Active,UPI,2025-01-20,Chennai,2.7
C01293,22,Female,Clothing,Jacket,3720.21,2,Yes,Inactive,Credit Card,2025-10-02,Pune,3.4
C01313,21,Male,Electronics,Laptop,85016.62,2,Yes,Active,Cash,2025-03-22,Chandigarh,4.9
C00011,30,Male,Sports,Yoga Mat,11218.67,3,Yes,Inactive,Debit Card,2025-08-25,Delhi,4.7
C01324,47,Female,Sports,Yoga Mat,4586.95,1,No,Inactive,Net Banking,2025-01-11,Kolkata,3.1
C01829,20,Female,Beauty,Face Cream,3107.87,3,No,Inactive,Net Banking,2024-05-08,Bengaluru,4.3
C01225,32,Male,Electronics,Smartphone,74668.1,2,No,Inactive,Net Banking,2024-06-01,Chandigarh,3.8
C01896,62,Male,Sports,Cricket Bat,1816.3,1,No,Active,Credit Card,2025-06-14,Bengaluru,4.8
C00177,64,Female,Electronics,Smartphone,75949.75,2,No,Inactive,Cash,2025-03-07,Hyderabad,4.9
C01474,31,Male,Home & Kitchen,Lamp,3775.09,1,No,Inactive,UPI,2025-11-23,Hyderabad,4.0
C01946,51,Male,Electronics,Smartphone,85363.55,1,No,Inactive,Credit Card,2025-12-15,Chandigarh,3.0
C01013,42,Male,Beauty,Face Cream,4371.77,2,No,Inactive,Debit Card,2024-09-22,Jaipur,3.6
C00323,44,Female,Electronics,Smartwatch,45424.48,3,Yes,Active,Debit Card,2025-09-20,Chandigarh,3.3
C00375,47,Female,Clothing,T-Shirt,4627.04,3,No,Active,Debit Card,2024-06-18,Chennai,3.5
C01436,18,Male,Books,Fiction,1407.45,1,No,Inactive,Wallet,2025-07-28,Bengaluru,
C01785,59,Male,Clothing,T-Shirt,1385.52,2,No,Inactive,UPI,2025-11-15,Kolkata,3.6
C00560,40,Female,Clothing,Jacket,3226.98,1,Yes,Inactive,Wallet,2024-01-27,Jaipur,5.0
C00060,53,Female,Home & Kitchen,Storage Box,12330.78,4,No,Active,Debit Card,2025-08-03,Ahmedabad,4.5
C00691,64,Female,Books,Fiction,1815.37,1,No,Inactive,Net Banking,2025-04-15,Chennai,4.1
C01403,45,Female,Beauty,Lipstick,3338.08,2,No,Active,Cash,2025-07-17,Bengaluru,4.8
C00608,38,Female,Clothing,Jeans,558.15,1,Yes,Inactive,UPI,2024-10-23,Chennai,5.0
C00152,46,Female,Books,Business,1086.18,1,No,Inactive,UPI,2025-10-27,Pune,4.1
C00067,53,Female,Sports,Running Shoes,11673.72,1,No,Inactive,Credit Card,2024-06-01,Bengaluru,4.6
C00380,27,Male,Home & Kitchen,Lamp,14587.49,4,No,Inactive,UPI,2025-11-04,Bengaluru,3.7
C00589,48,Female,Clothing,Jeans,428.87,5,No,Active,UPI,2024-03-19,Pune,3.6
C00162,31,Female,Clothing,Jeans,4852.08,3,No,Inactive,Credit Card,2025-06-10,Chandigarh,4.9
C01874,40,Female,Electronics,Laptop,37983.26,1,Yes,Active,UPI,2025-03-17,Pune,4.3
C00936,40,Male,Clothing,Jeans,3388.11,1,Yes,Active,Cash,2025-08-23,Kolkata,3.7
C01483,22,Female,Beauty,Face Cream,1339.69,5,No,Inactive,Cash,2024-09-11,Chennai,5.0
C01281,51,Female,Beauty,Lipstick,301.38,1,No,Inactive,UPI,2024-11-05,Jaipur,5.0
C00050,30,Female,Electronics,Smartphone,89242.5,1,Yes,Inactive,UPI,2024-02-20,Bengaluru,3.5
C01629,19,Male,Sports,Football,947.62,1,No,Inactive,Credit Card,2024-04-02,Mumbai,4.7
C01322,63,Male,Clothing,Sneakers,701.3,4,No,Active,Net Banking,2025-07-27,Jaipur,4.7
C00233,27,Female,Home & Kitchen,Lamp,5572.37,3,Yes,Inactive,UPI,2024-01-22,Pune,3.4
C01272,19,Female,Clothing,T-Shirt,3225.27,1,Yes,Inactive,Credit Card,2025-01-13,Chennai,4.7
C01317,45,Male,Beauty,Face Cream,1543.63,1,No,Active,Credit Card,2024-11-06,Bengaluru,4.6
C01814,47,Male,Home & Kitchen,Coffee Maker,3279.04,1,No,Inactive,Credit Card,2025-01-23,Ahmedabad,3.7
C01946,35,Female,Clothing,Jacket,2086.87,2,Yes,Active,Credit Card,2024-03-05,Delhi,3.2
C01330,26,Male,Home & Kitchen,Cookware,2769.18,3,No,Inactive,Credit Card,2025-12-18,Jaipur,4.4
C00855,53,Other,Beauty,Lipstick,308.82,5,No,Inactive,Cash,2025-09-01,Pune,4.1
C00251,40,Female,Home & Kitchen,Storage Box,10142.62,2,No,Inactive,Debit Card,2024-08-15,Pune,4.7
C00929,54,Female,Clothing,Jacket,4983.36,2,Yes,Active,Credit Card,2025-05-17,Jaipur,3.8
C01527,44,Female,Electronics,Speaker,5666.8,2,No,Inactive,Net Banking,2024-05-27,Chennai,4.3
C01625,32,Female,Beauty,Lipstick,992.67,1,No,Active,Credit Card,2025-09-05,Delhi,3.8
C00050,35,Male,Sports,Yoga Mat,7862.8,3,No,Inactive,Cash,2024-05-30,Bengaluru,4.8
C01706,56,Male,Sports,Football,1608.73,4,No,Inactive,UPI,2024-02-19,Chandigarh,5.0
C00111,57,Female,Books,Technology,1600.83,3,No,Active,Credit Card,2025-01-20,Delhi,3.5
C01120,62,Male,Home & Kitchen,Cookware,3074.18,1,No,Active,UPI,2025-09-16,Jaipur,5.0
C01318,33,Male,Electronics,Laptop,28486.86,3,No,Active,Debit Card,2025-05-14,Delhi,4.4
C01119,34,Male,Sports,Dumbbells,3161.71,1,No,Inactive,UPI,2025-12-07,Mumbai,3.4
C01123,33,Male,Beauty,Face Cream,4285.16,5,No,Active,Debit Card,2025-06-10,Mumbai,3.4
C00503,19,Female,Home & Kitchen,Coffee Maker,9040.45,2,No,Active,UPI,2024-04-26,Delhi,3.7
C01939,43,Female,Clothing,Dress,1708.38,2,No,Inactive,Credit Card,2025-11-26,Ahmedabad,3.7
C00702,37,Male,Clothing,Jacket,1706.37,1,No,Inactive,Credit Card,2024-03-27,Chennai,3.4
C01049,21,Male,Books,Business,1835.75,1,No,Inactive,UPI,2024-12-03,Bengaluru,4.3
C00997,63,Female,Home & Kitchen,Storage Box,347.31,2,No,Inactive,Net Banking,2024-11-18,Bengaluru,4.2
C01238,21,Female,Books,Business,1899.08,5,No,Inactive,Credit Card,2025-11-09,Bengaluru,4.1
C00845,19,Male,Electronics,Smartphone,52882.64,2,Yes,Inactive,Cash,2025-09-10,Bengaluru,3.6
C01108,64,Female,Clothing,T-Shirt,4295.64,3,Yes,Active,Credit Card,2025-05-17,Bengaluru,4.7
C00493,32,Male,Clothing,T-Shirt,396.44,1,Yes,Active,Debit Card,2025-12-03,Hyderabad,4.8
C00637,26,Female,Home & Kitchen,Lamp,7365.04,5,No,Inactive,Credit Card,2024-11-23,Chennai,3.7
C00798,45,Female,Electronics,Speaker,44191.48,5,No,Inactive,Credit Card,2024-12-13,Ahmedabad,4.7
C01767,44,Female,Electronics,Laptop,962.37,4,No,Inactive,UPI,2025-12-05,Ahmedabad,3.5
C00339,59,Female,Clothing,Jacket,1763.19,1,Yes,Active,Wallet,2025-06-17,Jaipur,3.4
C00025,59,Female,Books,Technology,344.48,1,No,Active,Net Banking,2024-01-13,Chennai,3.0
C00045,54,Male,Clothing,Sneakers,812.01,1,No,Inactive,Credit Card,2025-08-07,Kolkata,4.1
C00402,21,Male,Sports,Running Shoes,2858.19,2,Yes,Inactive,Debit Card,2025-11-17,Jaipur,3.1
C00485,20,Female,Electronics,Headphones,19936.5,3,No,Active,Debit Card,2024-04-18,Ahmedabad,4.2
C00208,57,Male,Beauty,Lipstick,1743.96,1,No,Inactive,Debit Card,2024-04-27,Jaipur,4.4
C00072,45,Female,Books,Comics,1628.77,1,Yes,Inactive,Net Banking,2024-07-12,Bengaluru,3.4
C00632,46,Male,Electronics,Laptop,72510.46,2,No,Inactive,Credit Card,2024-06-25,Delhi,3.6
C01946,38,Male,Home & Kitchen,Bedsheet,7564.49,1,Yes,Inactive,Debit Card,2024-11-07,Ahmedabad,4.0
C01261,43,Female,Books,Self-Help,717.91,1,No,Inactive,Net Banking,2024-11-25,Mumbai,5.0
C01313,64,Female,Clothing,T-Shirt,1186.23,4,No,Inactive,Wallet,2024-09-27,Mumbai,3.7
C01875,20,Female,Clothing,Jeans,1609.51,4,Yes,Inactive,UPI,2024-08-09,Hyderabad,4.1
C00085,25,Male,Beauty,Skin Serum,4180.02,1,No,Inactive,Wallet,2025-05-28,Ahmedabad,3.1
C01926,23,Female,Home & Kitchen,Coffee Maker,3818.5,2,Yes,Inactive,Net Banking,2025-03-01,Chennai,4.4
C01425,31,Female,Home & Kitchen,Bedsheet,2128.07,2,No,Active,UPI,2025-07-12,Jaipur,3.4
C01923,43,Female,Home & Kitchen,Coffee Maker,12139.27,2,No,Inactive,Debit Card,2025-04-24,Ahmedabad,4.0
C01169,49,Other,Clothing,T-Shirt,2367.5,2,No,Inactive,Debit Card,2024-08-05,Pune,3.3
C00679,48,Female,Clothing,T-Shirt,3709.07,2,Yes,Inactive,Net Banking,2025-01-20,Chennai,4.5
C00301,28,Male,Sports,Cricket Bat,7521.68,3,No,Inactive,Debit Card,2024-11-14,Mumbai,3.4
C00718,58,Female,Electronics,Laptop,83290.75,2,No,Active,Cash,2025-11-04,Mumbai,4.5
C01854,36,Female,Electronics,Smartwatch,6499.47,2,No,Active,Debit Card,2024-05-03,Jaipur,4.1
C01185,34,Male,Electronics,Headphones,8937.49,3,No,Inactive,UPI,2025-12-08,Hyderabad,3.5
C01878,37,Other,Electronics,Headphones,50368.65,2,No,Inactive,Debit Card,2024-11-01,Jaipur,3.0
C01636,24,Female,Clothing,T-Shirt,4933.92,1,No,Active,UPI,2024-08-11,Chennai,3.8
C01287,40,Male,Sports,Dumbbells,4399.26,4,Yes,Active,UPI,2024-01-19,Chandigarh,4.7
C01114,35,Male,Books,Fiction,366.48,1,Yes,Inactive,Debit Card,2024-04-14,Mumbai,3.0
C00763,61,Female,Electronics,Smartwatch,69039.1,3,No,Inactive,Credit Card,2024-05-10,Chennai,4.3
C01789,37,Male,Beauty,Lipstick,1971.61,2,Yes,Inactive,UPI,2025-11-03,Chennai,5.0
C00241,61,Male,Beauty,Perfume,2799.09,1,Yes,Active,Wallet,2024-04-18,Mumbai,4.6
C00013,58,Other,Electronics,Laptop,17914.75,1,No,Inactive,Wallet,2024-06-04,Hyderabad,3.4
C01457,19,Female,Books,Comics,671.93,2,No,Inactive,UPI,2024-08-01,Mumbai,5.0
C01660,24,Female,Sports,Running Shoes,1652.31,5,No,Inactive,Cash,2025-02-07,Pune,3.9
C01470,65,Other,Home & Kitchen,Storage Box,2490.95,2,No,Inactive,Debit Card,2025-10-11,Bengaluru,3.1
C00298,50,Female,Books,Comics,1348.19,5,No,Inactive,Debit Card,2025-03-03,Jaipur,4.5
C00430,34,Male,Beauty,Skin Serum,4602.8,3,Yes,Active,Cash,2024-04-27,Chandigarh,4.2
C00613,25,Male,Clothing,Jeans,4404.21,2,Yes,Inactive,Credit Card,2025-11-14,Kolkata,4.0
C00819,42,Female,Clothing,Jeans,789.1,3,No,Active,UPI,2024-04-27,Bengaluru,3.1
C01231,23,Male,Books,Technology,568.39,5,No,Inactive,Cash,2024-07-12,Mumbai,5.0
C01368,50,Male,Clothing,Dress,4402.19,3,No,Inactive,Credit Card,2025-06-16,Ahmedabad,3.9
C01748,43,Female,Beauty,Lipstick,3851.12,1,No,Inactive,Debit Card,2024-12-12,Jaipur,5.0
C00020,35,Male,Home & Kitchen,Storage Box,7372.28,3,No,Inactive,Credit Card,2024-09-21,Delhi,4.4
C01320,20,Female,Sports,Yoga Mat,3015.73,1,No,Active,UPI,2024-09-01,Jaipur,3.6
C01308,49,Male,Clothing,Sneakers,4865.9,4,Yes,Active,Credit Card,2024-07-25,Kolkata,4.8
C01114,22,Female,Clothing,T-Shirt,3438.77,1,Yes,Active,UPI,2024-01-16,Chandigarh,4.5
C00250,26,Male,Sports,Running Shoes,1784.61,3,Yes,Inactive,Debit Card,2024-01-31,Delhi,3.5
C00452,26,Male,Clothing,Dress,4624.56,1,Yes,Inactive,Credit Card,2025-03-12,Hyderabad,3.9
C00776,33,Female,Books,Business,1655.85,3,No,Inactive,UPI,2024-11-22,Mumbai,3.9
C00251,34,Male,Home & Kitchen,Bedsheet,2408.22,3,Yes,Inactive,Debit Card,2024-11-06,Jaipur,4.6
C00311,53,Other,Clothing,Dress,4212.72,1,No,Active,Net Banking,2024-07-07,Mumbai,4.6
C01150,21,Female,Sports,Yoga Mat,6317.89,3,No,Inactive,Cash,2025-09-30,Ahmedabad,3.4
C00021,48,Female,Home & Kitchen,Coffee Maker,3009.07,1,No,Inactive,Cash,2024-07-06,Delhi,4.4
C01704,60,Female,Sports,Football,6762.2,1,No,Inactive,Debit Card,2024-12-15,Jaipur,4.6
C00951,38,Female,Clothing,Jeans,4259.12,2,Yes,Inactive,Wallet,2025-05-16,Mumbai,3.1
C00288,44,Male,Clothing,Sneakers,4631.34,1,No,Active,Credit Card,2025-09-09,Pune,4.9
C00902,36,Female,Beauty,Shampoo,3014.13,1,No,Inactive,Cash,2024-05-20,Mumbai,4.0
C01416,48,Male,Clothing,Jacket,1234.51,3,Yes,Active,Wallet,2024-03-14,Bengaluru,4.1
C01010,36,Male,Home & Kitchen,Coffee Maker,12550.22,1,No,Inactive,Net Banking,2025-07-06,Pune,3.3
C01214,55,Male,Beauty,Face Cream,2068.18,1,Yes,Active,Net Banking,2024-06-23,Chennai,3.7
C01235,37,Female,Electronics,Laptop,87678.62,3,Yes,Active,Debit Card,2025-12-27,Pune,3.8
C01416,34,Female,Sports,Dumbbells,7729.02,2,Yes,Inactive,Wallet,2025-03-11,Ahmedabad,4.3
C01142,47,Male,Beauty,Lipstick,4290.51,2,No,Inactive,Wallet,2024-05-05,Hyderabad,3.6
C00128,61,Female,Books,Comics,182.15,3,No,Active,Wallet,2024-01-13,Bengaluru,5.0
C01707,50,Male,Clothing,Jeans,1160.43,1,Yes,Inactive,UPI,2024-11-02,Pune,2.6
C01436,59,Female,Books,Self-Help,1595.9,1,Yes,Inactive,Credit Card,2024-05-10,Pune,4.0
C01338,56,Female,Electronics,Laptop,88816.6,5,No,Inactive,Cash,2024-09-14,Pune,4.4
C01215,51,Female,Clothing,Jacket,1954.55,2,No,Active,UPI,2024-05-20,Ahmedabad,3.1
C01712,45,Male,Clothing,T-Shirt,796.61,2,No,Inactive,Credit Card,2025-05-20,Chandigarh,4.2
C00215,51,Female,Clothing,Sneakers,2065.03,1,Yes,Active,Cash,2025-05-27,Chandigarh,4.9
C00519,46,Male,Home & Kitchen,Lamp,9269.01,1,No,Inactive,Credit Card,2024-07-08,Jaipur,1.9
C00897,65,Male,Electronics,Laptop,41975.55,2,No,Inactive,UPI,2024-04-28,Chennai,4.1
C01623,52,Female,Beauty,Face Cream,4983.88,1,No,Inactive,UPI,2024-04-28,Pune,4.6
C00397,27,Male,Sports,Dumbbells,9316.53,1,Yes,Inactive,Credit Card,2025-04-10,Hyderabad,5.0
C00960,43,Female,Beauty,Face Cream,1193.53,5,No,Inactive,UPI,2024-08-25,Jaipur,5.0
C01404,43,Male,Electronics,Smartphone,14341.81,2,No,Inactive,Wallet,2024-10-21,Hyderabad,4.3
C00272,40,Female,Beauty,Perfume,2610.06,2,Yes,Inactive,Debit Card,2025-01-03,Chandigarh,3.1
C01961,27,Female,Electronics,Headphones,2903.24,1,No,Inactive,UPI,2025-12-27,Chandigarh,5.0
C01087,20,Male,Electronics,Smartphone,11009.91,4,No,Inactive,Debit Card,2024-04-07,Chandigarh,
C01159,24,Other,Electronics,Smartphone,13601.64,5,Yes,Inactive,UPI,2024-01-27,Mumbai,4.2
C00325,56,Female,Sports,Yoga Mat,7204.6,2,Yes,Inactive,UPI,2024-02-15,Chennai,4.0
C01180,49,Female,Sports,Dumbbells,3099.77,1,Yes,Inactive,Debit Card,2024-02-11,Hyderabad,4.6
C00742,19,Female,Books,Business,1778.78,1,No,Active,Debit Card,2024-10-05,Hyderabad,4.1
C01505,54,Female,Sports,Dumbbells,5456.84,2,No,Active,Credit Card,2024-01-22,Jaipur,4.3
C00944,25,Male,Books,Technology,1466.95,4,No,Inactive,Credit Card,2025-09-07,Ahmedabad,4.0
C00018,21,Male,Clothing,Jacket,1054.91,4,No,Inactive,Credit Card,2024-12-13,Kolkata,3.9
C01930,44,Male,Clothing,Jacket,4041.71,3,No,Inactive,UPI,2024-05-12,Chennai,4.5
C00511,22,Female,Sports,Yoga Mat,3826.95,2,No,Inactive,Credit Card,2025-01-30,Chandigarh,2.4
C01929,27,Female,Sports,Yoga Mat,5331.42,1,No,Inactive,UPI,2024-09-09,Ahmedabad,4.0
C01393,41,Female,Home & Kitchen,Cookware,5260.95,3,No,Inactive,Net Banking,2024-10-20,Jaipur,4.0
C00012,38,Male,Home & Kitchen,Bedsheet,1055.19,3,Yes,Inactive,Debit Card,2024-03-09,Delhi,3.4
C00746,31,Female,Electronics,Smartphone,89779.88,4,No,Inactive,Credit Card,2025-08-24,Jaipur,3.8
C01770,28,Female,Electronics,Smartphone,31723.64,1,No,Inactive,UPI,2024-03-29,Kolkata,3.0
C01882,43,Male,Beauty,Perfume,3403.09,3,No,Active,Debit Card,2025-08-14,Pune,4.8
C00695,62,Male,Sports,Football,7486.15,2,No,Inactive,UPI,2024-04-21,Mumbai,4.2
C00975,45,Female,Clothing,Jeans,4694.82,2,Yes,Active,Credit Card,2024-06-03,Bengaluru,4.8
C00855,33,Male,Clothing,Jacket,4009.62,2,Yes,Inactive,UPI,2024-09-30,Kolkata,4.2
C00324,54,Female,Clothing,T-Shirt,1805.78,4,No,Active,UPI,2024-02-17,Bengaluru,4.1
C00699,36,Female,Electronics,Headphones,15573.82,1,Yes,Active,UPI,2025-01-26,Ahmedabad,5.0
C00156,21,Male,Electronics,Smartwatch,65866.67,3,Yes,Inactive,Net Banking,2024-07-02,Ahmedabad,4.5
C00019,43,Female,Electronics,Speaker,22511.89,2,No,Inactive,Debit Card,2025-06-16,Bengaluru,3.6
C00073,59,Female,Home & Kitchen,Storage Box,14413.11,1,No,Inactive,Debit Card,2024-12-06,Pune,4.7
C00280,42,Female,Books,Comics,840.58,3,Yes,Active,Credit Card,2024-04-11,Kolkata,3.8
C01304,54,Male,Home & Kitchen,Bedsheet,9982.93,4,No,Active,Net Banking,2024-07-05,Hyderabad,4.6
C00187,40,Female,Electronics,Smartwatch,44304.79,5,No,Active,Debit Card,2024-10-15,Ahmedabad,4.1
C01560,20,Male,Clothing,T-Shirt,4238.05,3,Yes,Active,UPI,2024-05-19,Chandigarh,3.8
C01441,29,Female,Electronics,Speaker,69071.87,1,Yes,Inactive,Credit Card,2025-02-15,Mumbai,3.5
C00999,46,Male,Electronics,Laptop,33518.88,3,No,Active,UPI,2024-12-24,Hyderabad,5.0
C01292,46,Male,Home & Kitchen,Storage Box,4425.72,1,No,Active,Credit Card,2024-06-15,Kolkata,3.9
C01399,32,Female,Sports,Football,3891.4,1,No,Inactive,Debit Card,2024-05-30,Jaipur,5.0
C00445,25,Female,Electronics,Smartwatch,29963.58,4,Yes,Active,Debit Card,2024-03-25,Kolkata,4.7
C00869,57,Female,Sports,Cricket Bat,7788.68,1,Yes,Active,UPI,2024-05-09,Delhi,4.3
C00544,47,Male,Clothing,Jeans,4293.43,3,No,Active,Cash,2025-04-12,Chennai,3.6
C01113,52,Female,Sports,Yoga Mat,4172.69,2,Yes,Inactive,Credit Card,2025-12-04,Chennai,4.4
C00403,37,Other,Clothing,Jeans,4543.65,3,No,Inactive,Cash,2025-06-06,Chennai,2.8
C00119,30,Female,Beauty,Shampoo,1178.29,1,No,Active,UPI,2025-01-05,Bengaluru,4.8
C00973,56,Male,Clothing,Sneakers,1288.99,1,No,Inactive,Credit Card,2024-07-29,Pune,4.3
C00564,30,Male,Home & Kitchen,Lamp,9687.37,2,No,Active,UPI,2024-11-26,Delhi,3.5
C01444,41,Male,Electronics,Smartphone,42837.61,1,Yes,Inactive,Debit Card,2024-01-31,Jaipur,4.3
C00290,35,Male,Home & Kitchen,Coffee Maker,6443.5,2,No,Inactive,UPI,2024-06-28,Chandigarh,4.9
C01175,34,Male,Clothing,T-Shirt,3051.52,3,No,Inactive,UPI,2024-12-18,Chandigarh,4.5
C00789,61,Female,Electronics,Smartphone,31706.07,3,Yes,Active,UPI,2025-05-22,Ahmedabad,4.6
C01860,47,Male,Home & Kitchen,Coffee Maker,13577.57,1,Yes,Inactive,Cash,2025-11-23,Mumbai,3.7
C01614,48,Male,Beauty,Shampoo,4813.3,2,No,Inactive,UPI,2025-03-07,Chennai,5.0
C01365,32,Male,Books,Comics,1900.07,1,No,Inactive,Net Banking,2024-06-20,Hyderabad,4.2
C00447,55,Male,Sports,Running Shoes,4284.83,1,No,Inactive,Cash,2024-08-23,Bengaluru,4.5
C01982,23,Female,Home & Kitchen,Bedsheet,5718.05,2,No,Active,Debit Card,2025-11-09,Chandigarh,4.4
C01461,23,Female,Beauty,Perfume,4102.39,5,Yes,Inactive,Debit Card,2024-06-07,Jaipur,3.8
C01447,34,Female,Sports,Football,10536.83,2,No,Active,UPI,2025-02-10,Chennai,1.8
C01463,20,Female,Clothing,Jeans,4836.52,5,No,Inactive,Debit Card,2025-03-05,Chandigarh,2.3
C00906,22,Female,Sports,Football,3342.16,4,Yes,Inactive,UPI,2024-03-22,Delhi,3.1
C01664,24,Other,Books,Business,1519.36,2,Yes,Inactive,Credit Card,2024-03-17,Kolkata,2.9
C01066,54,Male,Beauty,Perfume,1080.21,2,No,Active,UPI,2025-04-02,Pune,4.3
C01597,21,Female,Beauty,Face Cream,1853.24,1,Yes,Inactive,Debit Card,2025-04-29,Jaipur,4.9
C00555,53,Female,Clothing,T-Shirt,4624.46,1,No,Active,Credit Card,2024-06-20,Bengaluru,3.4
C01941,63,Female,Electronics,Smartwatch,83420.63,4,No,Inactive,Debit Card,2025-09-12,Delhi,4.5
C01900,54,Male,Clothing,Jacket,3820.36,1,No,Inactive,UPI,2025-10-03,Hyderabad,2.5
C01925,65,Male,Sports,Cricket Bat,5179.11,2,Yes,Inactive,Credit Card,2024-06-17,Ahmedabad,3.9
C01437,39,Female,Clothing,Jacket,303.31,2,Yes,Inactive,UPI,2025-02-09,Chandigarh,4.9
C00414,23,Male,Sports,Running Shoes,10016.47,1,Yes,Inactive,Cash,2025-07-20,Pune,5.0
C01370,46,Female,Electronics,Headphones,7126.73,1,No,Active,Credit Card,2025-01-27,Delhi,3.2
C00171,63,Male,Clothing,Sneakers,3622.62,1,Yes,Inactive,Cash,2025-05-02,Chennai,4.4
C00416,48,Male,Clothing,T-Shirt,516.84,2,No,Inactive,Debit Card,2025-05-12,Chennai,3.0
C01412,40,Female,Electronics,Laptop,35127.64,2,Yes,Inactive,Net Banking,2025-07-03,Jaipur,5.0
C01754,38,Male,Clothing,T-Shirt,1775.0,4,No,Active,Debit Card,2024-08-30,Bengaluru,5.0
C01760,24,Male,Sports,Football,1435.78,1,Yes,Inactive,UPI,2025-10-27,Bengaluru,3.8
C01074,37,Female,Sports,Football,9512.09,1,No,Inactive,Credit Card,2025-01-01,Mumbai,3.6
C01260,28,Female,Home & Kitchen,Bedsheet,4536.64,3,Yes,Inactive,Debit Card,2024-07-24,Jaipur,4.4
C01193,50,Male,Clothing,Sneakers,1795.55,2,Yes,Inactive,Net Banking,2025-07-16,Jaipur,4.2
C00616,53,Male,Electronics,Smartphone,24015.06,1,No,Inactive,Cash,2024-06-28,Hyderabad,4.5
C01674,20,Male,Home & Kitchen,Cookware,12842.68,3,No,Active,Credit Card,2024-05-04,Pune,4.9
C00660,58,Male,Clothing,T-Shirt,4000.09,1,No,Active,Net Banking,2024-03-15,Hyderabad,
C00114,40,Male,Electronics,Headphones,59130.18,1,Yes,Active,UPI,2024-04-03,Kolkata,3.5
C01625,62,Male,Clothing,Jacket,1659.56,4,No,Inactive,Credit Card,2025-04-30,Ahmedabad,5.0
C01929,25,Female,Clothing,T-Shirt,4510.22,2,No,Active,Credit Card,2025-11-25,Delhi,4.7
C01657,60,Female,Electronics,Smartwatch,20907.5,2,Yes,Active,UPI,2025-11-21,Ahmedabad,2.6
C00332,61,Female,Clothing,Jacket,2913.07,1,Yes,Inactive,UPI,2024-08-06,Bengaluru,4.0
C00763,60,Female,Electronics,Headphones,18470.35,1,No,Inactive,Cash,2024-03-06,Delhi,3.3
C01307,58,Female,Sports,Dumbbells,7884.25,1,Yes,Active,Debit Card,2024-02-28,Delhi,4.0
C01395,30,Female,Clothing,T-Shirt,3444.8,3,No,Inactive,Credit Card,2024-03-09,Pune,5.0
C00153,53,Male,Home & Kitchen,Lamp,2653.25,1,No,Inactive,Debit Card,2025-05-08,Hyderabad,3.3
C01503,24,Male,Electronics,Laptop,73851.58,1,No,Inactive,Credit Card,2024-08-22,Pune,4.2
C01543,30,Female,Beauty,Perfume,284.05,5,No,Active,Net Banking,2025-10-02,Hyderabad,4.2
C01406,30,Male,Sports,Football,11591.46,2,No,Active,Credit Card,2024-01-14,Chandigarh,3.9
C01638,45,Female,Sports,Dumbbells,9258.76,1,No,Active,Credit Card,2024-01-03,Pune,3.9
C01864,36,Male,Home & Kitchen,Cookware,9121.12,2,No,Inactive,Credit Card,2025-07-11,Kolkata,4.2
C01638,40,Female,Home & Kitchen,Lamp,9628.28,1,No,Active,Credit Card,2024-10-19,Mumbai,5.0
C00871,48,Male,Home & Kitchen,Bedsheet,7222.07,2,No,Active,Wallet,2024-02-15,Pune,4.1
C01212,22,Female,Clothing,Jacket,2279.78,1,Yes,Inactive,Debit Card,2024-06-25,Delhi,3.9
C01751,58,Female,Clothing,Sneakers,352.67,5,No,Inactive,Wallet,2025-03-07,Bengaluru,3.8
C00507,39,Female,Home & Kitchen,Storage Box,3548.86,5,Yes,Active,Credit Card,2024-03-24,Mumbai,4.2
C00961,34,Male,Electronics,Laptop,14432.21,3,No,Active,Wallet,2024-03-09,Bengaluru,4.0
C01653,45,Male,Sports,Yoga Mat,6696.7,1,No,Active,UPI,2025-05-28,Chennai,5.0
C00883,32,Other,Beauty,Face Cream,2809.73,1,Yes,Inactive,Credit Card,2025-12-12,Chennai,4.4
C00688,35,Female,Sports,Dumbbells,1906.26,2,Yes,Inactive,Debit Card,2025-04-17,Mumbai,4.4
C00582,21,Male,Electronics,Speaker,15871.72,2,No,Inactive,Debit Card,2024-06-19,Ahmedabad,3.7
C01800,21,Other,Clothing,Dress,2639.41,1,No,Inactive,Net Banking,2025-06-23,Jaipur,4.8
C00492,39,Male,Beauty,Shampoo,2782.47,1,Yes,Active,UPI,2025-03-19,Bengaluru,4.1
C00195,25,Female,Home & Kitchen,Cookware,13785.51,3,No,Inactive,Credit Card,2024-11-02,Ahmedabad,4.0
C00736,57,Female,Beauty,Lipstick,2786.38,2,No,Active,Cash,2025-03-21,Bengaluru,4.9
C00527,60,Male,Clothing,Jacket,3573.6,1,No,Inactive,Debit Card,2024-11-04,Bengaluru,3.5
C00459,49,Male,Books,Business,930.2,1,No,Active,Debit Card,2025-08-18,Jaipur,3.6
C00306,25,Male,Home & Kitchen,Storage Box,2598.36,2,No,Inactive,Credit Card,2024-11-13,Hyderabad,3.7
C01208,34,Female,Beauty,Face Cream,727.44,1,No,Active,Net Banking,2024-08-25,Hyderabad,4.3
C01205,64,Female,Sports,Football,1074.76,2,No,Inactive,Debit Card,2024-11-25,Ahmedabad,4.1
C00315,56,Female,Beauty,Shampoo,1874.67,2,No,Inactive,UPI,2024-10-21,Ahmedabad,3.4
C01585,46,Female,Clothing,Sneakers,2491.15,2,Yes,Inactive,Credit Card,2025-07-14,Chandigarh,4.3
C00173,23,Male,Clothing,Sneakers,652.91,3,No,Inactive,UPI,2025-04-04,Chennai,4.0
C01036,41,Female,Home & Kitchen,Lamp,11454.19,2,Yes,Inactive,UPI,2025-03-23,Pune,4.5
C01732,63,Male,Home & Kitchen,Coffee Maker,5836.4,3,No,Inactive,Debit Card,2025-08-13,Mumbai,4.0
C00405,50,Male,Clothing,Sneakers,1681.87,2,No,Inactive,Wallet,2024-02-14,Hyderabad,
C01744,32,Male,Beauty,Shampoo,3876.82,1,Yes,Inactive,Debit Card,2024-03-16,Ahmedabad,4.0
C01362,65,Female,Beauty,Shampoo,1659.01,1,Yes,Inactive,UPI,2025-01-13,Pune,2.7
C01549,40,Female,Beauty,Skin Serum,4889.49,1,Yes,Active,Debit Card,2024-08-31,Jaipur,4.4
C00781,31,Male,Home & Kitchen,Lamp,3499.82,1,Yes,Active,UPI,2025-11-24,Mumbai,4.3
C01123,18,Male,Home & Kitchen,Cookware,13149.55,1,No,Active,UPI,2024-06-03,Pune,
C00126,65,Male,Books,Business,1979.12,3,No,Inactive,UPI,2024-01-16,Chandigarh,3.9
C01363,36,Male,Beauty,Shampoo,3113.27,5,No,Inactive,Credit Card,2025-09-04,Kolkata,3.0
C01361,25,Male,Books,Business,1461.58,2,Yes,Active,Cash,2024-03-11,Kolkata,3.5
C01816,49,Female,Electronics,Smartphone,12863.65,1,No,Inactive,Debit Card,2024-10-25,Hyderabad,3.6
C00222,34,Male,Home & Kitchen,Bedsheet,8329.21,1,Yes,Inactive,Credit Card,2025-09-12,Jaipur,3.9
C00019,42,Female,Books,Comics,1636.05,2,No,Inactive,Debit Card,2024-10-29,Kolkata,4.1
C01036,22,Male,Books,Self-Help,1398.14,1,No,Active,UPI,2024-02-13,Mumbai,4.5
C00090,21,Female,Home & Kitchen,Lamp,13740.15,1,Yes,Inactive,Cash,2025-04-02,Delhi,4.3
C01896,59,Female,Home & Kitchen,Coffee Maker,2236.29,2,Yes,Inactive,Cash,2024-12-09,Chennai,5.0
C01464,33,Male,Sports,Yoga Mat,1846.94,2,No,Inactive,Debit Card,2024-10-05,Jaipur,4.1
C01306,44,Female,Electronics,Laptop,81108.47,1,No,Active,UPI,2024-05-18,Delhi,5.0
C00450,36,Male,Books,Self-Help,1538.3,2,No,Active,Debit Card,2024-03-23,Bengaluru,3.2
C00925,59,Male,Electronics,Smartwatch,50118.75,1,No,Inactive,Cash,2024-09-04,Bengaluru,2.5
C00572,22,Male,Books,Self-Help,1647.74,2,No,Inactive,UPI,2024-09-24,Chandigarh,2.7
C01388,43,Female,Beauty,Perfume,4866.21,4,Yes,Inactive,Wallet,2024-10-28,Chennai,4.0
C00019,53,Male,Clothing,Sneakers,1321.96,1,No,Inactive,Credit Card,2024-03-25,Chennai,3.5
C00775,37,Female,Books,Technology,1408.11,1,No,Inactive,Wallet,2025-01-14,Pune,3.3
C01643,35,Female,Beauty,Perfume,4418.69,1,No,Inactive,Credit Card,2025-11-10,Delhi,3.1
C00921,29,Male,Clothing,Jacket,4655.22,2,Yes,Active,Credit Card,2025-10-29,Chandigarh,5.0
C00384,36,Female,Electronics,Headphones,10612.09,5,No,Inactive,Debit Card,2024-02-20,Jaipur,3.5
C00693,34,Female,Home & Kitchen,Coffee Maker,10574.64,3,No,Active,Cash,2025-12-12,Ahmedabad,3.9
C01209,63,Female,Home & Kitchen,Storage Box,585.18,2,No,Active,Cash,2024-09-03,Mumbai,4.1
C01320,30,Female,Books,Business,890.76,2,Yes,Inactive,Net Banking,2024-05-05,Delhi,3.5
C00832,44,Male,Beauty,Skin Serum,3906.27,1,No,Active,UPI,2024-02-25,Kolkata,4.8
C00273,40,Female,Sports,Cricket Bat,5164.02,1,Yes,Active,Debit Card,2024-08-31,Ahmedabad,4.5
C00530,39,Female,Electronics,Smartphone,15630.41,1,Yes,Active,Credit Card,2024-08-29,Kolkata,4.5
C01098,46,Male,Beauty,Shampoo,2754.91,2,No,Inactive,Credit Card,2025-09-05,Pune,4.8
C00605,33,Male,Beauty,Shampoo,3137.47,2,No,Active,Wallet,2025-02-13,Delhi,2.7
C00366,47,Female,Sports,Cricket Bat,842.39,1,No,Inactive,Net Banking,2025-06-26,Delhi,4.7
C00518,21,Female,Beauty,Lipstick,4430.05,1,Yes,Inactive,Debit Card,2025-10-14,Chennai,3.5
C01471,30,Male,Beauty,Perfume,3896.92,1,No,Active,Cash,2024-01-16,Chandigarh,4.7
C00420,58,Female,Clothing,Sneakers,2899.39,2,No,Active,Credit Card,2025-01-19,Mumbai,
C00544,24,Male,Electronics,Laptop,67261.59,1,No,Active,Credit Card,2025-07-30,Hyderabad,4.4
C01848,19,Male,Home & Kitchen,Cookware,7405.08,1,Yes,Inactive,Debit Card,2024-08-13,Ahmedabad,4.2
C00389,53,Female,Beauty,Perfume,4375.1,2,No,Inactive,Debit Card,2024-06-24,Pune,5.0
C01446,33,Female,Electronics,Headphones,12786.02,1,No,Inactive,Net Banking,2024-02-26,Mumbai,5.0
C01959,65,Male,Electronics,Smartphone,83025.67,2,Yes,Inactive,Wallet,2025-06-20,Chennai,5.0
C01882,65,Female,Home & Kitchen,Lamp,8225.49,3,No,Inactive,Credit Card,2024-12-21,Kolkata,3.9
C01295,65,Female,Clothing,Sneakers,3581.58,2,No,Active,Debit Card,2024-04-07,Chennai,3.6
C00283,19,Male,Electronics,Headphones,83693.65,3,Yes,Inactive,Credit Card,2025-03-12,Hyderabad,3.9
C00102,37,Other,Clothing,T-Shirt,1041.43,2,No,Active,UPI,2025-03-11,Chennai,4.8
C00519,23,Female,Clothing,Dress,1490.6,1,No,Inactive,Debit Card,2024-04-14,Pune,4.9
C00934,44,Male,Books,Comics,306.19,2,No,Active,Wallet,2025-06-14,Chandigarh,4.5
C01318,38,Male,Books,Fiction,639.44,3,No,Inactive,UPI,2025-12-14,Delhi,4.9
C01421,53,Male,Beauty,Face Cream,1829.45,1,Yes,Inactive,Net Banking,2024-08-08,Chandigarh,5.0
C00368,34,Female,Beauty,Shampoo,4276.66,3,Yes,Inactive,Net Banking,2025-03-09,Pune,4.3
C01717,37,Female,Electronics,Smartwatch,18581.38,2,No,Inactive,Debit Card,2024-02-03,Kolkata,3.5
C00981,37,Male,Electronics,Headphones,89640.08,1,Yes,Active,Debit Card,2025-05-16,Bengaluru,3.1
C01636,37,Female,Beauty,Shampoo,314.91,3,No,Active,Cash,2025-09-29,Mumbai,3.1
C00271,56,Female,Books,Fiction,329.21,1,Yes,Active,Debit Card,2025-12-13,Kolkata,4.8
C01036,37,Female,Sports,Cricket Bat,6341.03,5,No,Inactive,Wallet,2025-03-04,Pune,4.5
C01013,58,Female,Clothing,Jeans,2506.39,2,Yes,Inactive,Net Banking,2024-04-23,Mumbai,5.0
C00918,55,Female,Home & Kitchen,Coffee Maker,6471.34,3,No,Active,UPI,2024-03-23,Chennai,3.0
C01713,65,Female,Home & Kitchen,Bedsheet,9222.9,1,Yes,Inactive,UPI,2025-07-29,Chandigarh,3.1
C01356,26,Male,Beauty,Perfume,597.05,2,Yes,Inactive,Cash,2025-01-25,Hyderabad,4.4
C01810,35,Female,Sports,Dumbbells,2748.94,3,Yes,Inactive,Credit Card,2024-08-12,Jaipur,4.3
C01253,26,Male,Beauty,Lipstick,2534.32,3,Yes,Active,Wallet,2025-09-04,Jaipur,4.3
C01597,53,Female,Electronics,Speaker,34746.28,1,No,Inactive,UPI,2025-09-07,Mumbai,4.4
C00712,47,Female,Sports,Yoga Mat,11512.07,1,No,Active,Credit Card,2025-12-23,Kolkata,4.2
C01464,44,Female,Sports,Running Shoes,11919.63,1,Yes,Active,UPI,2024-01-28,Chandigarh,3.5
C00956,64,Male,Home & Kitchen,Bedsheet,8046.96,1,Yes,Active,UPI,2025-12-07,Chennai,4.4
C01885,40,Male,Books,Self-Help,267.09,2,No,Inactive,Credit Card,2024-07-24,Bengaluru,5.0
C01470,46,Male,Clothing,Jeans,1196.26,1,Yes,Active,Credit Card,2024-02-12,Pune,5.0
C00481,62,Female,Home & Kitchen,Coffee Maker,11994.96,3,No,Inactive,Cash,2024-04-17,Delhi,5.0
C00091,29,Male,Clothing,Dress,935.0,3,Yes,Inactive,UPI,2025-03-30,Chennai,4.6
C00186,19,Female,Books,Business,1371.63,1,No,Inactive,Debit Card,2024-09-23,Kolkata,4.4
C00831,40,Female,Electronics,Smartwatch,83282.75,2,No,Active,Credit Card,2024-01-19,Chennai,3.9
C01409,37,Male,Clothing,Jeans,2108.43,1,No,Inactive,Debit Card,2024-08-16,Bengaluru,4.5
C01735,24,Male,Electronics,Headphones,60128.1,1,Yes,Inactive,Debit Card,2025-03-16,Chennai,3.9
C00888,34,Male,Clothing,Dress,2425.9,2,No,Inactive,Wallet,2025-04-13,Jaipur,4.9
C00608,24,Male,Electronics,Laptop,10962.12,2,No,Active,Credit Card,2025-04-29,Bengaluru,3.3
C00342,48,Male,Books,Comics,460.39,4,Yes,Inactive,Debit Card,2024-09-21,Chandigarh,3.4
C00224,28,Female,Clothing,Sneakers,3837.71,1,Yes,Active,UPI,2024-03-30,Mumbai,4.9
C01360,37,Male,Sports,Cricket Bat,4087.3,1,Yes,Inactive,Credit Card,2024-08-08,Chennai,3.3
C00038,37,Female,Home & Kitchen,Storage Box,2717.17,2,No,Inactive,Credit Card,2024-06-21,Jaipur,3.7
C00639,30,Male,Books,Business,299.1,1,No,Inactive,UPI,2024-12-04,Hyderabad,4.1
C00435,53,Male,Clothing,Dress,2396.48,2,Yes,Inactive,UPI,2024-11-06,Pune,3.8
C00537,38,Male,Clothing,Jeans,3072.33,4,No,Inactive,Credit Card,2025-07-28,Jaipur,3.8
C01835,42,Female,Electronics,Speaker,43593.08,1,Yes,Active,Wallet,2024-01-03,Pune,4.4
C00869,50,Female,Clothing,Sneakers,1179.13,2,Yes,Active,Debit Card,2024-06-10,Pune,4.1
C00390,57,Male,Sports,Dumbbells,3462.02,3,Yes,Inactive,Cash,2025-12-05,Jaipur,4.1
C01705,41,Male,Clothing,Jeans,4907.67,1,No,Inactive,Cash,2025-04-04,Bengaluru,5.0
C01329,54,Female,Electronics,Smartphone,50742.71,1,Yes,Active,UPI,2024-11-03,Ahmedabad,4.5
C00262,27,Male,Home & Kitchen,Coffee Maker,13426.8,3,No,Active,UPI,2024-11-13,Hyderabad,4.5
C00303,43,Male,Home & Kitchen,Coffee Maker,9242.03,4,No,Inactive,Wallet,2024-12-02,Hyderabad,3.0
C01602,53,Female,Clothing,Jacket,2709.95,1,No,Inactive,UPI,2025-11-04,Jaipur,3.0
C01831,44,Female,Home & Kitchen,Storage Box,9670.89,4,Yes,Inactive,UPI,2024-01-21,Delhi,4.8
C01469,20,Male,Clothing,T-Shirt,2191.12,2,No,Inactive,UPI,2025-06-08,Chennai,5.0
C00523,29,Male,Beauty,Perfume,553.78,1,No,Active,Debit Card,2024-02-24,Chandigarh,4.1
C01678,53,Female,Electronics,Smartphone,53009.54,3,Yes,Active,Credit Card,2025-07-24,Chandigarh,4.4
C00809,35,Male,Sports,Cricket Bat,5922.47,1,Yes,Active,UPI,2024-09-14,Kolkata,4.7
C01364,53,Male,Beauty,Face Cream,1609.53,2,No,Inactive,Debit Card,2025-04-07,Kolkata,4.5
C01791,65,Male,Electronics,Laptop,21384.82,1,Yes,Active,Wallet,2024-08-11,Mumbai,4.1
C01053,35,Female,Electronics,Smartphone,48431.57,1,No,Active,UPI,2025-06-23,Hyderabad,4.6
C01247,60,Male,Clothing,T-Shirt,519.79,2,No,Inactive,UPI,2024-02-01,Kolkata,5.0
C01439,63,Male,Clothing,Dress,1365.33,2,Yes,Active,Wallet,2025-04-02,Kolkata,4.9
C00067,30,Female,Electronics,Laptop,32236.55,2,Yes,Inactive,Cash,2024-07-21,Chandigarh,4.3
C00168,39,Female,Clothing,Dress,2137.96,1,No,Inactive,Cash,2025-05-09,Kolkata,2.4
C00283,51,Female,Beauty,Skin Serum,2807.33,2,Yes,Active,Cash,2025-03-16,Chandigarh,3.1
C00387,21,Male,Home & Kitchen,Lamp,2603.98,1,No,Inactive,Cash,2025-05-09,Delhi,4.6
C01686,54,Male,Clothing,Jacket,1182.91,2,Yes,Inactive,UPI,2025-12-06,Ahmedabad,3.1
C00561,48,Female,Clothing,Sneakers,784.47,3,Yes,Inactive,Wallet,2024-01-28,Pune,4.7
C00231,52,Male,Home & Kitchen,Lamp,859.58,3,No,Active,Debit Card,2024-02-16,Delhi,3.9
C01764,32,Male,Sports,Dumbbells,4341.26,3,Yes,Inactive,Debit Card,2024-04-08,Ahmedabad,4.0
C00790,54,Male,Electronics,Speaker,4766.77,1,No,Inactive,Debit Card,2024-12-07,Delhi,4.6
C00243,19,Male,Clothing,Jeans,3767.87,1,No,Inactive,Debit Card,2025-11-12,Kolkata,4.5
C00154,27,Male,Clothing,Jeans,4433.83,3,No,Inactive,Debit Card,2025-04-30,Delhi,4.2
C00752,54,Female,Electronics,Headphones,67838.16,1,No,Active,UPI,2024-05-14,Bengaluru,4.4
C00913,32,Male,Electronics,Headphones,14404.27,4,Yes,Inactive,Credit Card,2025-04-28,Hyderabad,5.0
C00283,62,Female,Beauty,Perfume,705.9,3,No,Active,Wallet,2024-07-16,Pune,4.0
C00182,51,Male,Beauty,Shampoo,4983.63,3,No,Inactive,UPI,2024-06-23,Bengaluru,4.1
C00586,62,Female,Sports,Cricket Bat,6322.82,1,No,Inactive,Credit Card,2025-07-20,Mumbai,5.0
C00013,65,Male,Electronics,Smartwatch,64114.48,4,Yes,Active,Cash,2024-07-17,Chandigarh,4.1
C01980,60,Female,Books,Technology,661.43,2,No,Inactive,Credit Card,2024-12-06,Jaipur,4.0
C00043,42,Female,Beauty,Face Cream,1782.24,3,No,Active,Credit Card,2025-12-06,Mumbai,4.0
C01524,41,Female,Home & Kitchen,Cookware,9222.48,4,No,Inactive,Debit Card,2025-07-23,Ahmedabad,2.3
C00011,58,Male,Clothing,Jeans,3542.45,2,Yes,Inactive,UPI,2024-10-07,Chennai,4.3
C01687,20,Male,Sports,Cricket Bat,1771.18,1,No,Active,UPI,2024-07-10,Pune,4.6
C00690,30,Male,Electronics,Smartphone,41031.33,1,No,Inactive,UPI,2024-02-19,Pune,4.5
C00108,62,Female,Clothing,Jacket,3880.24,1,Yes,Active,Debit Card,2025-08-12,Chandigarh,4.1
C01528,45,Male,Clothing,Dress,4256.4,2,No,Active,Debit Card,2025-08-13,Bengaluru,3.2
C01824,36,Female,Books,Technology,1408.93,1,No,Active,UPI,2025-09-11,Hyderabad,4.5
C00520,19,Female,Home & Kitchen,Lamp,8099.4,2,No,Active,UPI,2024-02-13,Chennai,3.9
C00699,53,Other,Home & Kitchen,Storage Box,11920.67,3,Yes,Inactive,Debit Card,2024-07-04,Hyderabad,3.6
C01020,30,Female,Clothing,Sneakers,500.88,4,No,Active,Net Banking,2025-05-31,Chennai,4.4
C00727,52,Female,Electronics,Smartphone,32842.57,4,Yes,Inactive,Credit Card,2025-05-25,Hyderabad,4.2
C00698,36,Male,Beauty,Shampoo,1495.29,1,Yes,Inactive,Wallet,2025-02-23,Chennai,5.0
C01961,52,Male,Clothing,T-Shirt,2470.42,1,Yes,Inactive,Credit Card,2024-11-11,Chandigarh,4.9
C01441,37,Female,Clothing,Jeans,1266.0,2,Yes,Inactive,UPI,2024-02-10,Jaipur,3.1
C01807,43,Male,Books,Fiction,1865.63,1,No,Inactive,Debit Card,2025-08-26,Chennai,3.9
C01715,49,Male,Beauty,Shampoo,3855.94,1,Yes,Active,UPI,2025-04-08,Ahmedabad,3.5
C01319,30,Female,Clothing,Jacket,309.64,5,Yes,Inactive,UPI,2025-10-11,Jaipur,4.1
C01030,34,Female,Electronics,Laptop,61895.24,2,Yes,Inactive,UPI,2024-02-25,Pune,3.6
C00245,60,Female,Books,Comics,677.12,2,No,Inactive,Credit Card,2025-09-20,Mumbai,3.2
C01826,43,Male,Clothing,Jacket,594.63,1,No,Inactive,Credit Card,2024-01-21,Ahmedabad,4.4
C00778,64,Male,Electronics,Speaker,44376.03,1,No,Active,UPI,2025-05-19,Mumbai,3.4
C00749,47,Male,Books,Comics,732.71,1,Yes,Inactive,Credit Card,2025-09-10,Chandigarh,4.9
C00899,23,Male,Beauty,Lipstick,4731.75,3,Yes,Active,Credit Card,2024-08-01,Chennai,4.8
C00598,19,Male,Home & Kitchen,Bedsheet,13302.88,1,No,Active,UPI,2024-09-26,Chandigarh,3.2
C01328,23,Female,Beauty,Lipstick,4695.66,3,No,Active,Credit Card,2024-10-03,Chandigarh,3.0
C00441,64,Male,Clothing,Jacket,348.85,1,Yes,Inactive,UPI,2025-10-10,Chennai,3.4
C01647,63,Male,Clothing,T-Shirt,923.65,2,No,Active,Cash,2024-01-18,Kolkata,3.7
C01988,61,Male,Clothing,Jeans,2301.71,3,Yes,Inactive,UPI,2024-08-06,Jaipur,4.8
C01438,25,Female,Sports,Dumbbells,6588.88,3,No,Active,Credit Card,2024-04-07,Chandigarh,5.0
C00759,28,Female,Beauty,Perfume,3143.58,1,Yes,Inactive,Cash,2025-11-07,Chandigarh,4.6
C01680,25,Male,Sports,Dumbbells,2306.91,1,No,Active,Wallet,2024-08-02,Mumbai,3.7
C00947,39,Female,Electronics,Smartwatch,8513.89,2,No,Active,UPI,2024-08-11,Delhi,2.8
C01240,22,Female,Clothing,T-Shirt,2865.52,1,No,Active,Wallet,2024-06-26,Ahmedabad,5.0
C01097,36,Male,Electronics,Laptop,13380.6,1,No,Inactive,UPI,2025-03-27,Jaipur,3.5
C00795,25,Female,Clothing,Jeans,3828.62,1,No,Inactive,Cash,2024-12-03,Jaipur,4.2
C01998,24,Male,Books,Fiction,1461.61,2,No,Inactive,Debit Card,2025-01-27,Chennai,3.6
C00605,27,Female,Electronics,Speaker,30865.43,3,No,Active,Wallet,2024-03-10,Kolkata,4.8
C00133,18,Female,Electronics,Laptop,83231.01,2,No,Inactive,Cash,2024-11-21,Mumbai,4.5
C01221,19,Male,Electronics,Smartwatch,57972.39,2,No,Active,Credit Card,2025-10-05,Jaipur,5.0
C01675,21,Female,Sports,Running Shoes,2142.87,3,No,Active,Credit Card,2024-04-09,Bengaluru,4.0
C00513,63,Female,Clothing,Jacket,4969.79,2,No,Inactive,Cash,2024-02-01,Pune,3.9
C00086,64,Female,Sports,Yoga Mat,11836.33,1,Yes,Inactive,Debit Card,2025-07-08,Chandigarh,3.5
C01326,26,Female,Clothing,Sneakers,1449.02,5,Yes,Active,UPI,2024-06-24,Chandigarh,4.3
C01974,32,Male,Clothing,T-Shirt,1583.19,4,No,Active,UPI,2024-06-02,Chandigarh,4.0
C01279,52,Male,Clothing,Sneakers,2021.2,1,No,Inactive,Debit Card,2025-02-27,Mumbai,4.2
C00750,47,Male,Clothing,Sneakers,728.47,1,No,Inactive,Net Banking,2025-10-20,Bengaluru,4.6
C00272,26,Male,Clothing,Jacket,3150.77,4,No,Active,Credit Card,2025-06-16,Kolkata,2.0
C01128,41,Female,Beauty,Skin Serum,2904.23,2,No,Active,Net Banking,2025-08-26,Jaipur,4.2
C01275,37,Female,Sports,Football,6304.32,1,No,Inactive,Cash,2025-01-19,Delhi,5.0
C00884,20,Male,Clothing,Jeans,900.98,4,No,Inactive,UPI,2025-02-22,Pune,4.7
C01126,39,Female,Beauty,Perfume,2994.5,1,Yes,Inactive,Debit Card,2024-01-20,Chennai,4.9
C00086,35,Female,Electronics,Speaker,62948.16,1,No,Inactive,Credit Card,2025-01-12,Chandigarh,3.1
C00175,62,Female,Home & Kitchen,Bedsheet,14946.45,2,No,Active,Credit Card,2024-05-28,Chandigarh,4.2
C01582,61,Female,Books,Business,1494.6,3,No,Inactive,Debit Card,2024-10-27,Delhi,3.7
C00087,46,Male,Electronics,Laptop,31074.85,2,No,Inactive,Debit Card,2025-03-28,Delhi,4.0
C01276,55,Female,Clothing,Dress,1926.07,1,Yes,Active,UPI,2025-10-10,Mumbai,3.8
C00058,53,Female,Books,Technology,186.69,1,No,Active,Wallet,2025-03-21,Chennai,3.6
C01769,27,Male,Sports,Cricket Bat,9677.83,1,Yes,Active,Debit Card,2025-10-11,Delhi,
C00586,55,Female,Electronics,Laptop,54937.6,3,Yes,Inactive,Net Banking,2025-07-07,Jaipur,2.4
C00407,43,Female,Books,Business,429.64,2,No,Active,UPI,2024-02-01,Mumbai,5.0
C00119,51,Male,Home & Kitchen,Cookware,9125.23,3,No,Active,UPI,2025-05-31,Bengaluru,5.0
C01936,25,Male,Sports,Football,4181.74,3,No,Inactive,UPI,2025-02-14,Jaipur,4.4
C01283,64,Male,Clothing,Jacket,2819.33,3,Yes,Active,Debit Card,2024-01-28,Chandigarh,3.8
C00771,18,Male,Electronics,Speaker,28452.22,4,Yes,Active,Cash,2024-08-01,Chennai,3.1
C00254,40,Male,Electronics,Speaker,67450.65,1,No,Inactive,Debit Card,2025-10-11,Hyderabad,3.7
C00900,46,Male,Home & Kitchen,Coffee Maker,12105.6,3,No,Inactive,Debit Card,2025-03-07,Delhi,4.0
C00002,54,Male,Beauty,Perfume,4513.04,3,No,Inactive,UPI,2024-11-28,Hyderabad,5.0
C01643,59,Female,Sports,Dumbbells,873.3,1,No,Inactive,Debit Card,2025-10-06,Mumbai,4.0
C00361,20,Male,Clothing,Jeans,1391.21,1,No,Inactive,Credit Card,2025-04-10,Delhi,4.3
C01225,45,Male,Books,Business,548.73,2,Yes,Inactive,Credit Card,2025-09-27,Delhi,3.5
C00461,39,Male,Books,Comics,1817.08,2,No,Active,Debit Card,2025-06-24,Mumbai,2.7
C00278,51,Male,Clothing,T-Shirt,841.47,2,Yes,Inactive,UPI,2024-10-20,Chandigarh,3.9
C01286,45,Female,Electronics,Laptop,58464.22,2,No,Inactive,Net Banking,2025-04-16,Mumbai,5.0
C01473,40,Male,Books,Comics,1634.15,4,Yes,Active,Credit Card,2024-10-18,Ahmedabad,4.7
C00917,51,Male,Books,Self-Help,1438.47,1,Yes,Inactive,Credit Card,2025-11-14,Jaipur,5.0
C01889,59,Male,Clothing,Jeans,3292.1,5,No,Active,UPI,2024-08-06,Hyderabad,5.0
C01332,58,Female,Home & Kitchen,Coffee Maker,7564.05,2,No,Active,Debit Card,2024-04-18,Ahmedabad,5.0
C01575,31,Female,Clothing,T-Shirt,2361.99,1,No,Active,Credit Card,2024-02-26,Jaipur,5.0
C01154,38,Female,Home & Kitchen,Bedsheet,13253.45,3,No,Active,UPI,2024-08-29,Bengaluru,3.3
C00032,59,Female,Sports,Dumbbells,10096.38,1,Yes,Inactive,Wallet,2025-10-21,Ahmedabad,4.5
C00382,29,Male,Home & Kitchen,Coffee Maker,11538.42,1,Yes,Inactive,UPI,2024-08-17,Jaipur,4.2
C01145,61,Female,Books,Fiction,1155.92,2,No,Inactive,UPI,2025-05-07,Chennai,5.0
C00281,30,Female,Sports,Football,2135.08,1,Yes,Inactive,UPI,2025-12-21,Chandigarh,4.0
C01552,45,Female,Home & Kitchen,Bedsheet,6913.27,2,No,Active,Credit Card,2025-12-02,Pune,3.3
C00905,40,Male,Clothing,Dress,382.56,1,No,Active,Credit Card,2024-03-11,Chennai,3.9
C00728,61,Female,Books,Comics,1402.7,1,Yes,Active,Credit Card,2024-02-22,Ahmedabad,4.7
C01532,59,Female,Sports,Running Shoes,9090.2,1,No,Active,Cash,2025-06-18,Bengaluru,5.0
C01339,52,Male,Electronics,Laptop,69049.15,3,No,Inactive,Credit Card,2025-11-27,Mumbai,3.2
C00028,49,Male,Beauty,Face Cream,4830.57,1,No,Inactive,UPI,2024-09-07,Delhi,3.6
C01713,22,Male,Home & Kitchen,Storage Box,10889.79,1,Yes,Inactive,UPI,2024-02-23,Chandigarh,4.9
C01449,22,Female,Beauty,Perfume,4005.75,2,No,Inactive,Net Banking,2025-12-17,Hyderabad,3.2
C00841,35,Male,Home & Kitchen,Cookware,12643.27,3,Yes,Inactive,Debit Card,2025-05-31,Jaipur,4.0
C01368,30,Male,Electronics,Smartwatch,84145.5,1,Yes,Active,Debit Card,2025-12-31,Delhi,4.7
C00674,48,Female,Clothing,Sneakers,1170.49,4,Yes,Inactive,Debit Card,2025-12-18,Chandigarh,5.0
C01584,65,Female,Beauty,Skin Serum,4935.31,1,Yes,Active,Cash,2024-03-19,Chandigarh,4.3
C00405,33,Male,Electronics,Smartwatch,12221.11,1,Yes,Inactive,UPI,2025-07-15,Jaipur,3.8
C00042,28,Female,Sports,Football,6663.02,2,Yes,Active,UPI,2025-08-15,Delhi,3.7
C00316,50,Male,Books,Fiction,348.64,2,No,Inactive,Net Banking,2025-07-03,Kolkata,2.9
C00685,46,Male,Beauty,Skin Serum,2947.77,2,No,Active,Cash,2025-12-11,Bengaluru,4.3
C00085,28,Male,Clothing,Dress,4856.28,1,Yes,Active,UPI,2024-08-12,Ahmedabad,3.0
C01975,32,Male,Sports,Cricket Bat,4498.84,1,No,Inactive,Debit Card,2025-11-23,Hyderabad,
C00920,61,Female,Sports,Running Shoes,1772.88,5,Yes,Inactive,Debit Card,2024-01-20,Kolkata,2.6
C01231,64,Male,Home & Kitchen,Lamp,14152.76,1,Yes,Inactive,Cash,2024-06-26,Chandigarh,3.1
C00632,42,Male,Home & Kitchen,Lamp,14599.42,3,No,Inactive,UPI,2024-07-10,Chennai,4.2
C01116,51,Male,Electronics,Headphones,45505.14,1,No,Inactive,UPI,2025-03-31,Kolkata,4.6
C01606,61,Female,Clothing,Jeans,4074.73,2,Yes,Inactive,UPI,2025-04-06,Ahmedabad,3.9
C01831,27,Male,Home & Kitchen,Cookware,10721.73,2,No,Inactive,UPI,2024-04-18,Delhi,3.8
C00780,51,Male,Clothing,Jeans,4687.07,2,No,Inactive,Credit Card,2024-01-14,Jaipur,4.9
C01924,47,Female,Home & Kitchen,Coffee Maker,1341.11,2,No,Inactive,Cash,2025-02-14,Bengaluru,3.9
C01261,26,Other,Beauty,Skin Serum,301.68,4,Yes,Inactive,Wallet,2025-11-21,Ahmedabad,4.3
C01904,47,Female,Home & Kitchen,Bedsheet,10529.22,2,No,Active,Debit Card,2024-12-31,Chandigarh,4.3
C01187,46,Male,Beauty,Face Cream,4580.72,2,No,Inactive,UPI,2024-08-08,Mumbai,4.9
C00304,36,Other,Sports,Dumbbells,10580.43,1,No,Active,Credit Card,2024-10-12,Hyderabad,3.5
C00351,48,Female,Electronics,Headphones,17993.67,1,No,Active,Cash,2025-06-27,Pune,4.0
C01852,19,Female,Clothing,T-Shirt,2887.99,1,Yes,Inactive,Wallet,2025-08-26,Chennai,4.8
C00666,63,Female,Sports,Running Shoes,1590.91,2,No,Active,Wallet,2025-04-28,Bengaluru,4.7
C00563,52,Male,Sports,Dumbbells,4588.75,2,No,Inactive,UPI,2025-01-12,Chandigarh,4.1
C00859,33,Female,Electronics,Headphones,14516.08,1,No,Active,Wallet,2025-11-10,Pune,3.6
C00567,49,Female,Clothing,Dress,1784.16,2,No,Active,Cash,2025-08-07,Pune,4.6
C00257,52,Male,Electronics,Laptop,51345.45,5,No,Inactive,UPI,2025-03-14,Jaipur,4.7
C00076,64,Male,Clothing,Jeans,680.7,5,No,Active,Debit Card,2024-06-27,Chandigarh,4.2
C00429,29,Male,Books,Business,1998.02,3,Yes,Inactive,Debit Card,2024-02-18,Delhi,4.7
C00516,64,Female,Books,Fiction,1975.49,1,Yes,Inactive,Net Banking,2024-09-12,Chennai,3.7
C01914,39,Male,Books,Business,1421.72,2,Yes,Inactive,Credit Card,2025-10-29,Ahmedabad,4.8
C00833,41,Male,Clothing,T-Shirt,435.07,2,No,Inactive,Wallet,2025-02-07,Jaipur,4.9
C00383,64,Female,Sports,Dumbbells,6437.02,2,No,Active,Wallet,2025-05-23,Ahmedabad,3.4
C00476,40,Female,Electronics,Speaker,52149.32,2,No,Inactive,Debit Card,2024-10-02,Bengaluru,3.6
C00702,64,Male,Clothing,Jacket,3376.08,2,No,Active,Debit Card,2024-11-16,Jaipur,3.7
C00676,49,Female,Electronics,Smartphone,72379.08,1,No,Inactive,UPI,2025-07-07,Pune,3.3
C00322,57,Female,Home & Kitchen,Coffee Maker,987.79,2,No,Inactive,Cash,2024-01-11,Bengaluru,3.5
C00641,57,Male,Home & Kitchen,Bedsheet,7107.3,2,Yes,Active,UPI,2025-10-10,Pune,3.2
C00620,29,Male,Beauty,Perfume,1191.83,2,No,Active,Net Banking,2025-08-01,Kolkata,4.4
C01008,36,Male,Electronics,Smartwatch,37071.01,5,Yes,Inactive,Debit Card,2025-05-09,Bengaluru,4.0
C00511,52,Male,Clothing,Jeans,731.91,1,Yes,Active,Net Banking,2024-09-03,Ahmedabad,3.3
C01218,57,Male,Clothing,Dress,4209.37,3,Yes,Inactive,UPI,2024-01-20,Chennai,3.8
C00610,34,Male,Electronics,Smartphone,23508.98,4,No,Inactive,UPI,2024-07-01,Hyderabad,4.2
C00292,56,Male,Books,Comics,1655.91,1,No,Inactive,Net Banking,2025-02-09,Bengaluru,4.1
C01338,23,Male,Clothing,Sneakers,3641.63,1,No,Inactive,UPI,2024-03-30,Ahmedabad,4.5
C01374,20,Male,Beauty,Perfume,2078.07,1,No,Inactive,Net Banking,2024-03-17,Hyderabad,3.5
C01274,43,Male,Books,Fiction,384.54,1,Yes,Active,UPI,2024-10-07,Delhi,4.6
C01070,42,Male,Electronics,Laptop,26848.26,3,No,Inactive,UPI,2025-12-29,Chandigarh,4.7
C01969,39,Female,Books,Business,1741.49,1,No,Active,Net Banking,2025-11-08,Bengaluru,2.9
C01057,31,Female,Books,Self-Help,298.62,1,No,Active,Cash,2025-05-07,Kolkata,4.9
C01309,43,Male,Clothing,T-Shirt,2081.69,2,Yes,Inactive,Net Banking,2024-08-15,Mumbai,3.8
C01275,47,Female,Home & Kitchen,Cookware,2590.65,1,Yes,Inactive,Debit Card,2024-08-15,Jaipur,4.7
C00628,56,Female,Electronics,Headphones,61295.49,2,No,Active,UPI,2024-01-16,Hyderabad,3.6
C01373,39,Female,Electronics,Headphones,28112.01,2,No,Inactive,Credit Card,2025-05-06,Pune,3.8
C00887,31,Female,Electronics,Speaker,14007.28,1,Yes,Inactive,Credit Card,2024-10-26,Mumbai,3.6
C00825,54,Male,Sports,Dumbbells,2919.17,1,Yes,Active,Wallet,2024-03-22,Chandigarh,3.7
C01417,56,Female,Beauty,Skin Serum,1198.43,4,Yes,Active,UPI,2024-05-23,Chennai,5.0
C01447,44,Female,Beauty,Face Cream,4634.76,2,No,Inactive,Wallet,2025-09-20,Jaipur,4.3
C00087,20,Male,Electronics,Smartphone,80888.82,3,No,Active,Debit Card,2025-04-16,Pune,4.7
C01591,59,Male,Books,Technology,1827.79,2,No,Active,Wallet,2024-05-16,Kolkata,3.1
C01011,32,Male,Clothing,Dress,2903.77,1,No,Active,Net Banking,2025-07-30,Delhi,3.4
C01475,49,Male,Sports,Football,2762.03,2,No,Inactive,Credit Card,2025-05-27,Hyderabad,4.1
C01895,35,Female,Home & Kitchen,Bedsheet,6230.89,2,No,Active,Debit Card,2024-01-06,Chandigarh,4.5
C01136,20,Other,Electronics,Smartphone,45696.02,3,Yes,Inactive,Credit Card,2024-11-19,Chandigarh,3.9
C00425,65,Male,Beauty,Face Cream,902.14,3,No,Active,Wallet,2025-02-01,Hyderabad,4.2
C00951,63,Male,Home & Kitchen,Cookware,8403.87,1,No,Inactive,UPI,2024-07-24,Bengaluru,
C00687,18,Male,Clothing,Sneakers,307.55,1,No,Inactive,Debit Card,2024-02-06,Kolkata,3.5
C01921,47,Male,Electronics,Speaker,20856.75,3,Yes,Inactive,Wallet,2025-10-03,Pune,3.8
C00735,59,Male,Electronics,Laptop,4183.13,1,Yes,Inactive,UPI,2025-05-01,Delhi,4.9
C00648,20,Male,Home & Kitchen,Storage Box,1419.81,1,No,Active,Debit Card,2025-05-20,Delhi,4.1
C01214,54,Female,Sports,Running Shoes,9349.93,2,No,Inactive,Credit Card,2025-04-20,Hyderabad,3.4
C01303,32,Male,Sports,Running Shoes,4876.91,1,No,Inactive,UPI,2024-02-16,Kolkata,3.5
C00909,35,Male,Sports,Football,11334.52,1,No,Inactive,Debit Card,2025-05-17,Chandigarh,4.4
C01230,65,Male,Electronics,Smartphone,58125.1,2,Yes,Inactive,UPI,2025-03-23,Chandigarh,3.4
C00496,51,Female,Beauty,Perfume,1446.58,4,No,Inactive,UPI,2025-02-11,Pune,3.0
C00560,26,Male,Electronics,Laptop,31908.41,2,No,Inactive,Credit Card,2024-11-14,Chandigarh,3.3
C01669,50,Other,Beauty,Perfume,2250.08,1,Yes,Inactive,Debit Card,2024-04-01,Bengaluru,3.6
C00520,56,Female,Clothing,Jeans,3842.79,2,No,Inactive,Credit Card,2024-04-21,Hyderabad,3.5
C01968,29,Male,Sports,Football,1254.62,2,No,Inactive,Debit Card,2024-05-29,Chennai,2.7
C01820,40,Female,Books,Technology,1187.67,1,No,Inactive,UPI,2025-11-25,Hyderabad,2.4
C01937,26,Female,Electronics,Laptop,67054.96,3,No,Inactive,Debit Card,2025-01-19,Hyderabad,3.7
C00692,52,Male,Clothing,Jeans,363.28,5,Yes,Active,Credit Card,2025-10-05,Pune,3.6
C00116,36,Male,Electronics,Laptop,46101.41,1,No,Active,Net Banking,2025-11-11,Ahmedabad,4.6
C01226,39,Male,Books,Technology,808.12,1,Yes,Active,Debit Card,2025-08-14,Chennai,4.4
C01841,63,Female,Sports,Running Shoes,5061.93,2,No,Active,Credit Card,2024-01-30,Chennai,3.2
C01655,37,Female,Home & Kitchen,Coffee Maker,5003.6,2,No,Inactive,Wallet,2024-11-19,Bengaluru,3.3
C01500,32,Male,Clothing,Dress,4414.64,2,No,Active,Net Banking,2025-01-13,Chandigarh,3.0
C00556,59,Female,Electronics,Speaker,39443.49,1,No,Inactive,Credit Card,2024-09-27,Hyderabad,5.0
C01544,36,Female,Books,Fiction,592.93,1,No,Inactive,UPI,2024-05-28,Bengaluru,3.0
C00998,44,Female,Home & Kitchen,Bedsheet,2667.1,1,Yes,Inactive,UPI,2024-06-04,Chandigarh,4.0
C01883,51,Male,Home & Kitchen,Storage Box,8847.71,1,Yes,Inactive,UPI,2025-04-27,Hyderabad,4.4
C01708,24,Male,Electronics,Headphones,74082.72,1,Yes,Active,Cash,2025-05-01,Bengaluru,3.2
C00865,36,Female,Sports,Dumbbells,10227.55,4,Yes,Active,Credit Card,2025-09-23,Hyderabad,4.3
C00116,62,Female,Books,Fiction,1011.11,4,No,Inactive,UPI,2025-02-24,Hyderabad,4.7
C01759,21,Female,Clothing,Jacket,2501.43,1,No,Inactive,Credit Card,2025-02-12,Chennai,3.5
C00629,24,Male,Clothing,Jeans,2227.3,5,Yes,Inactive,Credit Card,2025-09-06,Hyderabad,3.7
C00807,59,Male,Sports,Dumbbells,4443.51,2,No,Inactive,UPI,2025-12-05,Kolkata,3.5
C01152,48,Female,Electronics,Headphones,62396.17,4,No,Inactive,Credit Card,2025-10-16,Jaipur,3.4
C00409,46,Male,Home & Kitchen,Bedsheet,9661.15,4,No,Inactive,Net Banking,2024-09-16,Ahmedabad,4.4
C01521,61,Female,Clothing,T-Shirt,1595.25,1,No,Inactive,Wallet,2024-03-13,Chandigarh,
C00540,46,Male,Clothing,Jeans,3440.6,2,No,Active,Credit Card,2024-08-22,Mumbai,4.6
C00517,61,Female,Home & Kitchen,Bedsheet,13158.16,2,No,Inactive,UPI,2025-06-13,Hyderabad,4.8
C01263,33,Female,Books,Business,1052.63,2,Yes,Inactive,Debit Card,2024-05-19,Bengaluru,3.8
C00806,45,Male,Clothing,Jacket,3014.92,4,No,Active,UPI,2024-08-03,Delhi,4.7
C01758,28,Female,Home & Kitchen,Coffee Maker,12739.45,1,No,Inactive,Cash,2025-08-10,Jaipur,3.2
C01032,39,Male,Electronics,Smartwatch,14770.7,1,No,Active,Credit Card,2024-06-19,Chandigarh,4.8
C01568,18,Male,Books,Business,1802.12,3,No,Inactive,Debit Card,2025-06-22,Jaipur,3.8
C01684,53,Female,Home & Kitchen,Bedsheet,11118.81,3,No,Active,Cash,2025-08-29,Hyderabad,3.9
C00988,28,Male,Clothing,Dress,4212.39,1,No,Inactive,Net Banking,2024-11-18,Pune,4.0
C00794,25,Male,Clothing,Jeans,898.31,4,Yes,Active,Debit Card,2025-08-17,Kolkata,3.8
C01303,43,Male,Home & Kitchen,Coffee Maker,5162.92,1,No,Inactive,Debit Card,2025-07-07,Bengaluru,2.4
C00822,30,Female,Books,Business,1733.11,2,No,Active,Net Banking,2025-07-07,Mumbai,4.5
C00017,18,Male,Beauty,Shampoo,4536.0,1,Yes,Inactive,UPI,2024-07-05,Ahmedabad,3.2
C00159,21,Female,Books,Self-Help,1185.99,1,Yes,Active,Net Banking,2025-08-10,Delhi,4.2
C00662,61,Other,Beauty,Face Cream,1202.67,2,No,Inactive,UPI,2025-12-25,Mumbai,4.7
C01660,55,Male,Electronics,Smartphone,9730.97,1,No,Inactive,UPI,2025-08-25,Jaipur,4.9
C00861,36,Male,Electronics,Smartwatch,51340.21,2,No,Inactive,UPI,2025-11-07,Kolkata,4.7
C00884,56,Male,Beauty,Skin Serum,1869.69,1,No,Inactive,Credit Card,2024-06-26,Kolkata,4.0
C00907,50,Female,Clothing,Jeans,4986.9,2,No,Inactive,Credit Card,2025-02-11,Ahmedabad,3.7
C00700,50,Male,Clothing,Sneakers,4046.33,1,No,Inactive,Credit Card,2025-01-04,Chandigarh,5.0
C00220,54,Female,Clothing,Jacket,4964.26,3,Yes,Active,UPI,2024-01-30,Hyderabad,2.7
C00817,43,Male,Books,Business,1671.86,2,No,Inactive,Debit Card,2024-04-14,Kolkata,3.4
C00408,30,Female,Home & Kitchen,Coffee Maker,10418.23,1,No,Inactive,Wallet,2024-01-16,Chennai,4.6
C00794,30,Other,Clothing,T-Shirt,2718.71,1,Yes,Inactive,UPI,2025-08-05,Bengaluru,3.9
C01994,51,Male,Clothing,T-Shirt,1238.29,1,No,Inactive,Credit Card,2024-05-24,Pune,3.6
C01324,31,Male,Home & Kitchen,Cookware,7632.99,2,Yes,Inactive,UPI,2024-04-19,Hyderabad,3.1
C01093,38,Male,Electronics,Laptop,58565.86,4,Yes,Inactive,Debit Card,2025-03-12,Jaipur,4.5
C00353,35,Male,Clothing,T-Shirt,3682.11,3,No,Active,Credit Card,2025-12-11,Delhi,4.6
C00548,20,Male,Electronics,Smartphone,71568.14,2,No,Inactive,Credit Card,2024-09-07,Hyderabad,4.4
C00090,18,Female,Books,Technology,979.16,4,No,Active,Wallet,2024-05-04,Ahmedabad,4.4
C01755,28,Female,Clothing,Jeans,2490.62,3,No,Inactive,Cash,2024-03-23,Kolkata,3.6
C00763,29,Male,Sports,Football,8710.41,1,No,Active,Cash,2025-06-08,Mumbai,3.3
C01519,38,Male,Clothing,Sneakers,2995.86,1,Yes,Inactive,Credit Card,2024-12-14,Mumbai,3.2
C00923,53,Female,Electronics,Headphones,44541.93,1,No,Inactive,Debit Card,2025-03-29,Delhi,4.3
C00515,28,Male,Clothing,Jacket,675.78,1,No,Active,Credit Card,2025-05-27,Ahmedabad,2.4
C00810,30,Female,Beauty,Face Cream,683.66,3,No,Inactive,Debit Card,2025-08-11,Hyderabad,4.7
C00838,43,Female,Electronics,Headphones,67828.77,2,Yes,Inactive,Debit Card,2024-02-02,Jaipur,5.0
C01646,59,Female,Clothing,Sneakers,4620.12,2,No,Active,Debit Card,2024-02-28,Mumbai,2.8
C00444,27,Male,Clothing,Sneakers,4146.1,2,Yes,Inactive,UPI,2025-02-23,Mumbai,3.8
C01379,31,Other,Sports,Football,10725.49,2,Yes,Inactive,UPI,2025-04-11,Ahmedabad,3.9
C01806,28,Male,Home & Kitchen,Bedsheet,3901.02,1,Yes,Inactive,Debit Card,2025-03-10,Bengaluru,3.6
C01750,26,Female,Sports,Cricket Bat,788.44,4,No,Inactive,Debit Card,2024-10-15,Jaipur,4.0
C01977,18,Female,Clothing,Dress,2641.15,1,No,Inactive,Cash,2024-09-24,Chandigarh,4.8
C00964,48,Female,Electronics,Headphones,19685.2,5,No,Active,Credit Card,2025-04-02,Chandigarh,4.2
C00288,57,Female,Beauty,Shampoo,2388.37,2,No,Active,Net Banking,2025-04-27,Delhi,4.0
C00565,57,Female,Electronics,Smartphone,71585.52,2,No,Inactive,Credit Card,2025-08-12,Chandigarh,3.7
C01335,46,Male,Electronics,Laptop,24409.62,2,No,Inactive,Credit Card,2024-05-16,Hyderabad,4.3
C01280,65,Female,Home & Kitchen,Coffee Maker,10791.51,3,No,Active,Credit Card,2024-12-22,Kolkata,4.5
C01770,63,Male,Beauty,Perfume,795.19,1,No,Active,UPI,2024-08-06,Pune,4.8
C01611,31,Female,Home & Kitchen,Bedsheet,3538.78,2,No,Inactive,Debit Card,2025-06-15,Chennai,3.4
C00931,64,Female,Books,Business,1573.82,1,Yes,Inactive,Cash,2024-04-29,Delhi,3.6
C00847,29,Male,Clothing,T-Shirt,1549.58,4,Yes,Inactive,Credit Card,2025-04-03,Jaipur,2.6
C01119,50,Female,Beauty,Shampoo,1683.47,5,No,Inactive,Debit Card,2025-08-20,Mumbai,4.9
C00579,42,Female,Clothing,T-Shirt,1230.21,1,No,Active,Wallet,2025-11-27,Pune,3.7
C00726,45,Male,Sports,Cricket Bat,2859.25,2,No,Active,Credit Card,2025-04-12,Mumbai,3.9
C01338,27,Other,Clothing,Sneakers,3741.04,3,Yes,Inactive,UPI,2025-06-15,Pune,3.2
C00616,36,Female,Clothing,Dress,1903.15,3,No,Inactive,Debit Card,2025-12-24,Chandigarh,4.2
C01020,34,Male,Clothing,Jacket,3004.41,1,No,Active,UPI,2025-05-13,Jaipur,3.5
C00977,23,Female,Sports,Yoga Mat,7017.24,1,No,Inactive,UPI,2024-07-03,Hyderabad,4.3
C01354,62,Male,Electronics,Smartphone,17417.86,3,Yes,Inactive,UPI,2024-02-23,Mumbai,4.4
C00221,56,Female,Electronics,Headphones,85550.79,1,Yes,Inactive,UPI,2024-09-05,Jaipur,4.2
C00679,56,Male,Beauty,Shampoo,2249.11,2,Yes,Active,Credit Card,2024-05-11,Jaipur,4.0
C01234,64,Male,Books,Fiction,1633.28,1,No,Active,Credit Card,2024-12-25,Hyderabad,3.6
C01040,46,Female,Clothing,T-Shirt,1531.21,2,No,Inactive,Debit Card,2024-03-10,Delhi,4.0
C01703,29,Female,Beauty,Shampoo,216.84,3,No,Inactive,Net Banking,2024-07-10,Jaipur,3.9
C01092,18,Male,Electronics,Headphones,11840.47,1,No,Inactive,Debit Card,2024-02-16,Bengaluru,3.7
C01645,36,Female,Electronics,Speaker,55686.44,4,Yes,Inactive,Debit Card,2025-06-06,Ahmedabad,5.0
C01934,57,Female,Electronics,Smartphone,19908.17,1,Yes,Active,Cash,2024-02-05,Kolkata,4.6
C00941,30,Female,Electronics,Headphones,46738.15,2,Yes,Inactive,Credit Card,2025-11-18,Pune,3.7
C01571,62,Male,Clothing,Jacket,2826.51,2,Yes,Active,Debit Card,2025-12-21,Kolkata,4.1
C00395,26,Male,Clothing,Sneakers,3540.6,1,Yes,Active,Cash,2024-02-19,Delhi,5.0
C01372,56,Other,Home & Kitchen,Coffee Maker,2665.16,2,Yes,Active,Credit Card,2024-06-13,Mumbai,4.8
C01280,63,Female,Clothing,Jeans,555.72,1,Yes,Inactive,Cash,2024-03-28,Mumbai,3.7
C01283,56,Male,Sports,Cricket Bat,9366.32,2,No,Active,Debit Card,2025-12-01,Bengaluru,3.6
C01467,51,Male,Electronics,Smartphone,63289.01,1,Yes,Inactive,UPI,2025-09-06,Mumbai,4.8
C01008,20,Female,Electronics,Smartwatch,82382.57,1,No,Active,UPI,2024-06-24,Chennai,4.5
C00831,23,Male,Beauty,Lipstick,1116.35,1,No,Inactive,UPI,2025-07-19,Chennai,2.9
C01578,60,Female,Home & Kitchen,Bedsheet,11586.99,2,Yes,Active,UPI,2024-06-27,Ahmedabad,5.0
C01175,19,Male,Electronics,Smartphone,26845.74,2,Yes,Active,Cash,2024-04-07,Chennai,4.0
C00247,20,Female,Books,Technology,1463.57,2,No,Inactive,UPI,2025-07-10,Ahmedabad,4.1
C00310,49,Female,Clothing,T-Shirt,2781.25,1,No,Active,Credit Card,2024-12-08,Pune,5.0
C00506,35,Male,Home & Kitchen,Storage Box,8800.96,3,No,Inactive,Credit Card,2025-09-02,Mumbai,4.1
C00661,29,Female,Clothing,Sneakers,2113.43,3,No,Inactive,Cash,2024-04-20,Pune,4.8
C01032,37,Male,Books,Self-Help,1545.98,1,Yes,Active,Credit Card,2025-12-14,Chennai,2.5
C00866,32,Other,Electronics,Smartwatch,78443.2,3,No,Inactive,UPI,2025-01-01,Jaipur,4.0
C01906,58,Female,Electronics,Laptop,7188.51,2,No,Active,UPI,2024-05-05,Chandigarh,4.7
C00930,20,Female,Clothing,Dress,3268.79,5,Yes,Inactive,UPI,2025-11-18,Delhi,5.0
C00141,33,Male,Beauty,Shampoo,1244.52,3,No,Active,Wallet,2024-01-02,Bengaluru,3.9
C01647,62,Other,Electronics,Smartwatch,65662.9,1,No,Active,UPI,2025-08-18,Chandigarh,3.4
C01225,40,Male,Sports,Yoga Mat,7320.67,2,No,Active,Net Banking,2024-07-17,Bengaluru,3.3
C00451,63,Female,Electronics,Smartphone,63756.27,1,Yes,Active,Net Banking,2024-10-30,Ahmedabad,3.8
C00802,23,Male,Sports,Running Shoes,4684.45,2,No,Inactive,UPI,2025-05-23,Delhi,4.3
C01571,22,Male,Clothing,T-Shirt,3409.16,4,Yes,Active,Credit Card,2025-10-10,Delhi,3.8
C01931,62,Male,Home & Kitchen,Storage Box,10957.59,2,No,Inactive,Debit Card,2024-10-24,Mumbai,2.2
C01738,28,Female,Home & Kitchen,Cookware,886.89,1,Yes,Inactive,Debit Card,2025-01-01,Mumbai,4.5
C01677,21,Male,Home & Kitchen,Coffee Maker,5678.11,2,No,Inactive,Net Banking,2024-02-19,Kolkata,3.0
C01497,61,Female,Home & Kitchen,Lamp,13637.26,5,Yes,Inactive,UPI,2025-06-12,Jaipur,4.8
C01110,46,Female,Electronics,Speaker,63697.79,2,No,Inactive,UPI,2024-04-18,Hyderabad,3.8
C00318,54,Male,Sports,Running Shoes,6734.57,1,No,Inactive,Debit Card,2025-05-02,Mumbai,4.0
C01563,34,Male,Sports,Yoga Mat,4299.4,1,No,Inactive,Debit Card,2024-09-15,Ahmedabad,5.0
C01046,34,Female,Sports,Running Shoes,1888.2,1,No,Inactive,Credit Card,2025-07-28,Bengaluru,4.0
C01291,51,Female,Beauty,Face Cream,3147.45,3,No,Inactive,Debit Card,2024-03-23,Delhi,4.5
C00245,53,Female,Electronics,Speaker,41598.22,2,Yes,Inactive,Debit Card,2025-03-20,Jaipur,3.4
C01537,31,Male,Beauty,Shampoo,1405.25,1,Yes,Inactive,UPI,2024-01-27,Kolkata,4.8
C01967,39,Other,Clothing,Jacket,530.79,5,No,Inactive,UPI,2024-01-24,Kolkata,2.1
C01071,59,Female,Books,Self-Help,280.01,2,Yes,Inactive,UPI,2025-05-09,Delhi,4.4
C00390,37,Male,Clothing,Jacket,1487.69,3,No,Active,Net Banking,2024-09-12,Pune,4.1
C01992,22,Male,Home & Kitchen,Bedsheet,6682.48,1,No,Active,UPI,2025-06-09,Ahmedabad,4.8
C00369,24,Female,Sports,Running Shoes,7842.53,2,No,Active,Debit Card,2025-02-26,Bengaluru,4.6
C00946,50,Female,Clothing,Dress,1605.15,2,Yes,Active,Cash,2024-09-23,Ahmedabad,4.2
C00435,56,Male,Sports,Dumbbells,1925.03,2,No,Active,Credit Card,2025-04-04,Bengaluru,
C01353,21,Female,Books,Self-Help,1648.62,4,No,Inactive,Wallet,2025-08-20,Jaipur,4.5
C00052,23,Female,Sports,Yoga Mat,11479.16,3,Yes,Inactive,Net Banking,2024-07-12,Chennai,4.5
C01548,39,Male,Home & Kitchen,Cookware,9324.69,1,No,Inactive,Debit Card,2025-04-08,Pune,5.0
C01595,25,Female,Clothing,Jacket,3087.14,3,Yes,Inactive,Wallet,2025-07-17,Bengaluru,4.4
C01511,41,Female,Sports,Football,4080.77,2,No,Active,Cash,2025-06-30,Jaipur,4.5
C01688,59,Male,Books,Technology,1052.47,4,No,Active,Debit Card,2024-06-22,Hyderabad,3.7
C00392,52,Male,Sports,Cricket Bat,4598.76,1,Yes,Inactive,UPI,2025-07-11,Kolkata,4.1
C00458,50,Female,Electronics,Smartwatch,1500.97,1,Yes,Active,Cash,2025-10-19,Jaipur,3.5
C00365,27,Female,Home & Kitchen,Bedsheet,12770.38,2,No,Inactive,Credit Card,2025-04-14,Bengaluru,5.0
C00191,40,Male,Clothing,Jeans,2868.41,4,Yes,Active,Wallet,2025-07-03,Ahmedabad,4.2
C01246,25,Female,Sports,Cricket Bat,2133.86,3,No,Active,Debit Card,2024-07-25,Delhi,4.4
C00362,30,Male,Sports,Cricket Bat,5687.23,3,No,Inactive,Cash,2025-07-12,Chennai,4.7
C01007,35,Male,Home & Kitchen,Bedsheet,4427.83,1,No,Inactive,Cash,2024-12-23,Jaipur,4.7
C00887,23,Male,Electronics,Smartphone,37595.98,2,No,Active,Wallet,2024-07-31,Ahmedabad,3.8
C00779,33,Male,Sports,Yoga Mat,10749.87,3,No,Inactive,UPI,2025-04-11,Mumbai,3.8
C01017,21,Female,Beauty,Lipstick,1704.2,1,No,Active,UPI,2024-05-13,Chandigarh,3.4
C00048,59,Female,Home & Kitchen,Cookware,13847.32,1,Yes,Inactive,UPI,2024-03-31,Mumbai,4.8
C00471,29,Female,Clothing,Sneakers,4866.47,2,Yes,Inactive,UPI,2024-07-05,Delhi,4.3
C00850,43,Female,Home & Kitchen,Cookware,9625.31,1,Yes,Inactive,Debit Card,2024-01-26,Chandigarh,4.6
C01817,27,Female,Home & Kitchen,Coffee Maker,1330.35,1,No,Active,Cash,2025-05-31,Mumbai,4.6
C01188,29,Female,Electronics,Laptop,84641.03,1,Yes,Active,UPI,2024-07-29,Delhi,2.4
C00397,43,Male,Books,Business,390.09,1,No,Inactive,Credit Card,2024-01-17,Bengaluru,5.0
C01379,47,Male,Home & Kitchen,Storage Box,2495.47,1,No,Inactive,Credit Card,2024-04-18,Ahmedabad,3.5
C00481,25,Female,Clothing,T-Shirt,1021.59,4,No,Inactive,Debit Card,2024-05-12,Hyderabad,4.2
C01675,42,Male,Electronics,Smartphone,71642.7,2,Yes,Active,Credit Card,2025-07-10,Hyderabad,4.9
C00921,31,Female,Electronics,Headphones,39107.12,2,No,Active,Credit Card,2024-06-08,Ahmedabad,3.6
C00668,51,Female,Clothing,Jeans,3660.3,2,No,Active,Net Banking,2024-05-30,Pune,3.2
C00152,63,Male,Beauty,Perfume,4805.02,1,No,Active,Debit Card,2024-01-29,Chennai,3.9
C00220,40,Female,Home & Kitchen,Storage Box,9545.14,3,No,Active,Debit Card,2024-01-31,Jaipur,3.5
C00370,28,Female,Books,Comics,1173.95,1,No,Active,UPI,2024-04-03,Pune,3.1
C01909,64,Female,Home & Kitchen,Storage Box,6663.06,2,Yes,Inactive,Debit Card,2025-02-24,Jaipur,3.2
C01854,41,Male,Sports,Cricket Bat,609.82,1,No,Inactive,Debit Card,2024-10-26,Bengaluru,3.8
C01948,48,Male,Home & Kitchen,Cookware,8579.25,1,No,Active,UPI,2024-12-22,Chandigarh,5.0
C01526,21,Female,Sports,Running Shoes,5721.4,2,Yes,Active,Cash,2024-11-20,Mumbai,4.3
C00156,45,Male,Books,Fiction,250.37,2,Yes,Inactive,Cash,2025-04-08,Ahmedabad,4.3
C01350,29,Female,Home & Kitchen,Lamp,3513.41,2,Yes,Inactive,UPI,2024-01-01,Hyderabad,3.5
C00166,63,Female,Beauty,Face Cream,3545.59,2,No,Inactive,Debit Card,2024-02-28,Mumbai,2.9
C01187,51,Male,Home & Kitchen,Storage Box,14747.17,4,Yes,Inactive,UPI,2024-07-22,Mumbai,2.5
C01067,26,Female,Clothing,Jacket,1271.85,4,No,Inactive,Debit Card,2025-08-30,Mumbai,4.8
C01668,51,Female,Home & Kitchen,Storage Box,8480.42,3,Yes,Active,Cash,2025-07-03,Chandigarh,3.7
C01693,22,Female,Beauty,Face Cream,4612.36,1,Yes,Active,Debit Card,2024-12-17,Chandigarh,3.0
C01146,51,Male,Beauty,Perfume,1167.74,4,No,Inactive,UPI,2024-06-15,Chennai,
C01173,40,Female,Sports,Football,4126.94,2,Yes,Inactive,Debit Card,2025-01-05,Delhi,3.1
C00986,34,Female,Beauty,Perfume,3696.25,2,Yes,Inactive,Debit Card,2025-11-25,Bengaluru,3.6
C00343,63,Male,Home & Kitchen,Cookware,4404.37,1,No,Inactive,Cash,2025-12-24,Bengaluru,4.3
C00674,44,Female,Beauty,Shampoo,1149.79,2,No,Active,UPI,2024-02-25,Hyderabad,4.7
C01956,48,Female,Home & Kitchen,Cookware,11967.51,2,No,Inactive,UPI,2024-09-01,Chennai,4.0
C00335,55,Male,Home & Kitchen,Lamp,3098.1,3,No,Inactive,Debit Card,2025-10-23,Delhi,4.1
C00375,58,Female,Clothing,Jacket,4185.99,5,No,Inactive,Debit Card,2025-04-22,Chandigarh,5.0
C00137,53,Female,Sports,Yoga Mat,3742.5,2,No,Inactive,Debit Card,2025-01-31,Bengaluru,3.6
C01019,38,Male,Electronics,Speaker,53461.72,1,Yes,Inactive,UPI,2025-04-02,Mumbai,4.7
C01836,18,Female,Sports,Cricket Bat,8229.72,1,No,Inactive,UPI,2025-07-16,Kolkata,3.4
C01948,62,Male,Beauty,Face Cream,3797.03,1,Yes,Active,Debit Card,2024-12-15,Chandigarh,4.3
C01634,43,Female,Books,Comics,428.92,3,No,Inactive,UPI,2025-08-12,Mumbai,4.8
C01863,42,Female,Sports,Running Shoes,8292.23,1,Yes,Inactive,Credit Card,2024-07-10,Chennai,4.1
C00944,25,Male,Home & Kitchen,Bedsheet,5700.56,3,Yes,Inactive,UPI,2025-09-04,Kolkata,2.9
C00027,31,Female,Books,Technology,312.85,2,No,Active,Net Banking,2025-02-26,Delhi,4.6
C01986,18,Female,Clothing,Sneakers,447.12,3,No,Inactive,UPI,2025-10-12,Mumbai,3.9
C00559,42,Male,Sports,Dumbbells,932.83,2,Yes,Active,Credit Card,2025-05-18,Bengaluru,4.4
C01145,36,Male,Sports,Dumbbells,6626.67,3,Yes,Active,UPI,2025-09-27,Chandigarh,2.3
C01454,48,Male,Electronics,Speaker,11121.76,1,Yes,Active,Wallet,2025-08-23,Chennai,3.6
C01121,44,Female,Home & Kitchen,Storage Box,5258.35,5,Yes,Inactive,Credit Card,2024-10-10,Mumbai,4.8
C01364,38,Male,Home & Kitchen,Lamp,9651.43,1,Yes,Inactive,Credit Card,2025-04-26,Bengaluru,3.8
C00305,62,Female,Electronics,Smartwatch,47878.99,1,Yes,Inactive,Debit Card,2025-11-26,Kolkata,3.9
C00087,56,Female,Clothing,Sneakers,4302.29,3,No,Inactive,Cash,2025-05-19,Hyderabad,3.7
C01745,29,Male,Sports,Dumbbells,10633.58,1,No,Inactive,Cash,2024-04-16,Bengaluru,5.0
C01557,63,Male,Beauty,Skin Serum,4766.92,1,No,Active,UPI,2025-04-11,Chennai,4.3
C01295,54,Male,Home & Kitchen,Bedsheet,10361.41,2,No,Active,Credit Card,2025-04-02,Kolkata,2.8
C00103,33,Female,Books,Fiction,1018.71,1,No,Inactive,Net Banking,2024-12-09,Chandigarh,3.4
C00758,59,Female,Books,Technology,922.83,2,No,Active,Net Banking,2024-11-09,Chennai,4.7
C01153,52,Male,Electronics,Smartwatch,39277.96,1,No,Inactive,Credit Card,2025-10-03,Ahmedabad,5.0
C00616,53,Male,Sports,Dumbbells,6817.79,1,No,Active,Net Banking,2025-10-05,Pune,4.4
C00521,61,Male,Electronics,Headphones,76098.37,1,Yes,Inactive,Credit Card,2025-08-23,Delhi,3.1
C00381,44,Female,Clothing,T-Shirt,3484.82,1,No,Inactive,Debit Card,2025-10-28,Delhi,4.5
C01144,18,Female,Beauty,Skin Serum,2184.01,1,No,Inactive,Credit Card,2024-10-14,Delhi,3.3
C00277,65,Female,Electronics,Headphones,72699.96,3,No,Inactive,Wallet,2025-05-26,Delhi,2.2
C00921,30,Female,Electronics,Headphones,41784.25,2,Yes,Inactive,UPI,2024-10-27,Kolkata,3.2
C01715,43,Female,Electronics,Smartphone,30664.53,1,No,Inactive,Cash,2024-01-28,Mumbai,4.5
C00252,43,Female,Home & Kitchen,Cookware,13651.68,1,Yes,Inactive,UPI,2024-08-13,Hyderabad,5.0
C01350,50,Female,Clothing,Dress,3279.52,2,Yes,Inactive,Debit Card,2025-09-08,Kolkata,3.7
C01054,57,Male,Clothing,Jacket,703.2,1,Yes,Inactive,Cash,2024-09-14,Delhi,4.3
C00718,24,Female,Clothing,T-Shirt,3971.03,2,No,Inactive,Debit Card,2024-03-26,Hyderabad,4.6
C01463,24,Male,Books,Comics,545.88,3,Yes,Inactive,UPI,2025-10-11,Kolkata,3.8
C01976,54,Male,Clothing,T-Shirt,3536.19,4,Yes,Active,Cash,2024-09-25,Chennai,4.8
C00318,38,Male,Electronics,Smartphone,82819.97,1,No,Inactive,Debit Card,2024-02-22,Bengaluru,3.7
C01755,61,Female,Electronics,Smartwatch,8857.31,1,No,Inactive,Credit Card,2025-05-30,Chennai,3.9
C01487,65,Male,Electronics,Speaker,68461.43,1,Yes,Active,Cash,2025-03-21,Ahmedabad,5.0
C01680,41,Female,Sports,Yoga Mat,10952.37,2,No,Inactive,Wallet,2024-06-07,Pune,4.8
C01939,44,Female,Clothing,Dress,3990.87,2,No,Inactive,Debit Card,2024-06-03,Kolkata,2.1
C00668,54,Female,Sports,Football,6116.83,2,Yes,Active,Wallet,2025-07-21,Ahmedabad,4.7
C00886,22,Female,Electronics,Speaker,35221.41,4,Yes,Active,Credit Card,2024-07-07,Mumbai,3.5
C00710,28,Male,Sports,Cricket Bat,10814.02,2,No,Active,Debit Card,2025-11-17,Hyderabad,4.4
C00338,27,Male,Home & Kitchen,Cookware,10485.13,1,Yes,Active,Credit Card,2025-05-04,Delhi,4.9
C00291,32,Female,Sports,Cricket Bat,7012.99,2,Yes,Inactive,UPI,2025-08-11,Mumbai,5.0
C01951,50,Male,Electronics,Speaker,29863.77,2,No,Inactive,UPI,2024-09-20,Ahmedabad,4.1
C01456,52,Male,Electronics,Laptop,69931.84,1,No,Inactive,Debit Card,2024-06-03,Bengaluru,3.2
C01098,49,Other,Beauty,Face Cream,2782.62,5,No,Active,Credit Card,2025-03-10,Bengaluru,2.5
C00931,55,Female,Clothing,Jacket,1583.04,1,Yes,Inactive,Net Banking,2025-12-12,Chennai,4.4
C01354,56,Female,Books,Business,1083.54,3,Yes,Active,Debit Card,2025-05-04,Mumbai,3.9
C01877,40,Male,Beauty,Perfume,3308.59,2,Yes,Active,UPI,2025-04-21,Hyderabad,3.3
C01408,28,Female,Books,Business,1451.97,2,Yes,Inactive,Wallet,2025-06-12,Kolkata,4.0
C00860,57,Male,Electronics,Smartwatch,23855.39,1,Yes,Active,Credit Card,2025-07-16,Pune,2.7
C00065,57,Male,Beauty,Skin Serum,3405.33,1,Yes,Inactive,Debit Card,2025-09-12,Delhi,4.0
C00784,41,Female,Electronics,Smartwatch,56162.28,3,No,Active,Credit Card,2025-04-13,Ahmedabad,3.2
C01250,20,Male,Sports,Dumbbells,2635.07,1,No,Inactive,UPI,2024-02-12,Pune,3.4
C01717,18,Female,Clothing,Jeans,2756.18,1,No,Active,Net Banking,2025-06-29,Ahmedabad,3.9
C01554,55,Male,Electronics,Headphones,36571.67,3,No,Active,Wallet,2025-01-20,Kolkata,4.2
C00900,30,Female,Books,Business,1340.91,4,Yes,Inactive,Debit Card,2025-05-22,Ahmedabad,4.0
C00841,38,Male,Sports,Cricket Bat,6233.35,4,No,Active,Cash,2025-08-28,Delhi,4.7
C00113,42,Male,Clothing,Dress,4944.67,4,Yes,Active,Credit Card,2024-07-03,Mumbai,5.0
C01924,60,Male,Electronics,Speaker,64372.3,3,No,Inactive,UPI,2024-02-23,Mumbai,3.4
C00072,22,Female,Clothing,Sneakers,4761.55,1,No,Inactive,Credit Card,2025-06-20,Mumbai,4.6
C01204,55,Male,Clothing,Dress,4563.37,2,No,Active,Net Banking,2024-05-04,Mumbai,4.2
C00805,19,Male,Home & Kitchen,Storage Box,1543.93,1,No,Inactive,Debit Card,2024-01-17,Ahmedabad,4.7
C01927,19,Female,Sports,Yoga Mat,5584.29,2,Yes,Active,Debit Card,2024-04-17,Chandigarh,3.6
C00331,31,Male,Home & Kitchen,Storage Box,13954.79,2,Yes,Inactive,Debit Card,2025-07-04,Chandigarh,3.7
C00457,57,Female,Sports,Yoga Mat,11227.67,1,No,Active,Wallet,2024-02-22,Jaipur,4.2
C01805,38,Male,Books,Comics,1617.77,1,Yes,Active,Credit Card,2024-06-28,Hyderabad,4.3
C00563,37,Female,Beauty,Perfume,2800.24,1,No,Inactive,Credit Card,2025-04-28,Bengaluru,3.2
C01748,55,Male,Clothing,Sneakers,1598.75,2,No,Active,Net Banking,2025-03-23,Jaipur,3.6
C00594,64,Male,Electronics,Smartphone,35274.66,2,No,Inactive,Net Banking,2024-12-31,Mumbai,3.9
C00679,64,Female,Beauty,Lipstick,3914.48,1,No,Inactive,Wallet,2025-03-14,Hyderabad,3.9
C00130,62,Female,Clothing,Jacket,1600.66,1,Yes,Inactive,Credit Card,2025-12-21,Mumbai,4.3
C00821,60,Male,Beauty,Lipstick,1785.99,5,No,Inactive,Net Banking,2025-11-03,Mumbai,4.8
C01990,65,Female,Sports,Dumbbells,10975.78,1,No,Inactive,UPI,2024-11-13,Kolkata,3.3
C01202,33,Male,Books,Business,825.65,5,No,Active,UPI,2025-01-17,Delhi,4.7
C00867,61,Male,Sports,Yoga Mat,9558.45,4,No,Inactive,Net Banking,2024-04-05,Chandigarh,4.5
C01171,55,Female,Books,Comics,1241.88,1,No,Inactive,Credit Card,2025-09-05,Kolkata,3.1
C00561,27,Female,Home & Kitchen,Bedsheet,7042.75,5,No,Active,Wallet,2024-01-08,Hyderabad,3.7
C01063,38,Female,Clothing,Sneakers,2771.49,2,No,Inactive,Wallet,2024-06-07,Hyderabad,4.7
C02000,48,Female,Books,Comics,1862.78,2,No,Inactive,Debit Card,2025-04-13,Delhi,3.9
C01934,32,Female,Electronics,Headphones,70414.66,2,Yes,Active,UPI,2025-02-25,Mumbai,3.5
C00674,60,Male,Beauty,Face Cream,4276.29,2,Yes,Active,Credit Card,2025-06-21,Hyderabad,4.7
C00191,20,Female,Clothing,Sneakers,3948.16,2,No,Inactive,UPI,2024-03-11,Kolkata,3.0
C01185,34,Female,Sports,Yoga Mat,1832.88,1,No,Active,UPI,2024-12-17,Kolkata,4.0
C01040,48,Male,Electronics,Laptop,41648.72,1,No,Active,Cash,2025-09-26,Mumbai,4.0
C00198,49,Male,Electronics,Smartwatch,16068.22,1,Yes,Inactive,UPI,2024-11-09,Kolkata,5.0
C00120,55,Male,Books,Business,656.55,3,Yes,Inactive,Credit Card,2025-06-28,Kolkata,4.9
C01268,30,Female,Beauty,Lipstick,999.39,4,Yes,Inactive,Credit Card,2025-04-23,Chandigarh,4.9
C00146,51,Female,Electronics,Laptop,37548.72,1,Yes,Inactive,UPI,2024-03-28,Bengaluru,3.5
C01643,52,Female,Sports,Yoga Mat,9431.57,1,No,Active,Debit Card,2025-03-09,Kolkata,4.4
C01806,26,Male,Clothing,T-Shirt,4753.63,2,Yes,Active,Debit Card,2025-10-07,Mumbai,3.7
C00313,54,Female,Clothing,Jacket,948.52,2,No,Inactive,Credit Card,2024-04-23,Kolkata,2.7
C00273,33,Female,Electronics,Speaker,11136.87,3,No,Inactive,Credit Card,2025-07-25,Delhi,4.8
C00887,60,Male,Clothing,Jacket,4967.02,1,No,Inactive,UPI,2024-04-03,Bengaluru,4.2
C01415,27,Male,Books,Self-Help,561.68,1,No,Active,Wallet,2025-07-04,Jaipur,4.9
C00881,19,Male,Home & Kitchen,Lamp,1783.35,1,No,Active,UPI,2024-07-21,Chennai,3.6
C00564,31,Female,Clothing,Jacket,3479.73,2,No,Active,Credit Card,2025-12-02,Mumbai,3.9
C00877,37,Female,Clothing,Sneakers,3471.11,5,No,Inactive,Debit Card,2025-01-10,Delhi,3.5
C00001,41,Female,Electronics,Smartphone,40289.91,1,Yes,Inactive,Net Banking,2024-03-23,Pune,3.3
C01716,30,Male,Home & Kitchen,Lamp,14302.44,4,No,Active,Credit Card,2025-05-01,Delhi,4.1
C00627,61,Female,Beauty,Face Cream,389.63,4,No,Active,UPI,2024-11-26,Mumbai,3.9
C01346,22,Male,Books,Technology,1128.85,2,Yes,Inactive,UPI,2025-01-17,Chennai,2.3
C00179,23,Other,Books,Self-Help,1513.46,1,Yes,Inactive,Debit Card,2025-08-15,Jaipur,4.8
C01945,20,Male,Home & Kitchen,Bedsheet,13094.93,2,No,Inactive,Credit Card,2024-12-09,Mumbai,3.7
C00958,20,Male,Home & Kitchen,Cookware,7926.48,1,No,Active,Cash,2025-07-13,Hyderabad,4.9
C00012,43,Female,Sports,Football,5450.35,2,Yes,Inactive,UPI,2025-03-10,Chennai,4.2
C01414,30,Male,Books,Technology,615.27,2,No,Active,UPI,2025-08-26,Chandigarh,2.9
C00504,51,Female,Clothing,T-Shirt,4527.55,1,Yes,Inactive,UPI,2025-03-14,Chennai,5.0
C01244,43,Male,Beauty,Lipstick,4112.83,1,No,Inactive,Debit Card,2025-07-04,Delhi,4.2
C00952,31,Male,Home & Kitchen,Coffee Maker,9203.76,3,Yes,Inactive,Debit Card,2025-07-11,Bengaluru,3.8
C01098,39,Female,Beauty,Perfume,3196.5,3,No,Active,UPI,2024-09-22,Mumbai,4.2
C01150,45,Female,Clothing,Jacket,914.08,2,No,Inactive,Credit Card,2024-08-02,Chennai,4.0
C01717,41,Female,Clothing,Dress,2546.94,4,No,Active,Cash,2025-09-22,Jaipur,5.0
C00528,43,Female,Electronics,Smartphone,49797.26,2,No,Inactive,UPI,2025-10-07,Kolkata,4.0
C00544,64,Other,Books,Comics,693.07,1,Yes,Inactive,UPI,2024-01-23,Ahmedabad,4.0
C00907,41,Male,Beauty,Face Cream,4990.02,1,No,Inactive,Credit Card,2025-03-28,Delhi,4.1
C00977,49,Female,Beauty,Lipstick,2694.97,3,Yes,Inactive,Debit Card,2024-06-08,Bengaluru,4.9
C01630,43,Female,Home & Kitchen,Bedsheet,8719.63,5,No,Active,Credit Card,2025-01-05,Kolkata,4.0
C00217,65,Male,Clothing,Sneakers,4883.5,1,Yes,Inactive,UPI,2024-12-28,Kolkata,4.5
C01107,32,Male,Home & Kitchen,Coffee Maker,9457.82,2,Yes,Active,Wallet,2025-06-16,Kolkata,3.5
C01990,24,Male,Electronics,Smartwatch,49312.11,1,No,Active,Net Banking,2025-06-02,Delhi,5.0
C00685,33,Male,Clothing,T-Shirt,3350.41,3,No,Inactive,Net Banking,2024-12-22,Ahmedabad,4.0
C00700,57,Other,Home & Kitchen,Cookware,10431.84,1,No,Inactive,Cash,2024-11-20,Chennai,3.4
C01236,52,Female,Electronics,Speaker,73671.13,1,Yes,Active,Wallet,2024-10-24,Delhi,4.5
C00379,21,Female,Home & Kitchen,Storage Box,7459.53,1,No,Active,Credit Card,2025-07-05,Mumbai,3.7
C01970,40,Male,Clothing,Sneakers,3708.31,2,No,Active,Cash,2024-10-31,Mumbai,2.6
C01589,55,Male,Electronics,Smartphone,51112.81,3,No,Inactive,UPI,2025-05-05,Bengaluru,4.1
C01453,53,Other,Beauty,Skin Serum,2037.75,1,No,Active,UPI,2024-04-28,Delhi,4.9
C00942,48,Male,Home & Kitchen,Lamp,8106.66,2,No,Active,Credit Card,2025-08-20,Pune,5.0
C01423,59,Other,Sports,Cricket Bat,7028.49,2,Yes,Active,Debit Card,2025-06-05,Pune,4.0
C01771,23,Male,Beauty,Shampoo,1172.48,2,No,Inactive,Cash,2024-08-22,Bengaluru,4.2
C00344,22,Male,Books,Comics,1664.27,1,No,Inactive,UPI,2024-08-11,Chandigarh,4.1
C00504,58,Male,Beauty,Face Cream,2639.19,3,Yes,Active,Debit Card,2024-12-29,Kolkata,4.0
C00379,56,Male,Home & Kitchen,Cookware,5508.37,1,Yes,Active,Credit Card,2025-05-28,Chandigarh,3.8
C00591,33,Male,Beauty,Face Cream,3303.36,1,No,Active,Wallet,2025-12-03,Chennai,3.6
C01893,42,Female,Sports,Dumbbells,605.71,2,No,Active,Credit Card,2025-12-16,Hyderabad,3.8
C00547,63,Female,Beauty,Skin Serum,1091.01,3,Yes,Active,UPI,2025-05-10,Chennai,4.0
C00029,34,Male,Beauty,Lipstick,584.24,3,No,Inactive,Cash,2025-08-10,Delhi,3.2
C01136,37,Female,Books,Self-Help,1260.52,4,No,Inactive,UPI,2025-07-09,Delhi,3.1
C01149,34,Female,Clothing,Sneakers,3281.93,1,No,Active,Cash,2025-10-28,Kolkata,4.9
C00109,35,Other,Clothing,T-Shirt,2995.26,2,No,Active,UPI,2024-09-19,Ahmedabad,4.1
C01711,51,Male,Books,Technology,1200.14,1,Yes,Active,UPI,2025-12-15,Ahmedabad,3.7
C01852,56,Female,Electronics,Smartwatch,21922.85,1,No,Active,Debit Card,2024-11-23,Delhi,3.9
C00646,65,Male,Clothing,T-Shirt,3801.45,3,No,Inactive,Net Banking,2024-04-05,Chennai,5.0
C00937,33,Other,Home & Kitchen,Storage Box,11896.05,1,Yes,Inactive,UPI,2025-04-11,Ahmedabad,4.2
C00093,28,Male,Home & Kitchen,Coffee Maker,9396.75,1,Yes,Inactive,UPI,2025-11-20,Jaipur,4.0
C01289,49,Female,Electronics,Laptop,29766.21,3,No,Active,Debit Card,2025-11-21,Pune,3.0
C00320,61,Female,Sports,Cricket Bat,7980.13,3,Yes,Inactive,UPI,2025-01-18,Jaipur,2.9
C01410,52,Female,Electronics,Smartphone,58181.28,4,No,Inactive,UPI,2024-08-20,Bengaluru,3.9
C00709,52,Female,Electronics,Smartwatch,72450.97,1,No,Inactive,Credit Card,2024-03-27,Chennai,5.0
C01523,55,Male,Electronics,Laptop,26929.4,2,Yes,Inactive,Debit Card,2024-08-20,Chennai,4.1
C00946,44,Male,Clothing,Sneakers,1810.35,3,No,Inactive,UPI,2025-02-19,Pune,5.0
C01383,38,Male,Home & Kitchen,Lamp,719.76,1,No,Active,UPI,2024-03-29,Ahmedabad,3.9
C01405,53,Female,Clothing,Dress,1059.5,2,Yes,Inactive,Net Banking,2025-01-16,Mumbai,2.8
C00794,35,Female,Clothing,T-Shirt,1975.05,1,Yes,Inactive,Wallet,2025-12-10,Mumbai,4.3
C01448,35,Female,Electronics,Smartwatch,4349.59,2,No,Inactive,UPI,2024-12-22,Delhi,3.9
C01525,32,Male,Clothing,T-Shirt,1804.15,1,No,Inactive,Cash,2024-04-15,Jaipur,4.4
C01763,55,Male,Sports,Yoga Mat,9377.8,1,Yes,Inactive,UPI,2025-12-09,Pune,2.6
C01846,41,Male,Electronics,Smartwatch,60300.54,3,No,Inactive,Debit Card,2024-02-17,Ahmedabad,4.6
C00293,56,Male,Clothing,Dress,1998.16,4,No,Inactive,Credit Card,2025-07-03,Delhi,5.0
C01883,50,Male,Beauty,Face Cream,3192.05,2,No,Inactive,Cash,2025-03-21,Mumbai,4.8
C00856,64,Male,Sports,Running Shoes,1659.46,2,Yes,Inactive,Wallet,2025-06-29,Mumbai,3.5
C01474,49,Female,Clothing,Sneakers,4465.29,1,No,Inactive,UPI,2024-07-06,Kolkata,3.4
C01967,47,Male,Clothing,Sneakers,1257.97,1,Yes,Inactive,Credit Card,2025-09-27,Chandigarh,3.9
C00891,42,Female,Clothing,Jeans,4283.02,2,Yes,Inactive,UPI,2025-11-22,Mumbai,3.9
C01451,58,Female,Sports,Dumbbells,2988.2,2,No,Active,Net Banking,2025-08-30,Kolkata,3.2
C00948,56,Male,Sports,Running Shoes,1565.4,1,No,Inactive,UPI,2024-08-16,Hyderabad,4.3
C00482,58,Female,Home & Kitchen,Coffee Maker,12410.27,2,Yes,Active,UPI,2024-04-02,Delhi,3.7
C01625,29,Male,Clothing,Dress,2076.74,1,No,Inactive,UPI,2025-04-16,Chennai,4.5
C01428,64,Male,Clothing,T-Shirt,2410.67,1,No,Inactive,Wallet,2024-02-25,Bengaluru,3.7
C01649,48,Male,Clothing,T-Shirt,2823.05,3,Yes,Active,Debit Card,2025-08-19,Delhi,3.9
C01024,52,Female,Electronics,Laptop,2704.07,1,No,Inactive,Net Banking,2025-01-21,Bengaluru,4.6
C00655,32,Female,Home & Kitchen,Cookware,1677.28,2,No,Inactive,Debit Card,2024-11-23,Kolkata,3.6
C00741,25,Female,Sports,Running Shoes,6270.33,3,No,Inactive,UPI,2025-03-29,Chandigarh,4.0
C00974,37,Male,Books,Business,295.82,2,Yes,Active,Debit Card,2024-07-04,Mumbai,4.7
C00521,26,Female,Beauty,Skin Serum,1060.54,2,No,Inactive,UPI,2024-10-28,Chennai,3.8
C00109,62,Male,Beauty,Skin Serum,2335.28,1,No,Inactive,Credit Card,2024-04-25,Kolkata,4.5
C00569,52,Male,Home & Kitchen,Storage Box,13319.43,1,Yes,Inactive,Wallet,2025-12-03,Jaipur,5.0
C00586,46,Male,Beauty,Perfume,3527.1,2,No,Inactive,UPI,2025-07-28,Chandigarh,4.0
C00350,26,Female,Clothing,T-Shirt,3615.41,2,No,Inactive,UPI,2025-09-13,Hyderabad,4.3
C01498,59,Female,Home & Kitchen,Coffee Maker,2777.4,3,No,Active,Net Banking,2025-09-19,Chennai,4.7
C01465,64,Female,Clothing,Jeans,1572.64,1,No,Active,Credit Card,2024-11-28,Delhi,2.6
C01326,53,Male,Clothing,T-Shirt,801.02,2,No,Inactive,Debit Card,2024-03-16,Delhi,5.0
C00866,42,Female,Electronics,Laptop,82710.62,1,No,Inactive,Debit Card,2025-02-07,Ahmedabad,4.3
C01202,50,Male,Home & Kitchen,Lamp,8624.29,2,Yes,Active,Credit Card,2025-09-17,Kolkata,4.9
C01959,60,Female,Beauty,Perfume,1917.71,1,No,Active,Cash,2025-09-15,Bengaluru,4.6
C01855,62,Male,Clothing,Sneakers,1575.66,3,No,Inactive,Debit Card,2025-09-18,Mumbai,4.2
C01565,65,Male,Home & Kitchen,Lamp,3847.06,3,Yes,Active,UPI,2024-12-08,Jaipur,4.0
C00895,34,Male,Electronics,Speaker,75788.25,2,Yes,Inactive,Wallet,2025-02-10,Kolkata,3.4
C00588,58,Female,Books,Business,857.95,1,Yes,Inactive,UPI,2025-10-30,Pune,4.7
C00961,31,Female,Clothing,Sneakers,2955.09,4,No,Inactive,UPI,2025-12-31,Mumbai,4.4
C00558,48,Female,Home & Kitchen,Cookware,1830.02,1,No,Active,Credit Card,2025-08-27,Chennai,3.6
C00560,46,Male,Electronics,Smartwatch,26222.37,4,Yes,Active,Wallet,2024-04-20,Kolkata,3.6
C01368,20,Male,Beauty,Face Cream,1521.87,3,No,Inactive,UPI,2025-10-03,Jaipur,4.9
C01406,19,Male,Home & Kitchen,Lamp,6683.6,1,No,Inactive,Debit Card,2024-06-08,Hyderabad,4.5
C00710,54,Male,Beauty,Perfume,1388.74,1,No,Active,Credit Card,2025-06-20,Ahmedabad,3.9
C00642,34,Female,Electronics,Laptop,11627.48,1,Yes,Active,Cash,2025-09-04,Delhi,4.4
C01063,49,Female,Sports,Yoga Mat,769.56,1,Yes,Inactive,Net Banking,2024-05-17,Hyderabad,3.5
C00541,43,Female,Sports,Running Shoes,9577.6,1,No,Inactive,Net Banking,2025-02-01,Kolkata,3.4
C00478,57,Male,Electronics,Smartwatch,66239.25,1,No,Inactive,UPI,2024-08-25,Chandigarh,4.5
C00546,19,Female,Clothing,Sneakers,1982.89,1,No,Active,Credit Card,2025-10-16,Kolkata,4.3
C00208,60,Male,Electronics,Laptop,21734.12,1,No,Active,Debit Card,2024-03-20,Jaipur,4.5
C01585,22,Female,Clothing,Jeans,2794.61,1,No,Active,Credit Card,2025-07-23,Mumbai,4.3
C00576,52,Female,Electronics,Smartwatch,40631.92,1,Yes,Active,UPI,2025-07-30,Pune,3.7
C01801,46,Male,Beauty,Lipstick,2120.61,2,Yes,Inactive,Credit Card,2025-04-29,Mumbai,3.6
C01285,53,Female,Clothing,T-Shirt,2954.23,2,No,Active,Debit Card,2024-02-22,Chandigarh,2.8
C01590,41,Female,Clothing,T-Shirt,938.79,2,No,Active,Net Banking,2025-06-11,Hyderabad,4.7
C00549,25,Other,Clothing,Jacket,3547.15,2,No,Active,Credit Card,2025-04-04,Pune,3.6
C01181,48,Female,Books,Comics,1499.94,1,No,Active,Cash,2024-06-09,Kolkata,4.2
C00821,53,Female,Clothing,T-Shirt,3359.05,1,No,Active,Credit Card,2025-08-05,Pune,3.6
C00284,36,Female,Electronics,Headphones,84940.45,1,Yes,Inactive,Credit Card,2025-04-10,Ahmedabad,3.4
C01104,37,Female,Beauty,Face Cream,723.01,2,No,Inactive,Credit Card,2024-06-14,Chandigarh,3.6
C01809,21,Male,Electronics,Speaker,46495.11,2,No,Inactive,Credit Card,2024-11-18,Chennai,5.0
C00903,41,Female,Clothing,Sneakers,4149.58,3,Yes,Inactive,Cash,2024-07-08,Hyderabad,3.6
C00152,28,Male,Books,Technology,952.21,2,No,Inactive,Debit Card,2025-11-18,Pune,3.8
C01923,63,Male,Beauty,Lipstick,1075.6,2,No,Inactive,Credit Card,2025-07-31,Jaipur,5.0
C00707,24,Other,Electronics,Speaker,74187.45,2,No,Active,UPI,2024-07-25,Bengaluru,3.5
C01951,47,Male,Electronics,Laptop,70126.03,3,No,Inactive,Cash,2025-03-21,Bengaluru,4.3
C01561,45,Female,Beauty,Skin Serum,809.84,1,No,Inactive,UPI,2024-07-02,Pune,4.6
C01560,50,Male,Sports,Yoga Mat,2959.07,2,No,Active,UPI,2025-01-27,Hyderabad,4.1
C01590,54,Male,Electronics,Laptop,52766.48,1,Yes,Inactive,UPI,2025-10-28,Kolkata,4.6
C00833,56,Male,Clothing,Jacket,1672.93,1,No,Active,Cash,2025-09-08,Delhi,3.7
C01541,54,Female,Books,Fiction,1749.37,1,Yes,Active,UPI,2025-08-09,Delhi,4.3
C01582,34,Other,Electronics,Smartphone,84738.81,3,No,Active,Debit Card,2025-01-16,Chandigarh,5.0
C00709,49,Male,Home & Kitchen,Coffee Maker,2857.08,1,Yes,Active,Credit Card,2024-02-17,Kolkata,3.6
C01672,50,Female,Clothing,Sneakers,851.91,1,Yes,Inactive,Credit Card,2025-08-27,Ahmedabad,4.4
C00219,22,Female,Electronics,Smartphone,29641.98,1,No,Inactive,UPI,2025-03-08,Hyderabad,3.3
C01350,34,Male,Sports,Running Shoes,4711.85,1,No,Active,Credit Card,2025-08-09,Bengaluru,3.7
C01527,37,Male,Home & Kitchen,Lamp,14016.2,1,No,Active,UPI,2025-02-24,Kolkata,2.6
C01271,37,Female,Home & Kitchen,Cookware,3379.37,4,No,Inactive,Debit Card,2025-01-20,Jaipur,5.0
C01276,45,Female,Clothing,Jeans,1569.29,1,No,Active,Credit Card,2024-12-14,Ahmedabad,4.1
C01128,20,Male,Beauty,Skin Serum,4738.98,1,No,Inactive,Debit Card,2025-12-31,Jaipur,3.6
C01467,18,Male,Books,Business,1522.85,1,Yes,Inactive,Credit Card,2025-03-29,Kolkata,2.7
C00810,62,Female,Home & Kitchen,Bedsheet,5628.52,1,No,Inactive,Cash,2024-09-01,Delhi,4.3
C00030,50,Male,Sports,Cricket Bat,3233.75,1,No,Inactive,Credit Card,2024-05-12,Kolkata,3.3
C01344,49,Male,Electronics,Headphones,41548.58,2,No,Inactive,Credit Card,2024-04-05,Chennai,3.9
C01314,29,Male,Electronics,Speaker,68008.73,2,No,Active,Debit Card,2024-11-26,Jaipur,4.0
C01672,24,Male,Home & Kitchen,Coffee Maker,10428.82,2,Yes,Inactive,Net Banking,2025-05-10,Bengaluru,4.4
C00282,36,Male,Clothing,Dress,2894.86,4,Yes,Active,Credit Card,2025-07-21,Bengaluru,3.4
C00695,29,Female,Clothing,T-Shirt,2614.81,4,Yes,Inactive,Credit Card,2024-09-01,Pune,3.7
C00188,36,Female,Sports,Dumbbells,11319.45,4,No,Inactive,Debit Card,2025-09-18,Chandigarh,4.2
C01850,35,Other,Home & Kitchen,Coffee Maker,5983.06,1,No,Inactive,Debit Card,2025-08-15,Chennai,4.5
C00298,60,Female,Home & Kitchen,Coffee Maker,5552.08,1,No,Active,Wallet,2024-08-04,Pune,4.2
C00899,46,Male,Home & Kitchen,Cookware,6787.76,3,No,Inactive,Debit Card,2025-04-09,Chandigarh,3.8
C00916,37,Female,Beauty,Lipstick,2833.99,1,No,Inactive,Credit Card,2025-10-05,Chandigarh,4.2
C01765,42,Female,Home & Kitchen,Cookware,9783.45,1,No,Active,UPI,2025-04-08,Hyderabad,3.5
C00763,24,Female,Sports,Dumbbells,7651.87,2,No,Inactive,Credit Card,2025-06-26,Kolkata,3.3
C00726,39,Other,Electronics,Speaker,56023.32,1,No,Inactive,Net Banking,2024-03-01,Kolkata,4.2
C01616,34,Male,Beauty,Skin Serum,4637.5,2,No,Active,Credit Card,2025-08-22,Jaipur,4.8
C01939,44,Female,Electronics,Laptop,71894.9,2,No,Inactive,Credit Card,2024-09-19,Hyderabad,3.9
C01075,52,Female,Beauty,Shampoo,3120.48,1,No,Inactive,Debit Card,2025-03-29,Kolkata,4.2
C01203,31,Other,Sports,Football,3726.95,1,Yes,Active,Debit Card,2025-05-11,Mumbai,5.0
C01115,22,Male,Sports,Football,5141.52,5,Yes,Inactive,Net Banking,2025-03-28,Delhi,4.1
C01110,28,Female,Electronics,Smartwatch,63075.52,1,No,Inactive,Net Banking,2024-12-29,Kolkata,5.0
C00169,65,Female,Clothing,Jeans,1700.94,3,No,Active,UPI,2024-04-15,Chennai,4.0
C00165,34,Female,Electronics,Laptop,57930.21,2,No,Inactive,Credit Card,2024-10-11,Mumbai,5.0
C00687,30,Female,Beauty,Shampoo,466.62,1,No,Active,UPI,2024-08-14,Kolkata,3.4
C01692,27,Male,Beauty,Skin Serum,4837.72,1,No,Active,Debit Card,2025-10-12,Jaipur,5.0
C01446,47,Female,Sports,Running Shoes,5753.87,3,Yes,Active,Net Banking,2025-06-17,Kolkata,4.2
C01555,50,Male,Sports,Cricket Bat,5283.13,1,Yes,Inactive,Credit Card,2025-11-29,Pune,4.8
C00903,47,Male,Beauty,Shampoo,792.82,1,Yes,Inactive,Cash,2024-01-13,Kolkata,3.7
C00785,52,Male,Books,Comics,1237.6,2,Yes,Inactive,Credit Card,2025-03-16,Hyderabad,3.0
C01572,36,Male,Electronics,Smartwatch,63927.92,1,Yes,Active,UPI,2024-08-12,Bengaluru,3.6
C01005,64,Male,Clothing,Dress,4356.73,3,No,Inactive,Debit Card,2024-09-17,Pune,3.3
C00270,42,Female,Home & Kitchen,Coffee Maker,6656.97,1,Yes,Active,Debit Card,2025-10-29,Bengaluru,3.5
C01153,51,Female,Home & Kitchen,Storage Box,3410.99,1,Yes,Active,Wallet,2024-05-19,Bengaluru,3.5
C00296,54,Female,Electronics,Smartphone,27024.91,2,Yes,Inactive,UPI,2025-03-22,Chandigarh,4.1
C01563,31,Female,Clothing,Sneakers,2831.49,1,No,Inactive,Net Banking,2024-09-14,Bengaluru,3.8
C00630,46,Male,Books,Technology,1360.58,2,No,Active,UPI,2025-03-24,Pune,3.3
C01949,29,Male,Sports,Running Shoes,4668.6,1,Yes,Active,UPI,2025-05-23,Pune,4.8
C01751,59,Female,Books,Comics,1504.06,1,No,Inactive,Wallet,2025-10-12,Chandigarh,3.2
C00639,27,Male,Electronics,Headphones,43549.11,1,No,Active,Credit Card,2025-08-28,Ahmedabad,4.1
C01108,21,Male,Beauty,Shampoo,3815.94,4,Yes,Inactive,Cash,2024-02-08,Hyderabad,3.5
C01097,53,Male,Home & Kitchen,Coffee Maker,12571.07,2,No,Active,Credit Card,2024-05-01,Kolkata,2.9
C01125,23,Female,Books,Comics,840.73,2,Yes,Inactive,Debit Card,2025-10-25,Pune,4.7
C01830,35,Female,Clothing,Sneakers,2519.91,3,Yes,Active,Credit Card,2024-10-19,Pune,3.7
C01974,41,Female,Books,Technology,1996.94,1,No,Inactive,UPI,2024-05-20,Mumbai,4.1
C01000,44,Female,Home & Kitchen,Bedsheet,8059.47,1,No,Active,UPI,2024-01-31,Chandigarh,3.3
C01694,26,Male,Books,Comics,659.36,1,No,Inactive,Credit Card,2025-02-12,Mumbai,3.7
C00639,20,Other,Beauty,Face Cream,1604.62,5,Yes,Active,Credit Card,2024-02-08,Chennai,3.1
C00130,50,Female,Clothing,Sneakers,1880.34,2,No,Active,Cash,2024-03-09,Delhi,3.0
C01351,60,Female,Sports,Yoga Mat,5196.01,3,Yes,Inactive,UPI,2024-12-06,Kolkata,4.4
C00838,56,Male,Books,Business,626.54,1,Yes,Inactive,Wallet,2025-02-20,Chandigarh,3.6
C00774,54,Female,Electronics,Smartwatch,83896.92,1,No,Active,Debit Card,2025-05-10,Chennai,4.5
C00174,46,Other,Electronics,Speaker,56199.39,1,No,Inactive,Credit Card,2025-10-12,Mumbai,3.9
C01142,49,Male,Electronics,Smartwatch,2520.97,2,No,Inactive,UPI,2024-06-14,Kolkata,4.1
C01489,51,Female,Beauty,Skin Serum,266.99,1,No,Active,Cash,2025-03-31,Mumbai,4.5
C01204,47,Female,Sports,Dumbbells,9730.99,3,No,Inactive,Credit Card,2025-05-11,Jaipur,3.3
C01828,41,Female,Sports,Football,4812.29,1,Yes,Inactive,UPI,2025-03-23,Delhi,4.6
C00627,19,Male,Clothing,T-Shirt,1030.39,4,No,Inactive,UPI,2025-04-11,Chennai,3.6
C00798,24,Female,Home & Kitchen,Coffee Maker,13242.73,2,Yes,Inactive,Debit Card,2025-05-18,Bengaluru,3.0
C01125,33,Male,Electronics,Laptop,28300.29,1,Yes,Active,Wallet,2024-08-14,Chandigarh,4.2
C01207,32,Male,Sports,Football,10211.69,1,Yes,Inactive,UPI,2025-06-23,Delhi,4.2
C01147,62,Male,Electronics,Smartphone,16246.49,2,No,Inactive,Debit Card,2024-09-01,Delhi,4.9
C00703,59,Male,Home & Kitchen,Lamp,12577.68,2,Yes,Inactive,Credit Card,2024-04-28,Chennai,4.9
C01025,36,Male,Books,Self-Help,1533.7,2,Yes,Active,Debit Card,2025-08-03,Bengaluru,3.6
C01012,32,Female,Clothing,Jacket,895.62,2,Yes,Inactive,Credit Card,2025-04-28,Kolkata,4.3
C00125,46,Male,Sports,Running Shoes,2361.23,2,No,Active,Debit Card,2024-08-01,Chandigarh,4.3
C00714,37,Male,Electronics,Smartphone,85852.87,2,No,Inactive,Wallet,2024-06-21,Delhi,3.1
C00049,23,Male,Electronics,Laptop,20586.29,2,No,Inactive,UPI,2024-03-30,Pune,5.0
C01839,62,Female,Beauty,Face Cream,442.1,3,No,Active,Debit Card,2024-05-30,Bengaluru,4.5
C01697,44,Male,Electronics,Smartwatch,82310.95,1,No,Active,Credit Card,2024-10-20,Kolkata,3.7
C00405,33,Male,Electronics,Laptop,70053.35,2,No,Active,Wallet,2025-05-05,Ahmedabad,4.8
C01472,48,Male,Beauty,Perfume,4970.64,1,No,Inactive,Wallet,2024-03-02,Chennai,4.4
C00092,38,Male,Home & Kitchen,Storage Box,5130.21,1,Yes,Inactive,Debit Card,2024-04-23,Chandigarh,3.0
C00021,49,Male,Clothing,Dress,3495.36,2,No,Inactive,Net Banking,2025-04-03,Ahmedabad,4.9
C00387,43,Female,Sports,Football,1310.18,2,Yes,Inactive,Credit Card,2025-02-22,Mumbai,4.5
C01571,56,Male,Clothing,Jeans,1934.86,1,No,Active,Cash,2025-02-09,Delhi,4.3
C01382,65,Female,Sports,Running Shoes,3046.33,3,No,Active,Net Banking,2024-08-26,Hyderabad,2.9
C00596,48,Male,Clothing,T-Shirt,3067.41,2,Yes,Inactive,Wallet,2024-07-12,Chandigarh,4.6
C00964,18,Female,Books,Business,758.85,1,No,Inactive,Credit Card,2025-06-18,Delhi,3.1
C01087,43,Female,Sports,Yoga Mat,8214.95,1,Yes,Inactive,Credit Card,2024-12-28,Bengaluru,4.0
C01183,42,Female,Home & Kitchen,Cookware,2487.83,1,No,Active,UPI,2025-04-06,Mumbai,4.3
C01984,45,Female,Sports,Running Shoes,4431.6,1,No,Inactive,Debit Card,2024-05-31,Kolkata,3.8
C01578,29,Female,Clothing,Jacket,1437.2,5,Yes,Inactive,Credit Card,2024-12-08,Mumbai,3.9
C01976,50,Male,Clothing,Dress,2053.61,1,No,Inactive,UPI,2024-03-23,Ahmedabad,4.0
C00004,37,Male,Beauty,Perfume,4021.4,1,Yes,Active,UPI,2025-10-15,Delhi,2.8
C01405,56,Female,Sports,Cricket Bat,8257.24,2,Yes,Inactive,UPI,2024-11-09,Delhi,4.2
C01500,39,Female,Clothing,Jeans,4369.18,1,Yes,Inactive,Credit Card,2024-01-17,Ahmedabad,3.9
C01926,33,Female,Home & Kitchen,Storage Box,6637.36,3,Yes,Inactive,Wallet,2024-11-06,Kolkata,2.8
C01051,64,Male,Clothing,Jacket,3454.92,3,No,Inactive,Net Banking,2024-07-04,Pune,5.0
C00751,54,Male,Books,Business,722.53,1,No,Inactive,UPI,2025-04-11,Chandigarh,2.8
C01706,49,Male,Clothing,Dress,4366.26,1,Yes,Active,Debit Card,2024-07-07,Hyderabad,4.6
C00583,32,Male,Clothing,T-Shirt,914.59,2,Yes,Inactive,UPI,2025-05-05,Bengaluru,3.1
C00881,35,Male,Electronics,Laptop,54458.86,3,Yes,Inactive,Cash,2025-11-04,Delhi,3.5
C01687,65,Female,Books,Technology,202.14,2,No,Inactive,Debit Card,2025-12-29,Mumbai,3.3
C00999,37,Male,Sports,Cricket Bat,11014.92,1,No,Inactive,Debit Card,2024-10-10,Ahmedabad,3.3
C01349,60,Male,Home & Kitchen,Cookware,583.3,3,No,Inactive,Credit Card,2024-04-15,Ahmedabad,4.4
C01427,65,Female,Electronics,Smartphone,65941.74,1,Yes,Active,Credit Card,2025-04-13,Kolkata,4.9
C00895,65,Female,Clothing,Sneakers,3255.08,3,No,Inactive,Credit Card,2024-01-29,Ahmedabad,3.1
C01004,40,Other,Home & Kitchen,Bedsheet,12318.17,3,Yes,Active,Net Banking,2024-08-14,Pune,3.2
C01561,24,Male,Electronics,Headphones,4831.99,1,Yes,Inactive,UPI,2024-04-27,Hyderabad,4.4
C00612,24,Female,Clothing,T-Shirt,2166.69,1,No,Inactive,Cash,2024-11-27,Jaipur,3.8
C00253,65,Female,Electronics,Smartwatch,88707.12,1,No,Inactive,Cash,2024-06-26,Chennai,5.0
C00994,35,Male,Clothing,T-Shirt,1127.01,2,No,Inactive,UPI,2024-10-23,Pune,2.4
C00961,43,Male,Clothing,T-Shirt,939.49,2,Yes,Active,UPI,2025-04-15,Chennai,2.8
C01336,30,Female,Home & Kitchen,Coffee Maker,1391.12,4,Yes,Active,UPI,2025-06-15,Pune,3.5
C00435,22,Female,Beauty,Face Cream,2579.38,1,Yes,Inactive,Debit Card,2025-04-02,Chennai,3.3
C01134,26,Female,Home & Kitchen,Storage Box,526.93,2,Yes,Active,Wallet,2025-03-17,Pune,3.6
C00246,33,Female,Home & Kitchen,Coffee Maker,2590.09,2,No,Inactive,Debit Card,2025-07-01,Jaipur,3.6
C00872,25,Female,Home & Kitchen,Coffee Maker,1879.61,2,No,Active,Cash,2025-11-11,Hyderabad,4.8
C00448,48,Male,Home & Kitchen,Cookware,3179.75,1,Yes,Active,UPI,2025-01-28,Chennai,3.7
C00582,58,Female,Clothing,T-Shirt,993.26,1,No,Active,UPI,2024-07-05,Pune,3.4
C00654,64,Male,Books,Technology,168.38,1,Yes,Active,UPI,2025-10-03,Pune,4.0
C00139,48,Male,Home & Kitchen,Lamp,2569.46,3,No,Active,Cash,2024-07-28,Ahmedabad,4.0
C00104,59,Male,Electronics,Smartphone,13469.06,1,No,Inactive,Debit Card,2024-04-13,Chandigarh,4.4
C00230,45,Female,Sports,Dumbbells,1631.5,4,No,Inactive,UPI,2024-09-23,Hyderabad,4.7
C00926,34,Female,Clothing,Sneakers,2113.92,5,No,Active,UPI,2025-05-06,Hyderabad,4.1
C00548,23,Male,Electronics,Headphones,52780.77,2,No,Inactive,UPI,2025-09-19,Ahmedabad,3.7
C01247,63,Female,Clothing,Sneakers,855.95,1,No,Inactive,Debit Card,2024-05-16,Chennai,3.6
C01787,59,Female,Beauty,Face Cream,2202.46,1,No,Active,Credit Card,2024-07-17,Pune,3.5
C01799,40,Female,Books,Fiction,151.87,1,No,Inactive,Cash,2024-03-25,Jaipur,5.0
C01654,58,Female,Electronics,Smartphone,79513.22,2,No,Inactive,Credit Card,2024-03-25,Hyderabad,5.0
C01725,56,Female,Beauty,Perfume,4759.53,2,No,Active,UPI,2024-03-18,Hyderabad,4.1
C01967,44,Male,Books,Technology,358.6,2,Yes,Active,UPI,2025-11-02,Ahmedabad,4.2
C01598,34,Male,Clothing,T-Shirt,921.69,2,No,Active,Credit Card,2024-11-01,Ahmedabad,5.0
C01068,38,Male,Home & Kitchen,Bedsheet,10680.36,3,Yes,Active,Debit Card,2024-07-07,Chandigarh,4.4
C00538,39,Male,Clothing,Sneakers,458.22,2,No,Inactive,UPI,2025-01-27,Hyderabad,3.9
C01275,30,Male,Books,Self-Help,1637.06,5,No,Active,Debit Card,2025-10-12,Hyderabad,4.0
C00130,28,Male,Sports,Football,1957.95,1,Yes,Inactive,Debit Card,2024-12-12,Pune,3.5
C00958,42,Female,Books,Self-Help,1792.84,2,No,Inactive,Debit Card,2024-04-15,Jaipur,3.6
C00581,35,Female,Beauty,Shampoo,3015.7,5,No,Inactive,Debit Card,2025-10-01,Mumbai,4.2
C01178,53,Female,Books,Business,201.2,3,No,Inactive,Debit Card,2025-07-10,Pune,3.5
C01636,51,Male,Sports,Dumbbells,9749.94,1,Yes,Inactive,Credit Card,2025-08-07,Hyderabad,2.8
C00635,36,Male,Electronics,Headphones,32284.7,1,No,Inactive,Credit Card,2025-01-17,Ahmedabad,3.8
C00936,59,Male,Home & Kitchen,Cookware,12444.26,1,No,Inactive,UPI,2024-06-30,Delhi,4.9
C00009,32,Male,Sports,Running Shoes,2454.07,1,No,Active,Debit Card,2024-11-22,Hyderabad,3.8
C00738,40,Female,Electronics,Laptop,14659.05,3,No,Inactive,Net Banking,2024-03-05,Delhi,5.0
C01010,52,Male,Electronics,Headphones,69058.5,3,Yes,Inactive,Cash,2024-10-30,Jaipur,3.3
C01515,36,Female,Beauty,Skin Serum,4962.44,4,Yes,Inactive,Debit Card,2024-01-25,Bengaluru,4.0
C00469,50,Male,Home & Kitchen,Storage Box,12841.81,3,Yes,Inactive,UPI,2025-03-25,Ahmedabad,4.1
C00983,42,Male,Home & Kitchen,Cookware,419.87,1,No,Inactive,Debit Card,2025-04-27,Jaipur,4.5
C00630,23,Female,Electronics,Laptop,6062.48,1,No,Active,UPI,2024-08-28,Kolkata,4.4
C00842,42,Female,Sports,Yoga Mat,1973.53,1,Yes,Inactive,Debit Card,2025-04-26,Ahmedabad,3.5
C00979,36,Female,Clothing,Sneakers,3870.24,3,No,Active,Credit Card,2025-05-08,Delhi,3.0
C01112,62,Female,Electronics,Speaker,2389.35,2,No,Active,UPI,2024-08-28,Ahmedabad,4.3
C01514,58,Male,Sports,Running Shoes,3398.17,1,Yes,Inactive,Debit Card,2024-12-12,Jaipur,2.9
C00368,58,Male,Clothing,Jeans,4502.08,5,Yes,Inactive,Debit Card,2024-06-15,Chandigarh,4.4
C01715,44,Male,Electronics,Laptop,71444.87,1,Yes,Active,UPI,2024-12-31,Bengaluru,4.9
C00632,50,Female,Beauty,Skin Serum,1309.35,2,No,Active,Debit Card,2024-02-12,Bengaluru,3.5
C00804,48,Male,Electronics,Headphones,80999.25,1,Yes,Inactive,Debit Card,2025-11-08,Chandigarh,5.0
C00111,48,Female,Clothing,T-Shirt,1793.73,5,No,Inactive,Credit Card,2025-04-24,Kolkata,4.4
C00691,31,Male,Sports,Yoga Mat,9353.95,2,Yes,Active,Debit Card,2024-10-28,Delhi,5.0
C00331,34,Female,Electronics,Smartwatch,48793.36,1,Yes,Inactive,Debit Card,2024-02-26,Jaipur,4.1
C00463,50,Male,Electronics,Laptop,6119.33,1,Yes,Inactive,Credit Card,2024-11-05,Kolkata,4.6
C01044,39,Male,Electronics,Headphones,63008.82,4,No,Inactive,Debit Card,2025-05-18,Jaipur,3.9
C00469,38,Male,Sports,Yoga Mat,808.66,1,No,Active,Debit Card,2024-01-13,Ahmedabad,4.0
C01835,57,Female,Sports,Cricket Bat,5931.8,4,Yes,Active,Debit Card,2025-03-26,Mumbai,4.5
C00846,44,Male,Home & Kitchen,Storage Box,2554.69,2,Yes,Inactive,UPI,2025-11-22,Chandigarh,4.9
C00988,21,Female,Clothing,Sneakers,2439.28,1,No,Inactive,UPI,2025-03-26,Jaipur,4.2
C01953,38,Male,Clothing,Dress,3515.6,5,Yes,Inactive,Debit Card,2025-08-29,Hyderabad,4.6
C01259,30,Male,Books,Business,1729.44,4,No,Inactive,Cash,2024-03-25,Jaipur,4.7
C00476,56,Male,Beauty,Lipstick,2422.9,4,No,Inactive,Debit Card,2025-01-15,Jaipur,4.3
C00363,36,Male,Sports,Cricket Bat,7777.16,2,No,Inactive,UPI,2025-09-25,Bengaluru,4.7
C01682,48,Male,Home & Kitchen,Storage Box,9099.2,5,No,Inactive,Wallet,2025-01-02,Hyderabad,3.2
C01633,27,Male,Clothing,Dress,4574.38,3,Yes,Inactive,UPI,2024-08-28,Pune,3.7
C00953,60,Female,Sports,Running Shoes,8773.47,2,No,Inactive,UPI,2025-07-22,Bengaluru,4.3
C01208,38,Female,Electronics,Smartwatch,40039.04,2,Yes,Active,Debit Card,2024-02-22,Jaipur,2.5
C01472,48,Other,Sports,Running Shoes,3664.14,3,No,Inactive,Wallet,2025-05-29,Ahmedabad,4.0
C00435,61,Male,Beauty,Lipstick,1381.36,2,No,Inactive,Credit Card,2025-07-06,Chandigarh,4.7
C00973,35,Female,Clothing,Jeans,4842.43,1,Yes,Inactive,Wallet,2025-03-28,Chandigarh,5.0
C00790,22,Male,Home & Kitchen,Storage Box,1055.89,2,No,Inactive,Net Banking,2024-01-16,Chandigarh,4.6
C00661,18,Male,Home & Kitchen,Coffee Maker,10910.2,1,Yes,Active,Credit Card,2025-03-12,Ahmedabad,4.1
C00476,33,Female,Clothing,Dress,467.6,1,No,Inactive,Net Banking,2025-02-27,Chandigarh,2.8
C01769,43,Female,Home & Kitchen,Storage Box,4854.21,2,Yes,Inactive,Net Banking,2025-10-07,Jaipur,3.7
C01401,36,Female,Clothing,Jeans,750.77,1,No,Inactive,Debit Card,2024-03-20,Delhi,3.1
C00485,47,Male,Home & Kitchen,Bedsheet,12368.1,5,No,Active,Net Banking,2024-12-23,Pune,4.0
C01109,38,Female,Electronics,Smartwatch,82912.43,2,No,Inactive,Cash,2024-09-28,Delhi,4.9
C01876,32,Male,Home & Kitchen,Coffee Maker,6081.87,1,No,Inactive,Credit Card,2025-01-21,Jaipur,2.9
C01501,44,Female,Home & Kitchen,Cookware,9892.79,2,Yes,Active,Net Banking,2025-03-02,Hyderabad,3.7
C01926,26,Male,Clothing,Sneakers,4124.55,1,Yes,Inactive,Debit Card,2025-06-29,Jaipur,4.1
C00039,33,Male,Clothing,Sneakers,2645.7,1,No,Active,Debit Card,2024-11-20,Chandigarh,3.5
C00247,18,Male,Sports,Running Shoes,10744.49,1,No,Active,Debit Card,2025-05-23,Ahmedabad,2.7
C01653,30,Female,Books,Technology,189.24,3,No,Active,Debit Card,2024-06-24,Bengaluru,3.5
C00225,19,Female,Books,Self-Help,1302.52,3,No,Inactive,Net Banking,2025-03-26,Jaipur,3.6
C01818,45,Male,Clothing,Jacket,1067.66,3,Yes,Active,Credit Card,2025-02-25,Hyderabad,4.0
C01220,34,Male,Clothing,T-Shirt,3045.44,1,No,Inactive,UPI,2025-11-02,Ahmedabad,4.4
C00151,50,Male,Sports,Running Shoes,7509.07,1,Yes,Active,UPI,2024-06-02,Delhi,5.0
C01518,43,Female,Electronics,Smartphone,63147.27,1,No,Inactive,Credit Card,2025-01-01,Pune,4.0
C00271,63,Male,Clothing,Jeans,1655.37,1,Yes,Inactive,Net Banking,2025-10-12,Chandigarh,5.0
C01592,37,Male,Beauty,Skin Serum,4402.08,4,No,Inactive,UPI,2024-11-13,Jaipur,3.3
C01604,60,Female,Electronics,Smartphone,57280.06,1,No,Inactive,Net Banking,2024-02-08,Mumbai,4.3
C01512,61,Male,Electronics,Smartwatch,23657.6,1,No,Inactive,Cash,2025-05-03,Mumbai,3.3
C01784,33,Male,Beauty,Face Cream,411.83,1,No,Active,Debit Card,2024-11-18,Hyderabad,3.7
C01943,29,Male,Beauty,Lipstick,3711.11,1,No,Inactive,Debit Card,2025-08-07,Pune,3.6
C01849,30,Male,Sports,Running Shoes,3636.14,1,No,Inactive,UPI,2025-06-24,Chennai,4.1
C00479,46,Male,Books,Self-Help,1605.7,3,Yes,Active,Credit Card,2025-02-07,Hyderabad,4.2
C01144,48,Female,Books,Fiction,1135.33,2,No,Active,Cash,2025-10-24,Hyderabad,3.0
C00208,26,Male,Beauty,Skin Serum,1740.34,1,No,Inactive,Credit Card,2025-07-18,Chennai,3.6
C01391,43,Female,Books,Comics,839.95,2,No,Inactive,Cash,2025-12-17,Hyderabad,2.6
C00083,46,Female,Electronics,Speaker,3134.2,1,No,Active,Debit Card,2024-06-04,Bengaluru,3.0
C01652,36,Female,Beauty,Shampoo,3582.45,2,No,Active,Credit Card,2025-07-21,Hyderabad,4.6
C00770,64,Female,Clothing,Dress,2250.94,3,Yes,Inactive,UPI,2024-12-19,Chennai,4.3
C01625,25,Male,Books,Self-Help,1101.43,3,No,Inactive,Credit Card,2025-04-10,Hyderabad,4.4
C01800,37,Male,Clothing,Dress,2726.76,2,Yes,Inactive,Debit Card,2025-01-22,Bengaluru,5.0
C01949,20,Male,Electronics,Smartphone,37480.11,1,No,Inactive,Credit Card,2024-03-27,Chandigarh,3.4
C01270,61,Female,Electronics,Speaker,73888.66,3,Yes,Active,Cash,2024-04-08,Chennai,5.0
C00813,55,Female,Books,Fiction,1475.79,3,No,Inactive,Net Banking,2024-07-11,Kolkata,4.0
C01565,63,Male,Home & Kitchen,Lamp,10554.61,1,No,Inactive,UPI,2024-12-24,Hyderabad,4.1
C01824,60,Male,Clothing,Jeans,2183.72,1,No,Inactive,UPI,2024-07-05,Delhi,2.6
C01895,58,Female,Electronics,Smartphone,10569.92,2,Yes,Active,UPI,2024-03-23,Ahmedabad,4.4
C01635,55,Female,Electronics,Laptop,23681.6,3,Yes,Inactive,Cash,2024-12-29,Mumbai,3.2
C00341,59,Female,Books,Self-Help,543.99,5,No,Inactive,UPI,2025-07-22,Jaipur,5.0
C00646,61,Male,Electronics,Laptop,42515.15,1,No,Inactive,Credit Card,2025-05-03,Delhi,4.5
C01480,27,Male,Electronics,Laptop,46773.05,3,No,Inactive,Credit Card,2024-11-01,Bengaluru,4.8
C00288,24,Male,Home & Kitchen,Lamp,1154.91,3,No,Inactive,Debit Card,2024-12-05,Chennai,4.2
C00661,27,Female,Electronics,Laptop,36705.03,1,Yes,Inactive,UPI,2024-05-21,Delhi,2.9
C00749,27,Female,Sports,Running Shoes,6821.44,3,No,Inactive,UPI,2025-11-17,Chennai,4.2
C01831,46,Female,Home & Kitchen,Lamp,9640.87,1,No,Active,Debit Card,2024-09-13,Jaipur,4.2
C00490,23,Male,Sports,Cricket Bat,7649.0,2,No,Inactive,Debit Card,2024-08-14,Chandigarh,5.0
C00801,26,Male,Beauty,Shampoo,2956.7,1,No,Inactive,Debit Card,2025-01-19,Chennai,4.4
C00642,45,Female,Clothing,T-Shirt,3960.3,1,Yes,Inactive,Debit Card,2024-07-22,Pune,4.2
C00069,34,Female,Home & Kitchen,Lamp,6140.63,2,No,Active,UPI,2024-04-26,Kolkata,3.5
C00805,32,Male,Electronics,Laptop,48521.38,4,No,Inactive,Credit Card,2024-12-08,Bengaluru,4.3
C01669,26,Female,Electronics,Smartphone,29737.39,3,No,Inactive,Credit Card,2025-01-05,Chennai,4.7
C00882,36,Male,Clothing,Jacket,2282.98,1,No,Inactive,Debit Card,2024-10-29,Mumbai,4.0
C00339,59,Male,Clothing,Jacket,4949.8,1,No,Inactive,Credit Card,2024-03-29,Chandigarh,5.0
C01750,59,Other,Electronics,Headphones,87504.02,1,No,Inactive,Net Banking,2024-12-17,Mumbai,3.7
C01612,37,Male,Clothing,T-Shirt,1945.08,2,No,Inactive,Debit Card,2025-07-11,Jaipur,3.4
C01614,52,Female,Home & Kitchen,Bedsheet,10968.75,2,Yes,Active,UPI,2025-12-09,Mumbai,4.7
C01513,45,Male,Sports,Cricket Bat,3378.31,1,No,Inactive,Cash,2024-05-27,Jaipur,4.3
C00603,30,Female,Electronics,Speaker,14709.41,3,No,Active,Debit Card,2025-04-28,Bengaluru,2.8
C00642,61,Female,Beauty,Face Cream,1922.41,1,Yes,Inactive,UPI,2025-04-03,Chennai,3.8
C01716,55,Male,Beauty,Lipstick,3406.69,1,Yes,Inactive,Credit Card,2025-10-04,Delhi,4.8
C00947,36,Female,Electronics,Smartwatch,68581.9,1,No,Active,UPI,2025-08-09,Chandigarh,4.0
C00332,57,Male,Sports,Running Shoes,10236.26,1,No,Active,UPI,2025-11-08,Bengaluru,3.2
C01341,34,Female,Beauty,Shampoo,847.28,1,Yes,Active,Cash,2025-03-04,Mumbai,4.1
C01173,29,Female,Electronics,Smartphone,86676.46,2,No,Inactive,Net Banking,2025-10-02,Jaipur,3.2
C01917,46,Female,Beauty,Face Cream,2087.97,2,Yes,Inactive,Cash,2025-12-12,Hyderabad,3.2
C00645,41,Other,Clothing,T-Shirt,3270.28,2,No,Inactive,UPI,2024-07-18,Pune,4.8
C00245,49,Male,Books,Comics,415.04,1,Yes,Inactive,UPI,2025-12-13,Hyderabad,4.4
C01716,52,Female,Electronics,Laptop,51954.12,2,Yes,Active,Debit Card,2025-10-10,Chennai,3.7
C01524,31,Female,Electronics,Speaker,78999.06,3,No,Active,Credit Card,2024-12-30,Delhi,4.2
C00777,32,Male,Beauty,Lipstick,4615.66,2,Yes,Inactive,Debit Card,2024-05-11,Chandigarh,4.8
C00490,48,Female,Books,Business,1574.47,2,Yes,Inactive,Debit Card,2024-10-10,Bengaluru,3.2
C00173,54,Male,Clothing,Dress,2772.15,1,No,Inactive,Credit Card,2024-09-22,Chandigarh,4.3
C00694,49,Female,Sports,Yoga Mat,4752.0,1,No,Inactive,UPI,2024-01-31,Ahmedabad,4.5
C01750,59,Female,Electronics,Smartphone,26938.61,3,No,Inactive,Credit Card,2024-04-21,Jaipur,5.0
C00761,25,Female,Electronics,Smartphone,52969.3,3,No,Active,Credit Card,2025-11-30,Mumbai,3.2
C00035,21,Other,Beauty,Skin Serum,4192.1,4,No,Active,UPI,2024-03-08,Chandigarh,5.0
C01325,27,Female,Clothing,Dress,3338.43,4,No,Active,Net Banking,2024-06-09,Mumbai,4.6
C01553,35,Female,Sports,Dumbbells,11983.31,1,No,Active,Debit Card,2025-12-03,Bengaluru,3.7
C00447,58,Female,Beauty,Skin Serum,294.77,2,No,Inactive,Net Banking,2025-12-11,Bengaluru,3.8
C00990,39,Female,Electronics,Headphones,51620.95,1,No,Active,Net Banking,2025-11-09,Mumbai,4.9
C01573,27,Female,Electronics,Smartphone,74361.32,3,No,Inactive,Net Banking,2024-08-06,Hyderabad,4.9
C01180,42,Female,Clothing,Jeans,4896.93,5,No,Inactive,Cash,2024-07-24,Delhi,4.0
C00982,64,Female,Electronics,Smartwatch,71510.54,3,No,Inactive,Debit Card,2024-12-30,Hyderabad,3.3
C00199,48,Female,Clothing,Jeans,2708.16,3,No,Inactive,Debit Card,2024-12-03,Bengaluru,5.0
C01444,60,Female,Beauty,Face Cream,834.4,1,Yes,Active,UPI,2025-03-14,Pune,3.4
C00521,41,Male,Home & Kitchen,Bedsheet,3544.56,1,Yes,Inactive,Credit Card,2025-10-26,Pune,2.8
C01106,39,Male,Clothing,Dress,4174.92,1,No,Inactive,Debit Card,2025-04-25,Delhi,3.1
C00474,51,Female,Sports,Dumbbells,10257.83,3,Yes,Active,Debit Card,2025-03-31,Chandigarh,5.0
C01874,27,Female,Home & Kitchen,Bedsheet,10940.32,5,Yes,Active,Debit Card,2024-11-20,Chandigarh,5.0
C00406,19,Female,Home & Kitchen,Coffee Maker,8409.63,1,No,Inactive,UPI,2024-01-15,Pune,3.9
C01034,62,Female,Clothing,Dress,2569.16,1,No,Inactive,Debit Card,2025-01-15,Chennai,3.6
C00398,33,Female,Electronics,Smartwatch,11471.0,1,No,Active,Credit Card,2024-04-25,Jaipur,3.3
C00059,50,Female,Electronics,Smartwatch,60715.31,4,Yes,Inactive,Net Banking,2024-07-07,Kolkata,3.4
C01231,29,Female,Books,Business,866.02,1,No,Inactive,Cash,2024-11-29,Chandigarh,3.2
C00065,52,Female,Beauty,Shampoo,3372.09,1,No,Inactive,Credit Card,2025-08-14,Bengaluru,3.7
C01854,56,Male,Electronics,Smartphone,2555.7,1,No,Inactive,Cash,2025-08-14,Delhi,4.3
C01574,61,Female,Electronics,Smartphone,34977.05,2,No,Inactive,Net Banking,2024-05-07,Hyderabad,4.8
C00871,47,Male,Books,Fiction,635.75,1,No,Inactive,Debit Card,2024-10-06,Chennai,3.1
C00934,26,Female,Sports,Cricket Bat,1737.89,3,No,Inactive,UPI,2025-03-11,Chandigarh,2.7
C00889,59,Female,Clothing,Jacket,341.94,1,Yes,Active,Debit Card,2024-09-22,Bengaluru,4.8
C01277,35,Male,Books,Business,639.56,4,No,Inactive,UPI,2024-02-10,Chandigarh,4.5
C00253,47,Male,Clothing,Jeans,1850.0,1,Yes,Inactive,Debit Card,2025-05-05,Kolkata,5.0
C01473,55,Male,Clothing,Sneakers,2310.9,1,Yes,Inactive,Wallet,2024-12-14,Hyderabad,3.3
C01374,36,Male,Electronics,Smartwatch,44566.42,1,No,Active,UPI,2025-12-06,Chandigarh,4.3
C00488,24,Male,Sports,Yoga Mat,5285.59,2,No,Inactive,Wallet,2024-01-08,Chennai,3.9
C00406,61,Male,Books,Fiction,1753.0,2,No,Active,UPI,2025-05-06,Ahmedabad,3.3
C00527,38,Female,Home & Kitchen,Storage Box,13304.34,1,Yes,Inactive,Debit Card,2024-03-27,Hyderabad,3.2
C01655,39,Female,Clothing,T-Shirt,350.15,2,No,Inactive,UPI,2025-09-10,Jaipur,
C00839,22,Male,Clothing,Jacket,539.03,1,No,Inactive,UPI,2024-12-11,Jaipur,
C01900,52,Female,Clothing,Dress,4524.12,3,No,Active,Wallet,2025-06-13,Kolkata,3.6
C01083,22,Male,Electronics,Speaker,57963.48,3,No,Inactive,UPI,2025-01-29,Bengaluru,2.7
C01943,48,Other,Clothing,T-Shirt,3438.08,1,No,Active,UPI,2024-07-26,Bengaluru,4.1
C00888,30,Male,Clothing,Jacket,1192.46,2,Yes,Inactive,UPI,2024-09-23,Mumbai,3.9
C00690,30,Male,Electronics,Laptop,38741.49,2,No,Inactive,Net Banking,2024-02-18,Chennai,2.9
C00445,57,Female,Clothing,Dress,4421.55,3,No,Inactive,UPI,2025-06-12,Pune,4.1
C00806,44,Female,Home & Kitchen,Coffee Maker,10345.73,1,No,Inactive,Credit Card,2024-03-24,Ahmedabad,4.0
C01679,65,Female,Sports,Cricket Bat,9011.14,3,No,Active,Debit Card,2024-06-08,Delhi,4.3
C00336,56,Male,Home & Kitchen,Cookware,13756.24,2,Yes,Active,Credit Card,2024-11-30,Kolkata,5.0
C00455,30,Female,Sports,Yoga Mat,11161.84,2,Yes,Inactive,Wallet,2025-08-28,Pune,3.8
C01152,37,Female,Clothing,Jacket,3123.94,1,No,Active,UPI,2024-01-25,Bengaluru,
C00204,35,Male,Clothing,Jeans,2662.68,3,No,Inactive,UPI,2025-02-26,Kolkata,4.5
C01547,58,Female,Books,Business,254.23,1,No,Active,Credit Card,2025-06-02,Hyderabad,4.0
C01086,62,Male,Beauty,Lipstick,2472.07,3,Yes,Inactive,Net Banking,2024-08-06,Hyderabad,4.6
C01059,30,Other,Sports,Football,11242.13,1,No,Inactive,Credit Card,2025-03-21,Bengaluru,4.0
C00690,65,Female,Clothing,Jeans,3285.73,1,No,Inactive,UPI,2025-08-01,Chennai,4.7
C01362,63,Male,Clothing,Sneakers,2502.41,5,No,Inactive,UPI,2025-05-08,Bengaluru,5.0
C00939,31,Female,Sports,Cricket Bat,2870.93,1,No,Inactive,UPI,2025-08-31,Jaipur,3.7
C01940,35,Female,Electronics,Headphones,61602.02,1,Yes,Active,Wallet,2025-10-04,Ahmedabad,4.2
C00419,19,Female,Clothing,Dress,4667.01,1,No,Inactive,Debit Card,2025-09-21,Hyderabad,3.6
C01625,50,Female,Beauty,Shampoo,4458.61,3,No,Inactive,Credit Card,2024-08-09,Kolkata,4.2
C01702,19,Male,Clothing,T-Shirt,3907.82,2,No,Active,Debit Card,2024-05-17,Pune,5.0
C01237,27,Male,Beauty,Skin Serum,3776.67,2,Yes,Active,UPI,2024-09-23,Chandigarh,5.0
C00849,56,Female,Sports,Yoga Mat,3939.74,2,Yes,Inactive,Wallet,2025-01-25,Hyderabad,5.0
C01776,30,Female,Books,Comics,570.77,1,No,Inactive,Credit Card,2025-10-02,Chandigarh,2.9
C00956,47,Female,Clothing,T-Shirt,4933.17,1,No,Inactive,Credit Card,2024-12-30,Ahmedabad,3.9
C00755,42,Other,Books,Fiction,1310.44,1,No,Inactive,Credit Card,2025-05-01,Ahmedabad,5.0
C00372,63,Female,Sports,Football,7223.37,1,Yes,Active,Wallet,2024-12-02,Hyderabad,3.6
C01829,36,Male,Sports,Running Shoes,6788.52,4,Yes,Active,Debit Card,2024-08-07,Chandigarh,3.3
C01381,43,Male,Electronics,Smartphone,35298.19,3,No,Inactive,Debit Card,2024-12-27,Bengaluru,4.2
C01470,47,Female,Beauty,Shampoo,2015.02,1,No,Inactive,Debit Card,2024-02-04,Chennai,3.0
C01488,65,Female,Books,Technology,990.79,1,Yes,Active,UPI,2024-06-29,Mumbai,3.7
C01824,54,Male,Beauty,Skin Serum,3221.84,2,Yes,Active,UPI,2025-09-22,Chandigarh,3.6
C00239,64,Male,Clothing,Jacket,448.02,5,No,Inactive,UPI,2025-01-28,Pune,3.9
C01209,34,Female,Electronics,Speaker,46995.25,1,No,Inactive,Wallet,2024-01-12,Pune,4.2
C00386,49,Male,Beauty,Shampoo,635.71,1,Yes,Active,Net Banking,2024-06-30,Chandigarh,5.0
C00017,19,Other,Sports,Running Shoes,11997.96,2,No,Active,UPI,2025-02-17,Chandigarh,2.0
C00670,35,Female,Books,Fiction,1230.21,3,Yes,Active,Cash,2024-07-08,Pune,3.4
C01912,57,Female,Clothing,T-Shirt,759.18,2,No,Inactive,Debit Card,2024-03-10,Pune,3.9
C01111,42,Other,Sports,Running Shoes,6524.61,2,No,Active,Debit Card,2025-06-23,Mumbai,3.5
C00975,26,Female,Sports,Yoga Mat,1064.77,2,No,Inactive,UPI,2024-07-19,Ahmedabad,3.7
C00232,41,Male,Home & Kitchen,Cookware,8388.04,2,No,Inactive,UPI,2024-01-17,Ahmedabad,5.0
C00575,58,Male,Electronics,Headphones,58016.22,2,No,Inactive,UPI,2024-03-11,Bengaluru,4.0
C01226,54,Female,Beauty,Face Cream,4105.43,4,Yes,Inactive,UPI,2024-03-16,Ahmedabad,3.6
C01463,65,Other,Home & Kitchen,Lamp,9654.47,1,Yes,Active,Net Banking,2024-05-06,Pune,2.8
C01952,57,Male,Clothing,Sneakers,925.24,2,No,Active,Credit Card,2024-05-07,Ahmedabad,3.9
C00891,39,Female,Clothing,Sneakers,713.77,2,No,Inactive,Credit Card,2024-04-06,Kolkata,5.0
C01099,34,Male,Electronics,Headphones,35202.2,1,No,Inactive,Net Banking,2024-02-04,Ahmedabad,4.8
C00802,33,Female,Sports,Football,10757.69,1,No,Inactive,UPI,2025-04-08,Chennai,4.1
C00569,59,Other,Sports,Yoga Mat,8398.2,1,Yes,Active,UPI,2025-12-09,Chennai,5.0
C00593,63,Male,Home & Kitchen,Cookware,13369.28,2,No,Inactive,Debit Card,2024-04-16,Hyderabad,
C00452,55,Male,Sports,Running Shoes,3294.15,3,Yes,Inactive,UPI,2024-11-13,Ahmedabad,3.9
C01138,44,Female,Clothing,Dress,909.99,1,Yes,Inactive,UPI,2024-07-29,Chennai,4.1
C01682,55,Male,Electronics,Laptop,79631.22,1,No,Inactive,Credit Card,2025-03-21,Hyderabad,4.8
C01739,41,Male,Clothing,Jeans,379.62,2,Yes,Active,UPI,2025-04-13,Chandigarh,3.1
C01250,24,Female,Electronics,Headphones,70542.23,1,No,Inactive,Debit Card,2025-09-09,Kolkata,4.3
C00522,63,Female,Books,Comics,705.9,1,Yes,Inactive,Cash,2024-10-31,Chennai,4.4
C00149,48,Female,Electronics,Speaker,3441.57,1,No,Inactive,Cash,2024-04-15,Hyderabad,4.2
C00048,42,Male,Electronics,Headphones,9259.71,1,No,Active,Wallet,2025-03-23,Mumbai,5.0
C00116,38,Female,Beauty,Face Cream,2320.83,4,Yes,Inactive,Credit Card,2024-10-11,Pune,4.8
C00621,41,Male,Clothing,Sneakers,1881.05,1,No,Inactive,Cash,2024-07-01,Jaipur,2.9
C01105,33,Female,Clothing,T-Shirt,2235.78,1,No,Inactive,UPI,2024-01-05,Jaipur,4.7
C01132,57,Male,Clothing,Dress,2595.06,2,Yes,Active,Debit Card,2024-03-25,Hyderabad,4.2
C01837,32,Female,Books,Fiction,1450.1,1,Yes,Inactive,UPI,2025-02-22,Pune,4.7
C01391,21,Male,Electronics,Laptop,42779.21,1,No,Inactive,Net Banking,2025-10-27,Kolkata,3.2
C00413,23,Female,Beauty,Lipstick,4326.27,4,Yes,Active,UPI,2024-10-25,Mumbai,3.7
C01033,33,Female,Electronics,Smartwatch,43194.22,1,No,Inactive,UPI,2024-12-13,Bengaluru,5.0
C01747,31,Male,Beauty,Skin Serum,3574.72,1,Yes,Inactive,Net Banking,2025-12-06,Delhi,3.3
C00162,55,Male,Books,Self-Help,222.33,3,No,Inactive,Net Banking,2024-02-25,Delhi,4.0
C00713,48,Male,Clothing,Dress,2268.37,3,No,Inactive,Credit Card,2024-06-13,Chandigarh,4.0
C00995,61,Male,Books,Business,328.1,1,Yes,Inactive,Net Banking,2025-09-06,Pune,3.7
C01054,25,Male,Clothing,Jeans,726.3,3,Yes,Inactive,Debit Card,2025-05-10,Pune,3.9
C00994,65,Male,Clothing,Sneakers,793.46,2,Yes,Inactive,Cash,2025-11-05,Kolkata,3.6
C00366,52,Female,Beauty,Perfume,1494.32,2,Yes,Inactive,Debit Card,2025-10-03,Chandigarh,
C01506,64,Male,Beauty,Face Cream,1143.91,1,No,Active,UPI,2024-06-01,Kolkata,3.6
C00800,20,Female,Beauty,Lipstick,2996.28,1,Yes,Inactive,Wallet,2024-10-09,Kolkata,3.3
C01417,54,Female,Sports,Football,5483.97,3,No,Inactive,UPI,2025-10-14,Jaipur,2.3
C01092,51,Female,Sports,Football,6323.01,1,No,Inactive,UPI,2024-02-06,Ahmedabad,4.2
C00193,21,Female,Beauty,Perfume,1093.94,1,No,Inactive,Credit Card,2024-08-25,Kolkata,4.4
C01089,61,Female,Books,Comics,1992.54,3,Yes,Inactive,Credit Card,2025-07-25,Jaipur,3.4
C01307,22,Female,Books,Fiction,951.44,1,No,Inactive,UPI,2024-05-01,Pune,4.1
C00017,33,Male,Books,Technology,1140.06,1,No,Inactive,Credit Card,2024-01-19,Jaipur,4.4
C01796,57,Male,Books,Fiction,1630.6,2,Yes,Inactive,Credit Card,2025-09-15,Chennai,4.5
C01144,45,Female,Clothing,Jeans,4682.45,2,Yes,Inactive,Debit Card,2024-12-15,Hyderabad,4.3
C00338,36,Male,Books,Self-Help,964.62,1,Yes,Inactive,Debit Card,2024-06-26,Ahmedabad,2.9
C01326,57,Male,Books,Self-Help,203.33,1,No,Inactive,Credit Card,2024-11-20,Hyderabad,3.7
C00901,38,Male,Clothing,Dress,3715.66,3,No,Inactive,Net Banking,2025-02-23,Ahmedabad,4.3
C00819,50,Female,Clothing,Dress,3862.34,4,No,Inactive,Net Banking,2025-04-10,Bengaluru,4.4
C01860,29,Female,Electronics,Laptop,42626.82,2,No,Inactive,Credit Card,2024-04-20,Ahmedabad,5.0
C01129,50,Male,Beauty,Face Cream,462.01,1,Yes,Inactive,UPI,2025-12-11,Delhi,4.7
C00170,31,Male,Clothing,Jeans,2761.4,2,Yes,Active,Cash,2024-06-08,Bengaluru,3.5
C01522,56,Female,Electronics,Speaker,49617.84,1,No,Inactive,Credit Card,2025-10-08,Kolkata,3.1
C00714,24,Male,Beauty,Lipstick,4604.02,1,Yes,Active,UPI,2024-01-30,Hyderabad,4.7
C01681,60,Male,Electronics,Smartphone,32936.98,1,No,Inactive,Wallet,2024-01-15,Chandigarh,4.2
C01257,49,Female,Electronics,Smartwatch,85494.9,1,Yes,Active,Credit Card,2025-05-06,Bengaluru,5.0
C01823,42,Male,Home & Kitchen,Cookware,14222.81,2,Yes,Inactive,UPI,2025-06-25,Pune,3.8
C01970,42,Female,Books,Fiction,1940.98,4,No,Inactive,Credit Card,2025-01-30,Chennai,3.8
C00378,51,Female,Clothing,Dress,1587.41,5,No,Inactive,UPI,2025-05-08,Hyderabad,2.5
C01017,45,Female,Electronics,Speaker,54693.83,2,Yes,Inactive,UPI,2025-05-01,Jaipur,2.9
C01933,49,Female,Home & Kitchen,Cookware,9032.5,3,No,Inactive,Credit Card,2025-02-10,Delhi,3.8
C00333,56,Male,Electronics,Laptop,88501.41,1,No,Active,UPI,2024-11-10,Delhi,4.2
C01358,36,Male,Clothing,Dress,3275.65,3,Yes,Inactive,Debit Card,2025-07-09,Jaipur,5.0
C00111,29,Female,Clothing,Sneakers,3065.32,2,No,Inactive,UPI,2024-11-03,Jaipur,3.9
C01137,50,Male,Clothing,Jacket,3312.49,1,Yes,Inactive,Cash,2025-08-24,Bengaluru,3.6
C01756,41,Female,Electronics,Laptop,20341.73,1,Yes,Inactive,Wallet,2024-11-06,Ahmedabad,3.3
C00678,27,Male,Clothing,Jacket,2543.8,3,Yes,Inactive,Credit Card,2025-01-15,Chennai,3.1
C00155,19,Male,Books,Comics,1336.02,5,No,Inactive,Cash,2024-08-18,Mumbai,4.0
C00119,30,Female,Electronics,Smartphone,51284.41,1,No,Active,Net Banking,2024-04-28,Chandigarh,4.4
C01904,39,Female,Clothing,Jeans,710.0,2,No,Active,Credit Card,2024-11-29,Kolkata,3.9
C01151,49,Female,Sports,Dumbbells,3957.32,1,No,Active,Debit Card,2024-05-11,Ahmedabad,3.0
C00363,26,Male,Clothing,Sneakers,2633.94,2,Yes,Inactive,UPI,2024-03-18,Delhi,
C00849,64,Female,Home & Kitchen,Storage Box,325.05,2,No,Inactive,UPI,2024-09-05,Kolkata,3.3
C00660,60,Male,Electronics,Smartphone,23419.87,2,No,Inactive,Credit Card,2024-08-15,Pune,4.1
C00969,21,Female,Home & Kitchen,Lamp,9285.36,4,Yes,Inactive,Cash,2024-05-02,Chandigarh,5.0
C00942,56,Male,Books,Self-Help,343.73,1,No,Inactive,Cash,2024-10-24,Chennai,3.5
C01141,19,Female,Books,Self-Help,643.86,1,Yes,Inactive,Cash,2024-12-30,Mumbai,4.8
C00928,65,Female,Clothing,Dress,2844.09,3,Yes,Inactive,UPI,2024-09-15,Mumbai,4.1
C00101,18,Male,Clothing,Sneakers,2573.02,4,Yes,Inactive,Cash,2025-02-20,Ahmedabad,2.9
C00499,22,Female,Clothing,Dress,1614.69,2,Yes,Active,Credit Card,2025-05-09,Jaipur,3.9
C00166,36,Female,Beauty,Face Cream,3368.63,2,No,Inactive,Credit Card,2024-06-04,Jaipur,5.0
C00040,63,Female,Clothing,T-Shirt,998.49,1,Yes,Inactive,Net Banking,2024-03-07,Delhi,
C00296,40,Female,Books,Business,1928.73,1,No,Active,Credit Card,2024-01-18,Kolkata,3.2
C00445,20,Female,Beauty,Lipstick,2068.08,1,No,Inactive,UPI,2025-01-05,Jaipur,4.4
C01333,26,Male,Books,Fiction,1360.5,3,Yes,Active,Credit Card,2025-12-12,Hyderabad,4.8
C00112,28,Male,Home & Kitchen,Lamp,4782.53,1,No,Active,UPI,2025-04-23,Jaipur,5.0
C01300,19,Male,Sports,Cricket Bat,6926.14,1,No,Active,Net Banking,2024-03-09,Ahmedabad,3.0
C00738,38,Female,Electronics,Laptop,59727.52,1,Yes,Inactive,UPI,2024-01-05,Jaipur,2.9
C01120,48,Male,Electronics,Headphones,54381.6,2,No,Inactive,UPI,2024-01-22,Hyderabad,5.0
C00213,39,Female,Electronics,Laptop,76283.11,2,No,Active,Credit Card,2025-11-16,Delhi,3.1
C00673,39,Female,Books,Fiction,1020.16,3,No,Inactive,Net Banking,2025-03-11,Mumbai,4.4
C01539,47,Male,Home & Kitchen,Lamp,625.51,1,No,Inactive,Credit Card,2024-08-25,Chennai,3.4
C00398,27,Male,Sports,Running Shoes,1077.57,4,No,Active,Credit Card,2025-05-29,Chennai,4.3
C01600,25,Female,Clothing,T-Shirt,820.93,3,Yes,Inactive,Credit Card,2025-02-23,Delhi,4.4
C00126,64,Female,Clothing,Dress,3603.7,3,No,Inactive,Debit Card,2024-03-20,Chennai,4.3
C01359,28,Male,Books,Fiction,1121.26,2,Yes,Inactive,Debit Card,2024-11-02,Hyderabad,5.0
C01137,42,Female,Clothing,Jacket,1474.09,2,Yes,Inactive,Credit Card,2025-12-22,Ahmedabad,3.7
C01034,19,Female,Home & Kitchen,Lamp,8665.89,1,No,Active,Wallet,2025-09-23,Pune,3.0
C01740,41,Female,Beauty,Skin Serum,1388.71,2,Yes,Inactive,Credit Card,2024-12-31,Kolkata,4.4
C00134,58,Female,Clothing,T-Shirt,381.9,3,No,Active,Credit Card,2025-03-17,Delhi,4.0
C01246,24,Male,Clothing,Dress,2489.75,4,Yes,Active,UPI,2024-06-09,Chandigarh,3.8
C01535,58,Male,Electronics,Smartphone,48096.52,4,No,Inactive,Cash,2024-04-03,Chandigarh,3.6
C00478,24,Male,Electronics,Laptop,40059.22,3,Yes,Active,UPI,2024-02-07,Kolkata,2.6
C01106,51,Other,Beauty,Lipstick,4736.44,1,Yes,Active,Credit Card,2025-08-13,Chandigarh,3.1
C00546,64,Female,Home & Kitchen,Cookware,12011.99,3,No,Inactive,Credit Card,2024-11-08,Chennai,4.6
C01547,51,Male,Electronics,Headphones,80262.26,1,No,Inactive,Debit Card,2024-08-17,Chennai,4.5
C00736,18,Female,Books,Business,574.82,4,Yes,Inactive,Net Banking,2024-02-09,Pune,4.3
C01103,37,Male,Home & Kitchen,Bedsheet,11417.59,1,No,Inactive,Debit Card,2024-01-23,Chandigarh,4.4
C00300,29,Male,Sports,Football,11017.42,1,No,Inactive,UPI,2025-09-11,Hyderabad,3.1
C01542,63,Female,Sports,Running Shoes,11611.58,1,Yes,Active,Cash,2024-04-03,Ahmedabad,4.0
C01067,65,Male,Home & Kitchen,Coffee Maker,3996.23,3,No,Inactive,UPI,2025-04-29,Chennai,4.3
C00983,29,Female,Sports,Running Shoes,934.37,1,No,Inactive,Cash,2025-04-27,Bengaluru,4.5
C00759,45,Male,Home & Kitchen,Coffee Maker,7182.24,3,No,Inactive,Wallet,2024-11-15,Chennai,5.0
C01863,48,Male,Electronics,Laptop,28022.21,2,Yes,Inactive,Debit Card,2025-07-26,Kolkata,3.6
C00019,35,Male,Sports,Football,8794.48,1,No,Active,UPI,2025-08-15,Pune,4.9
C01341,53,Male,Electronics,Smartphone,81564.89,1,No,Inactive,Cash,2025-08-08,Ahmedabad,4.7
C00253,29,Male,Sports,Cricket Bat,9746.32,1,No,Inactive,Debit Card,2024-10-20,Mumbai,4.1
C00271,31,Female,Sports,Football,401.21,1,No,Active,Cash,2024-07-31,Pune,3.2
C01979,21,Male,Clothing,Sneakers,4316.06,2,Yes,Inactive,Credit Card,2024-06-02,Hyderabad,3.9
C01181,38,Male,Home & Kitchen,Storage Box,3856.33,1,No,Inactive,UPI,2024-01-16,Pune,4.6
C00898,38,Other,Clothing,T-Shirt,4371.37,1,No,Active,Credit Card,2024-01-06,Chandigarh,4.8
C00497,19,Female,Electronics,Laptop,89807.28,1,Yes,Inactive,UPI,2025-11-30,Jaipur,4.1
C01297,45,Female,Clothing,Jeans,3902.2,1,Yes,Active,Credit Card,2025-09-06,Hyderabad,4.4
C00099,61,Male,Sports,Running Shoes,3682.05,2,No,Active,UPI,2025-09-30,Mumbai,3.6
C01591,43,Male,Clothing,Sneakers,1572.24,1,No,Active,Debit Card,2024-06-21,Chennai,5.0
C01438,45,Male,Clothing,Jeans,3647.93,3,No,Inactive,Debit Card,2025-03-18,Kolkata,
C01041,44,Male,Electronics,Headphones,52789.41,2,No,Inactive,Credit Card,2025-02-14,Mumbai,3.6
C00792,58,Female,Books,Business,1637.84,1,Yes,Inactive,Cash,2024-04-12,Mumbai,3.5
C01550,34,Male,Clothing,T-Shirt,806.83,1,No,Inactive,Net Banking,2025-09-06,Chandigarh,3.9
C00326,32,Female,Home & Kitchen,Coffee Maker,2232.77,4,Yes,Active,UPI,2024-01-11,Chandigarh,4.2
C00310,59,Female,Beauty,Lipstick,1461.27,1,Yes,Inactive,Debit Card,2025-07-04,Pune,4.4
C01234,56,Female,Beauty,Shampoo,4567.54,2,No,Active,Cash,2024-10-14,Chennai,
C00939,23,Female,Clothing,Jacket,1531.73,4,No,Inactive,UPI,2025-02-20,Bengaluru,3.6
C00232,57,Female,Sports,Dumbbells,5816.63,4,No,Inactive,Debit Card,2025-03-27,Chandigarh,3.9
C01284,20,Male,Books,Business,676.77,2,Yes,Active,Credit Card,2024-01-27,Chennai,4.9
C00510,55,Female,Books,Technology,1802.38,3,No,Inactive,Cash,2025-07-18,Bengaluru,5.0
C00957,33,Male,Home & Kitchen,Coffee Maker,1618.88,1,Yes,Inactive,Credit Card,2024-07-21,Ahmedabad,3.5
C01947,26,Male,Electronics,Smartphone,45760.32,3,Yes,Inactive,Debit Card,2025-05-22,Kolkata,5.0
C01270,33,Female,Sports,Yoga Mat,9232.72,1,No,Inactive,Debit Card,2024-11-28,Kolkata,5.0
C00588,29,Male,Clothing,Jeans,2227.73,2,Yes,Inactive,Net Banking,2024-03-18,Mumbai,3.9
C01817,28,Female,Books,Self-Help,1774.52,2,Yes,Inactive,Debit Card,2025-07-16,Chandigarh,3.8
C00742,52,Other,Sports,Running Shoes,5758.81,1,No,Inactive,UPI,2024-03-16,Pune,2.6
C00143,54,Female,Clothing,Dress,3993.93,3,No,Inactive,Credit Card,2024-01-14,Mumbai,3.8
C01306,41,Male,Beauty,Perfume,3377.02,1,Yes,Active,Cash,2025-04-11,Kolkata,4.2
C00938,48,Female,Sports,Running Shoes,11547.0,2,No,Active,UPI,2025-11-08,Bengaluru,4.9
C01410,41,Other,Electronics,Smartphone,48368.99,2,Yes,Inactive,Debit Card,2024-05-19,Kolkata,4.2
C01249,30,Female,Beauty,Skin Serum,3005.38,1,No,Inactive,Wallet,2025-12-30,Bengaluru,4.5
C00367,34,Female,Clothing,Dress,1981.28,4,No,Active,UPI,2024-11-24,Mumbai,2.9
C01728,25,Female,Sports,Yoga Mat,11030.65,1,Yes,Inactive,Credit Card,2025-03-31,Jaipur,4.0
C00859,64,Male,Beauty,Face Cream,2115.2,3,No,Inactive,Credit Card,2025-09-29,Chandigarh,5.0
C00856,37,Male,Clothing,Sneakers,1397.33,2,No,Active,Debit Card,2024-03-28,Pune,3.4
C00573,56,Male,Beauty,Lipstick,3914.39,2,No,Active,Credit Card,2024-10-11,Delhi,3.6
C00237,31,Other,Clothing,Dress,3367.59,1,Yes,Active,UPI,2024-11-12,Mumbai,3.5
C01543,64,Male,Clothing,Jeans,852.41,2,Yes,Inactive,Debit Card,2025-07-11,Chandigarh,2.7
C01518,35,Female,Electronics,Smartwatch,4585.6,3,Yes,Inactive,Debit Card,2024-01-29,Chandigarh,3.6
C01485,41,Other,Clothing,Jeans,4292.55,4,No,Active,Cash,2024-02-14,Kolkata,3.1
C01603,65,Male,Books,Fiction,1736.73,2,Yes,Active,Net Banking,2025-06-26,Pune,3.4
C00154,37,Other,Beauty,Face Cream,3950.11,1,No,Active,UPI,2025-12-29,Ahmedabad,2.8
C01147,37,Male,Beauty,Skin Serum,1197.23,4,No,Inactive,Credit Card,2024-11-02,Ahmedabad,3.4
C01986,58,Female,Home & Kitchen,Coffee Maker,13087.36,3,No,Inactive,UPI,2024-10-02,Kolkata,4.4
C01006,43,Female,Clothing,Jeans,633.4,2,No,Inactive,Net Banking,2025-12-19,Chandigarh,4.7
C01148,22,Male,Electronics,Speaker,47269.63,3,No,Active,UPI,2024-11-01,Mumbai,3.9
C00781,62,Male,Sports,Yoga Mat,1008.94,4,Yes,Active,UPI,2024-10-31,Pune,3.7
C01945,45,Female,Books,Comics,822.74,4,No,Inactive,UPI,2025-10-18,Hyderabad,3.1
C01097,20,Female,Clothing,T-Shirt,4742.38,3,No,Inactive,Cash,2024-07-29,Chandigarh,2.6
C00943,60,Male,Electronics,Smartphone,60363.29,5,Yes,Active,UPI,2025-05-14,Hyderabad,3.5
C01626,20,Female,Home & Kitchen,Storage Box,6358.41,1,No,Inactive,Debit Card,2025-10-31,Bengaluru,3.7
C01876,39,Male,Home & Kitchen,Bedsheet,8655.32,2,No,Inactive,Net Banking,2025-03-13,Mumbai,5.0
C00105,24,Male,Sports,Cricket Bat,4842.58,2,Yes,Inactive,Cash,2025-07-30,Chennai,5.0
C01657,50,Female,Clothing,Jacket,2067.81,5,No,Inactive,Debit Card,2024-10-11,Ahmedabad,4.9
C01202,62,Female,Clothing,Sneakers,1740.09,2,No,Active,Credit Card,2025-08-31,Kolkata,3.4
C00105,63,Female,Clothing,Sneakers,1136.64,2,No,Inactive,UPI,2025-08-30,Pune,4.1
C00285,63,Male,Home & Kitchen,Coffee Maker,13346.36,1,No,Inactive,Debit Card,2025-03-31,Jaipur,4.3
C00973,52,Female,Clothing,Dress,3189.97,3,No,Active,Cash,2024-08-29,Chennai,4.4
C01276,30,Female,Home & Kitchen,Cookware,551.01,1,No,Active,Credit Card,2025-03-30,Bengaluru,3.1
C00125,27,Female,Sports,Dumbbells,5429.34,2,Yes,Inactive,UPI,2025-10-28,Mumbai,4.4
C01432,32,Female,Sports,Dumbbells,8888.91,2,No,Inactive,Credit Card,2025-03-02,Jaipur,4.4
C01360,45,Male,Clothing,Dress,3833.06,2,No,Active,UPI,2024-02-24,Delhi,4.1
C01151,37,Male,Sports,Running Shoes,6231.41,3,No,Active,Credit Card,2024-09-23,Ahmedabad,3.2
C00243,62,Male,Beauty,Perfume,528.76,2,No,Inactive,Credit Card,2025-08-10,Chennai,3.0
C00455,28,Female,Beauty,Face Cream,4639.38,1,Yes,Inactive,UPI,2024-08-24,Bengaluru,5.0
C00460,54,Male,Home & Kitchen,Storage Box,4214.0,3,No,Active,Wallet,2025-07-06,Jaipur,3.5
C00334,22,Female,Sports,Football,1370.62,3,No,Active,UPI,2025-07-09,Jaipur,4.5
C00221,29,Female,Sports,Cricket Bat,1655.8,1,Yes,Active,Credit Card,2025-01-18,Ahmedabad,4.3
C01830,56,Male,Books,Self-Help,834.86,1,Yes,Inactive,UPI,2024-06-20,Chandigarh,3.2
C01068,59,Male,Electronics,Speaker,42017.68,2,No,Active,Credit Card,2024-07-13,Delhi,5.0
C00089,24,Male,Beauty,Shampoo,423.51,1,Yes,Active,Wallet,2025-11-04,Kolkata,3.5
C01777,36,Male,Books,Technology,313.35,2,Yes,Active,Credit Card,2024-10-03,Bengaluru,3.9
C01702,40,Female,Clothing,Jacket,3085.87,1,Yes,Inactive,Credit Card,2024-10-20,Chennai,2.8
C00427,29,Female,Sports,Cricket Bat,3405.71,1,No,Inactive,UPI,2025-07-11,Pune,4.4
C00318,43,Male,Electronics,Headphones,28989.86,1,No,Active,Debit Card,2024-10-24,Delhi,4.6
C01339,49,Male,Electronics,Smartwatch,67124.82,1,No,Active,Debit Card,2024-09-03,Chennai,4.1
C01799,43,Female,Books,Comics,614.49,5,No,Inactive,Debit Card,2025-06-01,Chennai,3.9
C01752,65,Male,Clothing,T-Shirt,4001.81,1,Yes,Active,Debit Card,2025-11-15,Delhi,4.7
C00704,22,Other,Beauty,Lipstick,3491.55,3,No,Inactive,Credit Card,2024-10-13,Kolkata,3.9
C01760,18,Female,Home & Kitchen,Bedsheet,633.7,1,No,Inactive,UPI,2024-10-25,Hyderabad,4.8
C00538,39,Male,Home & Kitchen,Storage Box,4557.48,2,Yes,Active,Debit Card,2025-09-06,Jaipur,3.9
C01832,27,Female,Books,Fiction,1172.78,1,No,Inactive,Debit Card,2025-07-16,Delhi,3.8
C00803,36,Female,Beauty,Face Cream,409.5,2,Yes,Inactive,UPI,2025-09-30,Hyderabad,5.0
C00421,62,Female,Sports,Dumbbells,11230.67,3,No,Inactive,Debit Card,2025-09-04,Jaipur,4.4
C01143,64,Female,Sports,Running Shoes,9524.87,1,Yes,Inactive,Debit Card,2025-10-06,Kolkata,4.4
C01043,47,Female,Electronics,Laptop,1271.78,3,Yes,Active,Credit Card,2025-01-18,Chennai,5.0
C01602,44,Male,Clothing,Jeans,664.91,1,No,Active,Cash,2025-03-18,Delhi,3.7
C00195,45,Male,Clothing,Jacket,2996.49,2,No,Active,UPI,2024-07-03,Mumbai,4.4
C01874,48,Female,Electronics,Smartwatch,43386.8,2,No,Inactive,Credit Card,2025-07-14,Bengaluru,5.0
C01975,50,Female,Beauty,Skin Serum,4999.87,1,Yes,Active,UPI,2025-07-07,Kolkata,4.2
C00589,55,Male,Beauty,Lipstick,4968.07,2,No,Inactive,UPI,2024-01-12,Pune,3.9
C00660,36,Female,Electronics,Headphones,84212.81,3,Yes,Inactive,UPI,2025-09-01,Chennai,4.1
C00318,37,Male,Books,Technology,330.07,5,No,Inactive,Wallet,2025-12-14,Ahmedabad,3.9
C00115,60,Other,Home & Kitchen,Lamp,6977.0,2,No,Inactive,Debit Card,2025-09-18,Kolkata,4.3
C01425,23,Female,Beauty,Skin Serum,4218.93,2,Yes,Inactive,Credit Card,2024-10-23,Kolkata,4.9
C00841,57,Female,Electronics,Smartphone,84631.07,1,No,Inactive,Debit Card,2024-12-12,Pune,5.0
C00250,54,Female,Clothing,T-Shirt,752.77,1,No,Inactive,Debit Card,2025-07-23,Delhi,3.8
C00556,51,Female,Clothing,T-Shirt,1894.5,1,No,Active,UPI,2024-05-21,Mumbai,3.8
C01901,30,Female,Clothing,Sneakers,2043.93,3,No,Inactive,Cash,2025-01-03,Ahmedabad,4.0
C00922,19,Male,Home & Kitchen,Bedsheet,3550.02,1,No,Inactive,Cash,2025-11-02,Chennai,4.6
C01576,30,Male,Sports,Football,3886.3,1,No,Inactive,Cash,2024-04-25,Kolkata,4.4
C00583,23,Male,Electronics,Laptop,71476.25,1,No,Inactive,Credit Card,2024-01-02,Pune,
C00529,33,Female,Clothing,Jacket,3171.21,3,No,Active,Cash,2024-06-13,Bengaluru,3.3
C00522,44,Female,Home & Kitchen,Coffee Maker,9679.41,1,No,Inactive,Debit Card,2024-05-27,Ahmedabad,5.0
C01710,56,Male,Home & Kitchen,Storage Box,10334.01,2,No,Active,UPI,2025-03-08,Pune,4.6
C00305,46,Female,Clothing,Jacket,4938.45,1,Yes,Inactive,Credit Card,2024-06-07,Chandigarh,3.8
C00050,23,Female,Home & Kitchen,Storage Box,309.01,1,No,Inactive,Debit Card,2025-01-29,Delhi,5.0
C01986,46,Male,Books,Technology,1366.52,2,No,Inactive,Debit Card,2025-02-23,Delhi,3.0
C00681,38,Male,Clothing,Sneakers,1569.13,2,Yes,Inactive,Credit Card,2025-10-12,Bengaluru,4.4
C00866,61,Male,Sports,Cricket Bat,2507.3,3,No,Active,UPI,2025-01-26,Kolkata,4.4
C00503,25,Female,Electronics,Smartwatch,42273.31,5,No,Active,Debit Card,2025-05-01,Ahmedabad,4.2
C00360,33,Male,Sports,Dumbbells,1692.69,2,No,Inactive,UPI,2024-01-11,Pune,3.7
C01564,19,Male,Books,Business,301.56,1,No,Active,Debit Card,2024-06-28,Bengaluru,4.9
C00399,28,Female,Clothing,Jeans,512.56,2,No,Active,Credit Card,2025-08-26,Ahmedabad,4.2
C01483,59,Male,Home & Kitchen,Coffee Maker,8132.91,2,No,Inactive,Cash,2024-10-31,Mumbai,3.5
C00723,55,Male,Home & Kitchen,Cookware,11506.06,3,Yes,Inactive,Cash,2025-04-14,Hyderabad,3.8
C00817,48,Male,Electronics,Headphones,72326.5,2,Yes,Inactive,Credit Card,2024-04-03,Jaipur,3.3
C01338,61,Male,Sports,Yoga Mat,6327.44,5,No,Active,Cash,2025-09-02,Chennai,5.0
C00184,28,Male,Beauty,Shampoo,3989.37,2,Yes,Inactive,Credit Card,2025-10-24,Bengaluru,3.1
C00218,28,Female,Clothing,Dress,3468.41,1,No,Inactive,Wallet,2024-09-17,Chandigarh,3.5
C01536,50,Male,Home & Kitchen,Coffee Maker,6486.88,1,Yes,Active,Wallet,2025-09-05,Mumbai,4.5
C00543,33,Male,Beauty,Perfume,530.54,1,No,Active,UPI,2024-03-24,Mumbai,4.0
C00818,63,Female,Home & Kitchen,Storage Box,979.02,1,No,Inactive,Net Banking,2024-03-18,Chandigarh,3.8
C00473,55,Male,Clothing,Jacket,2520.03,3,No,Active,Cash,2025-07-19,Chandigarh,4.2
C00397,19,Female,Clothing,T-Shirt,1767.74,4,Yes,Inactive,UPI,2025-05-03,Ahmedabad,3.3
C01986,23,Female,Clothing,Jeans,3061.89,2,Yes,Inactive,Net Banking,2024-10-06,Ahmedabad,3.6
C01448,61,Female,Clothing,Sneakers,1948.43,4,No,Inactive,Debit Card,2025-04-08,Chandigarh,2.6
C00710,25,Female,Clothing,Dress,4712.0,1,Yes,Inactive,Credit Card,2024-02-02,Chandigarh,3.4
C00509,24,Female,Home & Kitchen,Bedsheet,6913.65,1,No,Active,Credit Card,2025-07-02,Chandigarh,3.6
C00047,48,Female,Electronics,Headphones,28723.37,1,No,Inactive,Credit Card,2025-04-19,Bengaluru,4.3
C01900,40,Male,Home & Kitchen,Lamp,2401.9,1,Yes,Inactive,UPI,2024-11-01,Mumbai,4.5
C00361,40,Female,Electronics,Smartphone,28217.79,1,No,Inactive,Credit Card,2025-07-27,Chennai,3.1
C00490,31,Male,Books,Self-Help,1545.43,3,Yes,Active,Debit Card,2025-09-21,Chennai,4.7
C00182,46,Female,Clothing,Dress,855.22,3,Yes,Inactive,Net Banking,2024-09-12,Ahmedabad,3.5
C01853,26,Female,Electronics,Speaker,44455.43,3,No,Inactive,Cash,2024-06-04,Bengaluru,3.3
C00658,29,Female,Books,Technology,646.68,1,No,Active,Debit Card,2025-07-03,Ahmedabad,4.9
C01921,22,Female,Clothing,Jacket,1231.99,2,Yes,Active,Cash,2025-03-05,Ahmedabad,4.0
C01097,20,Female,Home & Kitchen,Bedsheet,13922.65,3,No,Active,Net Banking,2025-01-25,Bengaluru,4.2
C00819,61,Female,Books,Technology,1040.85,1,No,Inactive,Cash,2024-03-17,Chandigarh,3.9
C00100,65,Female,Electronics,Headphones,4931.47,1,Yes,Inactive,Credit Card,2025-06-30,Chennai,5.0
C01501,41,Female,Sports,Cricket Bat,11598.13,1,No,Inactive,Debit Card,2024-05-01,Delhi,4.1
C01550,55,Male,Sports,Yoga Mat,10483.53,1,Yes,Inactive,UPI,2025-05-28,Chennai,4.3
C00594,57,Female,Electronics,Smartphone,8507.96,3,Yes,Inactive,Wallet,2025-10-18,Chennai,5.0
C01913,46,Female,Clothing,T-Shirt,4160.68,1,Yes,Active,UPI,2024-01-13,Delhi,4.0
C00548,20,Male,Clothing,T-Shirt,1695.44,1,Yes,Active,Credit Card,2024-08-05,Kolkata,4.6
C01185,40,Female,Electronics,Laptop,49149.27,1,No,Active,Debit Card,2024-08-08,Jaipur,
C01726,39,Male,Books,Self-Help,1219.12,1,No,Inactive,UPI,2025-04-16,Chennai,3.9
C00179,32,Female,Home & Kitchen,Cookware,946.74,1,No,Inactive,UPI,2025-02-12,Ahmedabad,4.3
C00797,26,Female,Clothing,Dress,671.29,4,No,Inactive,Credit Card,2024-11-01,Hyderabad,4.9
C00926,50,Male,Electronics,Headphones,81179.86,1,No,Inactive,UPI,2025-05-19,Delhi,3.2
C01276,62,Male,Sports,Dumbbells,11903.37,4,Yes,Inactive,Credit Card,2025-12-08,Pune,3.4
C01446,62,Female,Beauty,Skin Serum,1346.31,2,Yes,Active,UPI,2024-07-27,Bengaluru,4.2
C01063,49,Male,Beauty,Face Cream,533.12,1,Yes,Inactive,UPI,2025-05-24,Jaipur,4.6
C00191,56,Male,Home & Kitchen,Lamp,354.8,2,No,Inactive,Wallet,2024-07-13,Hyderabad,3.6
C00606,28,Male,Sports,Running Shoes,11737.82,3,No,Inactive,Debit Card,2024-02-15,Delhi,4.0
C00601,47,Female,Home & Kitchen,Storage Box,6152.05,4,No,Inactive,Cash,2025-10-11,Delhi,4.6
C01065,56,Female,Beauty,Lipstick,4649.72,1,Yes,Inactive,UPI,2025-10-24,Bengaluru,3.6
C00457,57,Male,Electronics,Laptop,13495.77,1,No,Active,Net Banking,2025-10-27,Delhi,3.2
C01034,40,Female,Clothing,T-Shirt,2226.37,2,No,Active,Net Banking,2025-07-08,Pune,4.7
C00026,28,Female,Clothing,Jeans,1551.16,1,Yes,Inactive,Cash,2025-12-20,Jaipur,4.0
C01574,49,Female,Books,Fiction,1682.97,1,Yes,Inactive,Debit Card,2024-02-05,Mumbai,5.0
C00579,44,Male,Clothing,Sneakers,3697.28,1,No,Active,UPI,2025-04-17,Hyderabad,2.2
C00439,40,Female,Home & Kitchen,Storage Box,10588.1,2,No,Inactive,Cash,2025-02-26,Jaipur,4.4
C00047,60,Female,Home & Kitchen,Lamp,11469.76,1,No,Active,Debit Card,2025-03-03,Chandigarh,3.8
C01110,52,Female,Clothing,Dress,306.72,3,No,Active,Credit Card,2024-01-15,Delhi,4.3
C01943,35,Male,Sports,Cricket Bat,7367.93,2,No,Active,Cash,2024-07-02,Pune,5.0
C01639,61,Male,Home & Kitchen,Coffee Maker,5671.49,2,No,Inactive,Net Banking,2025-03-23,Ahmedabad,4.5
C01878,50,Male,Books,Self-Help,867.18,1,No,Active,Debit Card,2024-08-04,Hyderabad,3.6
C01928,19,Male,Clothing,T-Shirt,3229.89,2,No,Inactive,Credit Card,2024-02-16,Chennai,4.5
C00738,62,Male,Books,Technology,1152.52,1,No,Inactive,Net Banking,2024-12-31,Kolkata,4.0
C00112,26,Male,Home & Kitchen,Storage Box,7041.6,4,No,Active,Wallet,2025-08-29,Delhi,5.0
C01130,35,Female,Books,Business,1025.1,2,Yes,Active,UPI,2025-02-15,Chennai,4.4
C00295,52,Female,Clothing,T-Shirt,4297.65,1,No,Inactive,Credit Card,2025-06-29,Kolkata,3.6
C01990,28,Female,Books,Fiction,1957.83,2,Yes,Inactive,Cash,2025-06-30,Bengaluru,
C00267,53,Male,Books,Business,1488.74,3,Yes,Inactive,Debit Card,2025-12-14,Bengaluru,5.0
C01442,51,Female,Electronics,Smartwatch,84861.88,1,Yes,Active,Wallet,2024-06-11,Delhi,4.0
C01579,37,Male,Electronics,Smartwatch,64369.05,2,No,Inactive,Cash,2025-06-02,Bengaluru,4.1
C00125,23,Male,Beauty,Perfume,2064.43,2,No,Inactive,UPI,2025-11-09,Jaipur,5.0
C01000,30,Female,Books,Technology,1145.74,1,No,Inactive,UPI,2024-04-03,Delhi,5.0
C00876,29,Male,Electronics,Laptop,63755.6,2,No,Inactive,Credit Card,2024-04-04,Kolkata,4.3
C01864,51,Female,Home & Kitchen,Cookware,2506.88,2,No,Active,Debit Card,2025-10-06,Delhi,4.0
C01356,56,Female,Home & Kitchen,Coffee Maker,11743.12,1,No,Active,Debit Card,2024-12-16,Mumbai,3.7
C00399,54,Other,Electronics,Laptop,50661.87,1,No,Inactive,UPI,2024-01-25,Ahmedabad,4.1
C01165,38,Male,Home & Kitchen,Storage Box,8917.0,1,Yes,Inactive,Cash,2024-06-07,Chennai,5.0
C01861,30,Male,Beauty,Shampoo,1329.17,2,No,Active,Debit Card,2025-08-14,Chennai,5.0
C00888,56,Female,Home & Kitchen,Coffee Maker,2158.42,1,Yes,Inactive,UPI,2024-10-21,Kolkata,5.0
C00814,29,Male,Sports,Football,4474.73,1,Yes,Inactive,Net Banking,2025-09-12,Kolkata,4.8
C00235,62,Male,Home & Kitchen,Cookware,14476.69,2,Yes,Inactive,Cash,2024-05-12,Bengaluru,3.8
C01355,53,Female,Sports,Football,3363.34,1,Yes,Inactive,Wallet,2024-08-06,Bengaluru,3.9
C01498,54,Female,Home & Kitchen,Bedsheet,7568.73,2,No,Inactive,Credit Card,2025-11-16,Hyderabad,3.3
C01728,51,Female,Electronics,Laptop,85084.21,3,No,Inactive,UPI,2025-10-19,Jaipur,4.4
C01153,52,Female,Beauty,Shampoo,3714.89,3,Yes,Inactive,Cash,2025-08-06,Kolkata,3.8
C01608,42,Female,Clothing,Sneakers,2361.41,4,Yes,Inactive,UPI,2025-02-25,Jaipur,3.7
C01498,35,Male,Electronics,Headphones,24353.77,1,Yes,Inactive,UPI,2025-05-13,Pune,3.2
C00740,31,Female,Electronics,Smartphone,20457.47,3,Yes,Inactive,Credit Card,2025-07-30,Mumbai,3.8
C00461,41,Male,Home & Kitchen,Coffee Maker,2541.61,1,No,Inactive,UPI,2025-03-06,Chennai,4.3
C00414,60,Female,Home & Kitchen,Storage Box,1799.33,2,Yes,Inactive,Debit Card,2024-08-06,Mumbai,4.3
C01257,23,Female,Home & Kitchen,Bedsheet,1149.99,1,Yes,Active,UPI,2024-01-12,Mumbai,3.4
C01979,55,Male,Home & Kitchen,Coffee Maker,6294.48,1,No,Inactive,Cash,2025-11-18,Hyderabad,3.5
C01475,42,Other,Sports,Cricket Bat,8602.04,1,No,Inactive,UPI,2024-02-18,Jaipur,4.1
C00158,58,Female,Books,Comics,313.61,2,No,Inactive,Debit Card,2024-03-09,Hyderabad,4.8
C01818,51,Female,Electronics,Speaker,51019.83,1,No,Inactive,Debit Card,2024-08-29,Delhi,3.5
C01197,59,Female,Clothing,Jacket,347.1,1,No,Inactive,Cash,2025-01-13,Bengaluru,5.0
C00203,53,Female,Home & Kitchen,Storage Box,7261.6,1,Yes,Inactive,UPI,2025-05-06,Chandigarh,4.1
C01623,49,Male,Home & Kitchen,Bedsheet,14051.07,5,Yes,Active,Debit Card,2024-06-16,Mumbai,4.0
C01178,28,Female,Electronics,Speaker,72722.07,5,Yes,Inactive,UPI,2024-02-19,Mumbai,3.7
C00115,44,Male,Clothing,T-Shirt,3918.08,1,No,Inactive,UPI,2024-06-03,Ahmedabad,3.8
C01330,57,Male,Home & Kitchen,Coffee Maker,12014.47,1,Yes,Inactive,Credit Card,2025-05-19,Pune,2.4
C00738,54,Other,Beauty,Skin Serum,732.57,2,Yes,Inactive,Debit Card,2025-09-18,Bengaluru,4.0
C01508,23,Male,Beauty,Lipstick,437.38,1,No,Active,UPI,2025-09-17,Kolkata,3.8
C01290,49,Male,Clothing,Jacket,2963.49,2,No,Inactive,UPI,2025-11-25,Delhi,3.8
C01192,21,Male,Sports,Dumbbells,1909.64,4,Yes,Inactive,Cash,2024-05-31,Delhi,4.0
C01873,18,Other,Home & Kitchen,Coffee Maker,2510.23,1,Yes,Inactive,Credit Card,2024-12-14,Ahmedabad,3.6
C00897,59,Female,Books,Self-Help,947.42,2,No,Inactive,Net Banking,2025-04-29,Jaipur,2.9
C01684,32,Female,Electronics,Smartphone,3004.86,1,Yes,Inactive,Debit Card,2024-11-09,Chennai,3.9
C01232,52,Male,Electronics,Speaker,1013.2,1,Yes,Active,Credit Card,2024-01-21,Chennai,4.0
C00024,21,Male,Sports,Dumbbells,3624.1,5,No,Active,Debit Card,2024-08-26,Delhi,4.0
C00481,33,Male,Electronics,Laptop,72228.51,3,No,Active,Debit Card,2024-06-21,Mumbai,3.3
C01973,25,Other,Home & Kitchen,Storage Box,10463.58,2,No,Inactive,Debit Card,2024-04-29,Bengaluru,3.1
C01144,52,Female,Sports,Cricket Bat,1830.29,1,No,Active,UPI,2024-03-08,Hyderabad,4.2
C01809,32,Male,Beauty,Face Cream,3369.76,1,Yes,Active,Wallet,2024-03-05,Delhi,4.0
C00039,54,Male,Home & Kitchen,Storage Box,8333.53,3,No,Active,UPI,2025-07-22,Hyderabad,4.0
C00899,64,Female,Home & Kitchen,Storage Box,4916.63,2,No,Inactive,UPI,2025-01-19,Chennai,5.0
C00644,19,Female,Clothing,T-Shirt,591.39,1,No,Inactive,Debit Card,2025-01-22,Delhi,4.7
C01823,42,Female,Sports,Yoga Mat,1276.85,1,No,Inactive,Net Banking,2025-09-02,Delhi,4.2
C01493,20,Female,Sports,Dumbbells,9019.12,2,Yes,Active,Wallet,2024-09-05,Delhi,4.3
C01848,50,Female,Sports,Yoga Mat,5513.72,1,Yes,Active,Credit Card,2025-02-22,Jaipur,4.1
C01850,59,Male,Sports,Dumbbells,7601.99,1,No,Inactive,Wallet,2025-11-28,Chandigarh,3.6
C00640,46,Female,Home & Kitchen,Cookware,8309.05,3,No,Inactive,UPI,2025-09-06,Mumbai,2.4
C00948,37,Male,Beauty,Skin Serum,533.94,1,No,Active,Wallet,2025-05-21,Jaipur,4.0
C00285,50,Female,Books,Business,854.02,2,No,Inactive,Cash,2025-08-05,Ahmedabad,3.6
C01466,24,Male,Electronics,Smartwatch,32434.84,5,Yes,Inactive,Wallet,2024-10-24,Jaipur,4.6
C01906,64,Female,Books,Comics,927.8,5,No,Active,UPI,2024-12-26,Ahmedabad,4.3
C01682,63,Male,Beauty,Skin Serum,3009.78,2,No,Inactive,Net Banking,2024-01-06,Mumbai,4.9
C01549,38,Male,Clothing,Dress,1429.81,1,Yes,Active,Credit Card,2025-03-23,Mumbai,3.4
C01178,38,Female,Electronics,Headphones,16243.06,2,No,Inactive,Credit Card,2025-10-14,Chennai,4.0
C01142,23,Male,Beauty,Skin Serum,3113.9,1,No,Active,UPI,2024-06-08,Chennai,4.3
C01856,32,Female,Clothing,Jeans,800.68,4,Yes,Inactive,Credit Card,2025-12-28,Delhi,4.5
C00952,37,Female,Books,Fiction,1037.7,4,No,Inactive,Debit Card,2025-03-06,Kolkata,4.4
C01746,21,Female,Electronics,Laptop,44375.96,4,No,Active,Credit Card,2024-01-12,Mumbai,2.5
C01316,52,Male,Books,Fiction,1308.21,1,No,Inactive,UPI,2025-02-21,Mumbai,4.0
C00628,36,Male,Books,Self-Help,1214.48,1,No,Active,UPI,2024-10-14,Ahmedabad,3.6
C00571,63,Female,Sports,Football,4674.93,4,No,Active,Credit Card,2024-01-23,Hyderabad,4.4
C01090,25,Female,Sports,Dumbbells,4196.56,1,No,Inactive,Credit Card,2024-12-15,Chandigarh,3.1
C00823,63,Male,Sports,Dumbbells,730.85,4,No,Inactive,Debit Card,2024-02-25,Chandigarh,3.4
C00106,32,Female,Home & Kitchen,Coffee Maker,14190.69,1,No,Inactive,Credit Card,2025-08-02,Jaipur,5.0
C00824,41,Male,Home & Kitchen,Coffee Maker,9274.83,2,Yes,Active,Net Banking,2024-03-28,Chennai,4.5
C01410,53,Male,Electronics,Laptop,83221.6,1,No,Inactive,Credit Card,2024-04-09,Chennai,4.1
C00210,52,Other,Clothing,Jeans,423.28,1,Yes,Inactive,Credit Card,2025-11-23,Kolkata,3.8
C01032,57,Male,Sports,Yoga Mat,10101.02,2,No,Active,UPI,2024-06-29,Bengaluru,5.0
C01941,24,Male,Electronics,Laptop,33681.36,1,No,Inactive,UPI,2025-07-09,Ahmedabad,
C01900,32,Female,Books,Comics,190.66,2,No,Active,Wallet,2025-07-27,Hyderabad,4.4
C01921,43,Female,Clothing,Jacket,3520.39,2,Yes,Inactive,UPI,2025-01-02,Chennai,5.0
C00421,19,Female,Beauty,Face Cream,778.62,1,No,Active,Debit Card,2024-08-06,Mumbai,4.2
C01864,22,Female,Electronics,Smartphone,86286.62,1,No,Inactive,Debit Card,2024-03-02,Mumbai,3.4
C01152,58,Other,Clothing,Jeans,4327.48,2,Yes,Active,Net Banking,2024-02-20,Kolkata,3.5
C01429,39,Female,Electronics,Laptop,59539.51,2,Yes,Active,Credit Card,2025-11-29,Jaipur,3.4
C01646,20,Female,Books,Technology,1914.09,4,No,Active,Credit Card,2024-07-12,Chandigarh,5.0
C00214,58,Female,Electronics,Smartphone,10232.53,2,No,Inactive,Debit Card,2024-09-03,Chandigarh,2.8
C01089,44,Female,Sports,Dumbbells,10797.54,1,No,Inactive,Credit Card,2024-03-16,Bengaluru,5.0
C00011,55,Female,Home & Kitchen,Bedsheet,5349.29,1,No,Inactive,UPI,2025-06-04,Delhi,4.0
C00340,54,Male,Books,Business,1198.95,1,No,Active,Credit Card,2025-02-21,Bengaluru,3.3
C00875,60,Female,Clothing,Jacket,1304.07,3,No,Active,Credit Card,2025-03-08,Pune,3.3
C01819,59,Female,Books,Technology,330.03,2,No,Inactive,Wallet,2025-08-12,Chennai,4.3
C00922,60,Male,Clothing,T-Shirt,3980.27,1,No,Active,Debit Card,2025-03-21,Chandigarh,4.4
C01527,41,Female,Home & Kitchen,Cookware,5604.31,2,No,Inactive,Credit Card,2024-06-22,Pune,5.0
C01877,48,Female,Clothing,Jeans,4722.84,2,Yes,Active,Debit Card,2024-07-13,Chennai,3.9
C00114,42,Female,Clothing,Dress,4699.07,1,No,Active,Credit Card,2024-10-24,Pune,4.1
C00470,29,Male,Clothing,T-Shirt,4956.18,2,Yes,Inactive,Net Banking,2024-11-04,Hyderabad,4.2
C00601,36,Male,Beauty,Face Cream,4447.0,2,Yes,Inactive,Cash,2025-07-15,Kolkata,3.8
C00008,28,Female,Clothing,Jeans,2588.86,2,No,Inactive,Cash,2025-11-23,Pune,3.8
C00792,20,Male,Beauty,Lipstick,1311.81,1,Yes,Active,UPI,2025-08-14,Chandigarh,3.1
C01370,31,Male,Clothing,Jacket,813.34,1,No,Active,Wallet,2024-06-13,Hyderabad,3.8
C01240,41,Female,Electronics,Headphones,81732.16,2,Yes,Inactive,Net Banking,2024-10-13,Hyderabad,3.4
C01342,52,Male,Clothing,Dress,3316.13,5,No,Active,UPI,2025-10-30,Delhi,3.8
C01520,27,Female,Books,Fiction,736.08,2,No,Inactive,UPI,2025-02-23,Kolkata,3.3
C00420,25,Female,Sports,Yoga Mat,4071.56,2,No,Inactive,Debit Card,2024-11-03,Ahmedabad,4.0
C00853,43,Female,Home & Kitchen,Lamp,700.83,3,No,Inactive,UPI,2025-08-28,Pune,3.8
C00245,54,Male,Home & Kitchen,Coffee Maker,3220.08,2,Yes,Inactive,Wallet,2025-10-17,Kolkata,3.4
C00540,59,Female,Sports,Cricket Bat,11944.57,5,No,Inactive,UPI,2024-10-26,Pune,
C00919,60,Male,Home & Kitchen,Cookware,9808.45,4,Yes,Inactive,UPI,2024-07-07,Kolkata,4.3
C00407,33,Female,Sports,Cricket Bat,7671.4,3,No,Inactive,UPI,2025-09-15,Mumbai,3.9
C00381,35,Female,Clothing,Jeans,3871.71,2,Yes,Active,Net Banking,2025-01-11,Pune,3.7
C00804,39,Male,Home & Kitchen,Storage Box,8362.45,3,Yes,Active,UPI,2024-05-02,Hyderabad,4.9
C01307,60,Female,Clothing,Sneakers,2191.94,1,Yes,Active,Cash,2025-06-06,Chandigarh,3.9
C00690,22,Male,Sports,Cricket Bat,9741.49,2,No,Inactive,UPI,2024-09-12,Jaipur,3.8
C01915,28,Female,Beauty,Lipstick,3846.9,1,Yes,Active,UPI,2025-09-29,Chandigarh,3.4
C01822,37,Female,Clothing,Dress,3615.21,3,No,Inactive,Cash,2024-10-19,Chandigarh,3.3
C00388,56,Female,Clothing,Dress,2717.99,1,Yes,Inactive,Wallet,2024-02-25,Mumbai,4.7
C00598,26,Female,Clothing,Jacket,924.34,4,No,Active,UPI,2025-07-26,Hyderabad,2.3
C01367,51,Female,Home & Kitchen,Storage Box,11950.7,3,Yes,Active,Net Banking,2024-08-10,Mumbai,2.6
C00096,65,Female,Beauty,Lipstick,3221.86,4,Yes,Active,UPI,2024-12-04,Chandigarh,3.9
C01215,22,Male,Clothing,Sneakers,4938.06,2,Yes,Active,Credit Card,2024-07-11,Chandigarh,5.0
C01333,33,Male,Sports,Cricket Bat,5858.21,3,No,Inactive,UPI,2024-11-13,Pune,3.2
C00334,51,Male,Electronics,Headphones,13009.7,3,No,Inactive,Wallet,2024-03-22,Kolkata,3.0
C01124,63,Male,Home & Kitchen,Storage Box,4030.3,5,No,Inactive,Debit Card,2025-09-22,Chennai,3.3
C01977,52,Male,Beauty,Lipstick,2643.49,4,No,Inactive,Debit Card,2024-06-25,Mumbai,4.0
C00151,22,Other,Sports,Dumbbells,11668.0,2,Yes,Active,Credit Card,2024-05-31,Delhi,4.6
C01162,37,Female,Books,Technology,789.69,1,Yes,Inactive,Credit Card,2024-12-05,Kolkata,3.5
C01459,42,Female,Sports,Dumbbells,6150.08,3,Yes,Inactive,Credit Card,2024-07-25,Jaipur,3.7
C00327,58,Female,Home & Kitchen,Bedsheet,12188.02,2,No,Active,UPI,2024-03-12,Hyderabad,2.5
C01982,54,Female,Clothing,Jeans,3868.46,1,No,Inactive,Debit Card,2025-07-18,Pune,4.9
C01318,59,Female,Home & Kitchen,Bedsheet,14357.83,1,No,Active,Net Banking,2025-08-04,Hyderabad,4.6
C01297,20,Male,Clothing,Dress,3235.9,4,No,Active,UPI,2025-11-29,Mumbai,4.3
C01812,28,Male,Electronics,Laptop,42015.06,5,Yes,Inactive,Debit Card,2024-06-18,Chennai,4.7
C01750,18,Male,Home & Kitchen,Cookware,8075.0,1,Yes,Active,Credit Card,2025-12-31,Hyderabad,3.8
C00795,64,Female,Books,Business,1540.34,2,Yes,Active,UPI,2025-12-28,Pune,5.0
C01333,50,Female,Sports,Cricket Bat,5729.35,2,No,Inactive,Debit Card,2024-09-06,Delhi,4.0
C00461,26,Female,Books,Self-Help,1773.44,2,Yes,Inactive,UPI,2025-05-07,Delhi,4.3
C00173,62,Male,Clothing,Dress,4742.47,3,Yes,Inactive,Net Banking,2025-01-12,Mumbai,3.6
C00416,31,Female,Home & Kitchen,Lamp,1392.25,2,No,Inactive,Credit Card,2025-08-04,Hyderabad,4.1
C00898,21,Female,Electronics,Speaker,83397.56,1,No,Inactive,Debit Card,2024-09-09,Ahmedabad,3.9
C00166,56,Female,Beauty,Skin Serum,256.3,2,No,Inactive,Credit Card,2025-10-04,Kolkata,5.0
C01187,61,Male,Clothing,Jeans,4845.46,3,Yes,Inactive,Cash,2024-01-28,Chandigarh,4.5
C00183,50,Female,Electronics,Smartphone,79288.71,2,No,Inactive,Debit Card,2024-05-22,Kolkata,4.4
C00147,30,Female,Home & Kitchen,Cookware,14003.92,2,No,Inactive,Credit Card,2025-02-25,Chandigarh,3.8
C01084,29,Male,Home & Kitchen,Coffee Maker,8801.89,2,No,Inactive,Debit Card,2025-12-23,Ahmedabad,3.8
C00113,21,Female,Electronics,Smartphone,17954.75,1,Yes,Active,Net Banking,2025-09-11,Hyderabad,4.1
C00311,62,Male,Clothing,Jacket,3829.34,3,No,Active,Debit Card,2024-01-09,Hyderabad,3.0
C00353,40,Female,Beauty,Perfume,1690.78,1,No,Active,Debit Card,2024-08-10,Jaipur,4.2
C00398,24,Female,Clothing,Jacket,4257.33,1,Yes,Active,Cash,2024-10-13,Delhi,3.9
C01095,29,Male,Sports,Dumbbells,6195.49,1,Yes,Inactive,Debit Card,2025-03-23,Chennai,4.9
C00318,38,Female,Beauty,Skin Serum,4181.74,1,No,Inactive,Debit Card,2025-02-09,Jaipur,4.6
C00137,51,Female,Clothing,T-Shirt,2877.23,2,No,Active,UPI,2024-03-07,Kolkata,3.6
C00564,44,Female,Beauty,Face Cream,1772.34,2,No,Active,Credit Card,2025-02-26,Jaipur,4.6
C01286,61,Male,Beauty,Face Cream,3318.82,1,No,Inactive,Cash,2024-04-26,Delhi,3.2
C00369,34,Male,Home & Kitchen,Storage Box,8636.6,1,No,Inactive,UPI,2024-01-26,Ahmedabad,4.1
C01572,18,Male,Books,Self-Help,1785.35,1,No,Inactive,UPI,2024-03-12,Chandigarh,3.5
C00248,62,Male,Beauty,Perfume,2353.35,1,Yes,Inactive,UPI,2025-02-27,Chandigarh,4.8
C01492,41,Female,Sports,Dumbbells,5056.13,3,Yes,Active,Credit Card,2025-08-18,Jaipur,3.7
C01270,18,Female,Clothing,Dress,1565.81,2,No,Active,UPI,2024-02-01,Chennai,3.4
C01516,19,Female,Books,Business,1611.75,3,No,Inactive,Net Banking,2024-03-06,Delhi,4.6
C01823,45,Male,Beauty,Lipstick,1329.14,1,No,Inactive,Cash,2025-09-13,Jaipur,3.6
C01516,61,Female,Home & Kitchen,Cookware,8789.12,2,No,Active,Cash,2025-04-15,Chennai,4.3
C01518,48,Male,Clothing,Dress,3410.49,1,Yes,Active,Net Banking,2024-07-02,Jaipur,4.0
C00401,47,Male,Electronics,Headphones,1137.69,2,No,Inactive,Net Banking,2025-01-28,Delhi,4.7
C00559,52,Male,Books,Technology,815.82,3,No,Inactive,Net Banking,2024-06-10,Jaipur,4.7
C00838,20,Other,Home & Kitchen,Coffee Maker,13140.52,2,No,Active,Net Banking,2024-09-18,Mumbai,4.8
C01581,55,Female,Home & Kitchen,Coffee Maker,2631.3,1,No,Inactive,Net Banking,2024-03-05,Mumbai,3.6
C00455,54,Male,Home & Kitchen,Cookware,13109.54,3,No,Inactive,Cash,2025-04-22,Kolkata,3.6
C01641,42,Female,Home & Kitchen,Lamp,11485.96,2,No,Active,Credit Card,2025-07-24,Chennai,2.8
C00546,23,Male,Beauty,Perfume,2689.48,3,No,Inactive,Cash,2024-06-21,Ahmedabad,4.5
C00801,39,Female,Beauty,Perfume,3685.89,4,Yes,Inactive,Credit Card,2024-04-06,Kolkata,3.3
C00989,32,Male,Electronics,Headphones,71831.65,2,No,Active,UPI,2025-10-23,Bengaluru,4.5
C01344,27,Male,Home & Kitchen,Bedsheet,12092.71,2,Yes,Inactive,Debit Card,2024-02-16,Kolkata,4.0
C01867,18,Female,Clothing,Sneakers,1896.34,1,No,Active,Debit Card,2025-06-25,Pune,4.2
C01126,23,Female,Books,Business,1514.45,2,No,Active,UPI,2025-07-09,Kolkata,3.8
C00843,54,Female,Home & Kitchen,Lamp,1429.3,2,No,Active,Credit Card,2024-08-07,Ahmedabad,3.2
C00497,60,Female,Sports,Cricket Bat,7035.04,2,No,Active,UPI,2024-05-02,Chandigarh,4.2
C00895,20,Male,Electronics,Laptop,22762.71,2,No,Inactive,UPI,2025-09-20,Mumbai,3.1
C01796,50,Male,Electronics,Smartwatch,23607.11,2,No,Inactive,Debit Card,2024-11-27,Chennai,4.4
C00141,23,Male,Home & Kitchen,Coffee Maker,828.81,1,Yes,Inactive,UPI,2025-08-25,Chennai,2.5
C01240,39,Male,Clothing,Sneakers,546.54,1,No,Inactive,UPI,2025-01-13,Chandigarh,2.6
C00688,37,Female,Home & Kitchen,Coffee Maker,5046.5,2,No,Inactive,Credit Card,2025-02-02,Ahmedabad,4.8
C01292,31,Female,Home & Kitchen,Lamp,12478.04,3,No,Inactive,UPI,2025-06-14,Ahmedabad,4.1
C00709,26,Other,Sports,Football,5776.19,2,Yes,Active,Credit Card,2024-05-27,Ahmedabad,4.2
C01417,40,Female,Clothing,Dress,4460.84,2,Yes,Active,Credit Card,2024-06-21,Jaipur,4.5
C00202,33,Female,Clothing,Sneakers,997.66,1,No,Active,Cash,2024-01-15,Ahmedabad,3.4
C01015,46,Male,Clothing,Sneakers,1191.7,3,No,Active,UPI,2024-04-21,Bengaluru,3.8
C01369,30,Male,Home & Kitchen,Coffee Maker,7073.27,4,No,Active,Net Banking,2024-03-09,Mumbai,4.9
C00270,30,Male,Home & Kitchen,Lamp,4095.3,1,No,Inactive,Debit Card,2025-04-21,Bengaluru,4.1
C00383,39,Female,Beauty,Lipstick,1824.44,3,No,Inactive,Debit Card,2025-08-20,Mumbai,3.2
C01684,40,Male,Sports,Dumbbells,7139.18,1,Yes,Inactive,Debit Card,2025-01-10,Delhi,3.4
C00301,46,Male,Sports,Running Shoes,636.79,2,Yes,Active,Credit Card,2025-05-11,Pune,3.9
C00220,58,Male,Clothing,Jeans,3062.26,2,No,Inactive,UPI,2024-02-03,Bengaluru,4.7
C00486,62,Female,Clothing,Sneakers,4646.23,1,Yes,Inactive,Credit Card,2024-10-25,Kolkata,4.0
C00069,45,Female,Books,Comics,1687.26,1,No,Active,UPI,2025-02-18,Pune,5.0
C00485,19,Female,Home & Kitchen,Storage Box,1659.04,3,No,Inactive,Credit Card,2025-06-11,Kolkata,3.3
C00704,37,Female,Home & Kitchen,Bedsheet,9769.65,1,No,Inactive,UPI,2024-05-04,Kolkata,5.0
C00116,18,Male,Clothing,Jacket,3535.07,3,Yes,Active,UPI,2024-12-08,Bengaluru,4.0
C01550,19,Male,Clothing,Dress,1450.71,2,No,Active,UPI,2025-04-03,Bengaluru,4.8
C01002,41,Male,Clothing,Jacket,4692.12,1,Yes,Active,UPI,2025-01-30,Hyderabad,3.9
C00588,53,Male,Home & Kitchen,Bedsheet,5698.02,2,No,Active,Debit Card,2025-10-04,Ahmedabad,4.6
C01224,26,Male,Clothing,Sneakers,2907.73,1,No,Inactive,UPI,2025-10-18,Hyderabad,5.0
C00638,55,Female,Home & Kitchen,Coffee Maker,3500.36,2,No,Active,Credit Card,2024-05-20,Kolkata,3.5
C01394,24,Male,Clothing,Jacket,1057.02,1,No,Active,Debit Card,2024-06-24,Mumbai,4.4
C00672,43,Male,Clothing,Sneakers,2112.8,1,No,Active,Wallet,2024-07-16,Chennai,3.4
C00106,53,Other,Electronics,Laptop,87389.38,2,Yes,Inactive,UPI,2025-01-06,Bengaluru,4.5
C01628,49,Female,Home & Kitchen,Bedsheet,6746.78,1,Yes,Inactive,Debit Card,2025-10-08,Jaipur,3.4
C01726,50,Male,Beauty,Face Cream,757.06,1,No,Inactive,UPI,2025-10-23,Pune,2.3
C00906,29,Other,Home & Kitchen,Storage Box,2552.5,1,Yes,Active,Credit Card,2024-09-09,Chandigarh,3.6
C00088,49,Male,Beauty,Face Cream,773.21,1,Yes,Active,Credit Card,2024-06-12,Pune,3.8
C01765,63,Female,Clothing,T-Shirt,3995.48,2,No,Inactive,UPI,2024-05-25,Ahmedabad,3.7
C00533,40,Female,Clothing,Jacket,4178.9,1,Yes,Active,Cash,2025-07-12,Mumbai,
C00939,18,Female,Home & Kitchen,Lamp,13674.09,4,No,Inactive,Credit Card,2024-05-25,Delhi,2.7
C01385,52,Male,Clothing,Dress,3399.7,1,No,Inactive,Credit Card,2024-08-28,Mumbai,4.0
C01199,48,Male,Home & Kitchen,Bedsheet,4860.68,2,No,Active,Credit Card,2024-05-09,Chennai,4.7
C01284,39,Male,Clothing,Dress,4366.66,1,Yes,Inactive,UPI,2024-12-16,Delhi,3.3
C01135,38,Male,Books,Comics,948.22,2,Yes,Inactive,Wallet,2025-06-24,Hyderabad,2.2
C01832,49,Female,Clothing,Jeans,3780.3,1,No,Active,UPI,2025-05-23,Hyderabad,5.0
C00843,60,Female,Beauty,Perfume,377.59,4,Yes,Inactive,Debit Card,2024-05-06,Kolkata,3.8
C01510,54,Male,Clothing,Jacket,3158.16,1,No,Inactive,Credit Card,2025-06-04,Hyderabad,4.6
C00485,59,Male,Electronics,Smartwatch,35435.82,2,No,Inactive,Credit Card,2024-08-04,Delhi,3.2
C00183,40,Male,Electronics,Smartphone,55585.89,1,Yes,Inactive,Credit Card,2024-04-03,Ahmedabad,3.1
C01065,28,Male,Sports,Cricket Bat,3042.28,1,Yes,Active,Debit Card,2025-04-05,Jaipur,3.6
C00826,33,Male,Books,Self-Help,1146.51,3,Yes,Active,Credit Card,2025-04-01,Delhi,4.3
C01344,20,Male,Books,Technology,1146.15,2,No,Inactive,Debit Card,2025-02-06,Mumbai,3.9
C01071,25,Female,Sports,Football,10777.76,1,Yes,Inactive,Credit Card,2024-04-25,Chennai,4.2
C01561,28,Female,Home & Kitchen,Lamp,7721.44,5,No,Inactive,UPI,2025-02-08,Ahmedabad,3.6
C01820,54,Male,Beauty,Face Cream,3455.97,1,No,Inactive,Credit Card,2024-06-29,Bengaluru,4.4
C00999,47,Female,Books,Business,442.06,1,No,Inactive,Cash,2025-09-20,Hyderabad,4.5
C01637,36,Female,Beauty,Shampoo,1422.73,3,No,Inactive,Wallet,2024-07-25,Chennai,
C00965,62,Female,Clothing,T-Shirt,968.43,3,No,Active,Wallet,2025-10-11,Jaipur,3.2
C01195,32,Female,Electronics,Speaker,66425.56,1,Yes,Inactive,Credit Card,2025-08-19,Chandigarh,4.8
C00393,27,Female,Electronics,Speaker,3782.22,1,Yes,Inactive,Cash,2025-11-23,Ahmedabad,3.7
C01937,61,Female,Electronics,Speaker,84182.37,5,No,Active,Net Banking,2024-07-27,Chandigarh,4.1
C01690,23,Female,Clothing,Jeans,2401.23,1,No,Inactive,UPI,2025-03-01,Jaipur,5.0
C00702,36,Female,Sports,Cricket Bat,5185.85,1,No,Active,Debit Card,2025-05-25,Jaipur,3.7
C01445,46,Male,Clothing,Jeans,4089.39,1,No,Inactive,Cash,2025-09-18,Bengaluru,4.4
C01693,32,Female,Home & Kitchen,Cookware,5417.8,1,No,Inactive,Wallet,2024-05-16,Delhi,4.3
C00257,43,Female,Beauty,Perfume,1400.18,2,No,Active,UPI,2024-02-22,Bengaluru,4.6
C00500,21,Female,Electronics,Headphones,66045.75,2,No,Inactive,Debit Card,2024-10-09,Pune,4.3
C00340,23,Female,Clothing,T-Shirt,806.08,4,No,Inactive,Debit Card,2025-10-05,Jaipur,4.0
C00674,38,Female,Books,Self-Help,767.0,2,No,Inactive,UPI,2024-01-13,Chandigarh,2.4
C01561,31,Male,Home & Kitchen,Bedsheet,11381.3,1,Yes,Active,UPI,2025-10-23,Delhi,4.3
C00505,60,Male,Clothing,Sneakers,4015.1,3,Yes,Inactive,Wallet,2024-09-19,Delhi,4.0
C00206,29,Male,Home & Kitchen,Cookware,14338.64,1,No,Inactive,Net Banking,2025-03-11,Ahmedabad,5.0
C01476,38,Male,Home & Kitchen,Bedsheet,8597.63,2,No,Inactive,Debit Card,2025-07-29,Delhi,3.0
C01689,30,Female,Home & Kitchen,Bedsheet,8456.33,2,No,Inactive,Debit Card,2025-09-27,Bengaluru,
C01901,20,Male,Books,Technology,255.2,1,No,Inactive,Credit Card,2025-10-15,Jaipur,4.1
C00023,60,Other,Home & Kitchen,Cookware,4629.88,1,Yes,Active,Debit Card,2024-09-20,Ahmedabad,3.8
C00048,20,Male,Home & Kitchen,Bedsheet,12872.01,5,No,Inactive,UPI,2024-07-15,Chennai,3.2
C00120,58,Other,Beauty,Shampoo,1989.68,2,Yes,Active,UPI,2024-02-01,Kolkata,5.0
C01978,27,Female,Electronics,Smartphone,37420.65,3,Yes,Inactive,Debit Card,2024-08-28,Chennai,3.9
C01901,65,Female,Clothing,Jacket,435.02,2,No,Inactive,Credit Card,2025-03-02,Ahmedabad,3.8
C00943,44,Female,Beauty,Skin Serum,350.86,1,Yes,Inactive,Credit Card,2024-07-15,Kolkata,4.2
C00078,21,Male,Beauty,Shampoo,1686.93,2,No,Inactive,Credit Card,2024-07-05,Pune,4.5
C00698,35,Male,Sports,Cricket Bat,9126.14,4,No,Active,UPI,2025-08-06,Chennai,3.3
C01922,57,Male,Clothing,Jeans,1123.21,3,No,Inactive,Cash,2024-05-08,Kolkata,5.0
C01767,45,Male,Beauty,Shampoo,1068.48,2,No,Inactive,Credit Card,2024-02-01,Kolkata,3.7
C00236,41,Male,Home & Kitchen,Storage Box,13882.74,1,Yes,Inactive,Credit Card,2024-01-03,Bengaluru,4.4
C00778,62,Male,Electronics,Smartphone,18653.74,2,Yes,Active,UPI,2025-04-26,Ahmedabad,4.0
C00998,21,Female,Home & Kitchen,Bedsheet,13118.53,1,No,Active,UPI,2025-06-10,Delhi,4.3
C01696,34,Female,Home & Kitchen,Coffee Maker,7140.44,1,No,Inactive,Wallet,2025-12-25,Chennai,4.2
C01743,56,Male,Clothing,Sneakers,3430.66,1,No,Inactive,UPI,2024-12-15,Delhi,4.5
C00053,40,Female,Electronics,Headphones,40524.43,2,No,Active,Credit Card,2025-08-05,Hyderabad,2.9
C01822,58,Male,Beauty,Face Cream,1101.91,1,Yes,Inactive,Debit Card,2024-09-09,Pune,2.9
C01153,64,Female,Books,Comics,1183.7,2,Yes,Inactive,UPI,2024-11-15,Kolkata,3.9
C01132,38,Male,Beauty,Lipstick,1262.42,1,Yes,Active,UPI,2024-04-24,Kolkata,3.5
C01235,25,Male,Home & Kitchen,Bedsheet,8145.5,2,Yes,Active,UPI,2025-07-05,Mumbai,4.6
C01491,60,Female,Electronics,Smartwatch,84420.41,1,No,Active,UPI,2025-01-14,Hyderabad,4.0
C01029,22,Male,Clothing,T-Shirt,3990.96,1,No,Inactive,Credit Card,2024-02-20,Bengaluru,5.0
C00530,58,Female,Clothing,Jeans,1552.23,2,Yes,Inactive,Credit Card,2024-01-12,Jaipur,3.1
C01774,45,Male,Home & Kitchen,Storage Box,8134.71,1,No,Inactive,UPI,2024-02-23,Jaipur,4.9
C01012,24,Female,Electronics,Headphones,56370.69,1,Yes,Inactive,Credit Card,2025-10-29,Bengaluru,4.9
C00516,19,Female,Sports,Football,10854.98,2,No,Active,UPI,2025-05-21,Chennai,3.5
C00434,34,Male,Sports,Cricket Bat,2535.24,3,Yes,Inactive,UPI,2024-10-16,Ahmedabad,4.3
C00709,55,Female,Books,Business,923.08,5,No,Inactive,Credit Card,2025-02-19,Chandigarh,3.4
C01720,30,Female,Electronics,Smartphone,5804.83,3,No,Inactive,Credit Card,2025-01-07,Jaipur,4.8
C01905,42,Male,Beauty,Perfume,2245.86,1,Yes,Active,Credit Card,2024-10-15,Delhi,4.9
C01233,46,Female,Sports,Running Shoes,4416.0,3,No,Active,Cash,2025-07-16,Pune,5.0
C00902,36,Male,Electronics,Laptop,58316.06,3,Yes,Inactive,Credit Card,2025-07-26,Jaipur,2.5
C01647,58,Male,Beauty,Face Cream,3505.47,1,No,Active,UPI,2024-02-16,Ahmedabad,5.0
C00689,42,Female,Beauty,Perfume,3896.02,1,No,Inactive,Cash,2024-03-30,Delhi,4.6
C01434,20,Female,Clothing,Sneakers,3899.08,2,No,Inactive,Debit Card,2024-01-01,Chennai,4.0
C01185,23,Female,Clothing,Sneakers,4014.89,2,Yes,Active,Debit Card,2025-05-01,Bengaluru,3.0
C00615,56,Female,Clothing,Jacket,4592.1,2,Yes,Inactive,Debit Card,2024-11-26,Chennai,4.5
C01491,64,Female,Books,Fiction,1588.79,2,Yes,Active,Debit Card,2025-01-22,Chandigarh,4.7
C01646,33,Female,Home & Kitchen,Bedsheet,3117.65,2,No,Inactive,Net Banking,2025-12-23,Chandigarh,4.5
C00209,22,Male,Home & Kitchen,Storage Box,6309.28,1,Yes,Inactive,Credit Card,2025-08-14,Delhi,3.8
C01219,38,Other,Beauty,Face Cream,935.74,2,No,Inactive,UPI,2024-08-16,Delhi,3.1
C01532,39,Female,Clothing,Dress,2531.36,1,Yes,Inactive,Credit Card,2024-10-14,Bengaluru,4.9
C00111,41,Female,Electronics,Headphones,30772.04,5,No,Inactive,UPI,2024-03-14,Chandigarh,4.0
C01385,64,Male,Home & Kitchen,Bedsheet,9120.84,2,Yes,Active,Credit Card,2024-02-04,Chennai,4.5
C01734,57,Female,Clothing,Sneakers,2058.78,3,No,Inactive,Credit Card,2025-08-02,Chennai,5.0
C01159,37,Male,Beauty,Skin Serum,4831.37,4,No,Inactive,Net Banking,2025-11-23,Kolkata,4.1
C00939,35,Female,Sports,Yoga Mat,2437.22,4,No,Inactive,Credit Card,2024-03-06,Chandigarh,3.7
C00426,37,Female,Clothing,Jacket,2214.92,1,No,Inactive,Credit Card,2024-11-05,Mumbai,4.3
C01709,32,Male,Books,Business,1787.64,2,Yes,Inactive,UPI,2024-04-03,Hyderabad,3.3
C00893,25,Male,Books,Fiction,191.03,4,No,Inactive,Credit Card,2024-11-04,Jaipur,3.6
C01439,47,Male,Sports,Cricket Bat,3043.81,2,Yes,Inactive,Debit Card,2025-06-23,Bengaluru,4.0
C01368,29,Female,Home & Kitchen,Coffee Maker,11716.54,2,Yes,Inactive,Cash,2025-11-17,Mumbai,3.3
C01077,35,Male,Electronics,Smartwatch,42146.51,1,No,Active,UPI,2025-02-10,Hyderabad,3.5
C01640,56,Female,Clothing,Jeans,2994.73,4,No,Inactive,Wallet,2024-12-23,Kolkata,3.9
C00940,22,Female,Sports,Running Shoes,1467.15,4,No,Inactive,Cash,2024-11-17,Chennai,4.0
C00816,49,Male,Sports,Dumbbells,11144.79,1,No,Inactive,Net Banking,2024-10-06,Pune,3.5
C00963,48,Female,Electronics,Speaker,30340.35,4,No,Inactive,Cash,2024-11-02,Jaipur,3.8
C01169,25,Male,Home & Kitchen,Coffee Maker,5360.92,3,Yes,Active,Debit Card,2024-11-23,Chandigarh,4.0
C01252,36,Female,Clothing,Jeans,2218.68,2,No,Inactive,Debit Card,2025-07-26,Chennai,2.7
C00633,53,Male,Clothing,Sneakers,4806.34,3,Yes,Active,Net Banking,2025-04-23,Jaipur,5.0
C01066,33,Female,Home & Kitchen,Bedsheet,4393.06,4,Yes,Active,UPI,2024-02-11,Bengaluru,3.0
C00447,49,Male,Home & Kitchen,Storage Box,9005.8,2,Yes,Inactive,UPI,2024-03-08,Bengaluru,3.5
C01958,42,Female,Sports,Yoga Mat,11820.32,1,No,Inactive,Cash,2024-09-21,Delhi,3.9
C01397,50,Female,Books,Fiction,1082.55,1,No,Active,Net Banking,2024-06-04,Chennai,4.7
C01979,19,Female,Beauty,Shampoo,4937.23,1,No,Inactive,Net Banking,2025-04-05,Hyderabad,4.0
C00137,48,Female,Electronics,Smartphone,86480.37,1,No,Active,Cash,2024-09-14,Hyderabad,3.6
C00287,31,Male,Clothing,T-Shirt,3497.44,3,No,Inactive,UPI,2025-10-08,Bengaluru,4.1
C01750,30,Female,Sports,Yoga Mat,4621.16,1,No,Active,Credit Card,2025-09-01,Kolkata,3.3
C00844,47,Female,Sports,Football,7335.92,1,No,Inactive,UPI,2024-01-29,Chennai,5.0
C00025,59,Male,Books,Business,321.76,2,No,Active,UPI,2025-04-02,Kolkata,4.5
C00893,25,Female,Clothing,Dress,4082.81,3,Yes,Inactive,Debit Card,2025-05-10,Bengaluru,
C01204,63,Female,Home & Kitchen,Storage Box,10880.37,1,No,Active,Debit Card,2025-11-07,Mumbai,4.5
C00149,25,Male,Books,Business,1687.33,1,No,Inactive,Credit Card,2024-10-31,Pune,4.3
C00196,24,Male,Books,Self-Help,999.94,1,Yes,Inactive,Cash,2025-02-15,Chennai,4.7
C01913,21,Female,Electronics,Smartwatch,38725.62,1,Yes,Inactive,UPI,2025-02-26,Hyderabad,4.6
C00831,44,Male,Electronics,Smartphone,36920.82,1,Yes,Active,UPI,2024-02-21,Delhi,2.9
C01949,18,Female,Home & Kitchen,Coffee Maker,6894.98,1,Yes,Active,UPI,2025-12-23,Bengaluru,2.3
C01242,24,Female,Clothing,T-Shirt,3757.03,3,No,Inactive,Debit Card,2025-09-02,Pune,4.9
C01213,43,Male,Electronics,Headphones,12616.86,2,No,Inactive,Net Banking,2025-08-27,Delhi,3.0
C00282,56,Female,Books,Business,801.03,1,No,Active,Credit Card,2025-12-21,Mumbai,4.2
C01759,49,Female,Electronics,Laptop,60363.79,1,No,Active,UPI,2024-02-07,Mumbai,2.5
C00701,65,Male,Beauty,Shampoo,472.49,4,No,Inactive,UPI,2025-03-25,Jaipur,4.1
C01257,45,Female,Books,Technology,1250.57,2,No,Inactive,Cash,2024-07-14,Delhi,4.8
C01608,26,Female,Beauty,Perfume,3285.93,1,No,Inactive,Debit Card,2024-10-11,Hyderabad,4.4
C01807,42,Female,Beauty,Shampoo,3499.92,2,No,Inactive,UPI,2024-09-09,Chennai,3.8
C00549,24,Female,Clothing,Jeans,321.15,1,No,Inactive,Debit Card,2025-08-24,Ahmedabad,3.9
C00596,48,Male,Electronics,Smartwatch,51685.16,1,No,Active,UPI,2024-12-07,Hyderabad,3.3
C01861,24,Female,Beauty,Shampoo,2689.23,2,No,Inactive,Debit Card,2024-04-12,Hyderabad,3.4
C01233,56,Female,Clothing,Dress,3833.41,2,No,Active,Credit Card,2025-06-11,Pune,4.2
C00792,55,Male,Clothing,Jeans,3734.64,2,No,Active,UPI,2025-04-21,Delhi,3.0
C00027,56,Female,Clothing,Dress,2571.53,2,No,Inactive,UPI,2024-12-18,Jaipur,3.8
C01156,18,Female,Clothing,Sneakers,2945.33,1,No,Inactive,UPI,2024-12-01,Bengaluru,5.0
C01113,63,Male,Electronics,Smartphone,35640.32,3,Yes,Active,Credit Card,2024-11-23,Hyderabad,4.1
C00781,48,Male,Electronics,Smartphone,52371.24,1,No,Active,Debit Card,2024-08-05,Mumbai,3.2
C00728,30,Male,Sports,Dumbbells,9668.28,1,No,Inactive,Credit Card,2025-03-28,Bengaluru,4.4
C00098,30,Female,Clothing,T-Shirt,4799.06,5,Yes,Active,UPI,2024-10-24,Mumbai,3.3
C00146,60,Male,Electronics,Headphones,64940.45,2,No,Inactive,Debit Card,2025-04-30,Ahmedabad,3.6
C00673,25,Male,Clothing,Dress,2722.48,3,Yes,Inactive,UPI,2025-01-24,Jaipur,3.1
C01215,22,Male,Electronics,Headphones,23234.7,3,Yes,Inactive,UPI,2025-04-03,Chennai,3.9
C00672,54,Female,Home & Kitchen,Coffee Maker,10170.04,2,Yes,Inactive,Debit Card,2024-06-24,Jaipur,2.9
C01790,59,Female,Electronics,Speaker,15037.09,5,Yes,Inactive,Cash,2025-07-01,Ahmedabad,3.2
C01246,64,Female,Clothing,Jeans,1622.17,4,No,Inactive,Debit Card,2025-07-20,Delhi,3.9
C01332,56,Male,Beauty,Perfume,2545.51,1,Yes,Inactive,UPI,2024-09-14,Ahmedabad,3.5
C00598,50,Female,Beauty,Shampoo,1703.74,1,No,Inactive,UPI,2025-01-01,Pune,4.5
C01255,43,Female,Clothing,Jeans,623.79,2,No,Inactive,Credit Card,2025-11-19,Mumbai,4.9
C01815,19,Female,Clothing,Jeans,4733.29,5,No,Inactive,Net Banking,2024-06-02,Delhi,4.0
C01404,34,Male,Electronics,Smartwatch,29150.1,3,No,Active,Wallet,2025-06-09,Chandigarh,3.8
C00295,20,Male,Books,Comics,1731.53,2,No,Inactive,Debit Card,2025-03-29,Bengaluru,3.9
C00604,40,Male,Electronics,Smartwatch,61123.89,5,No,Active,Debit Card,2025-01-05,Bengaluru,4.0
C00023,24,Female,Electronics,Smartphone,5675.05,3,Yes,Inactive,Credit Card,2025-12-23,Pune,3.8
C01343,42,Female,Clothing,Sneakers,2703.34,2,Yes,Inactive,Net Banking,2024-05-30,Kolkata,4.8
C01631,56,Male,Electronics,Headphones,20994.18,3,No,Active,Cash,2024-07-21,Chennai,4.8
C00230,40,Male,Beauty,Shampoo,2815.21,3,No,Inactive,UPI,2025-08-12,Kolkata,3.6
C01912,30,Male,Beauty,Shampoo,4223.32,2,Yes,Active,Credit Card,2025-02-27,Kolkata,2.9
C01841,31,Male,Books,Comics,364.18,1,No,Inactive,Debit Card,2025-07-19,Chennai,4.7
C00145,45,Female,Clothing,Sneakers,3299.39,1,Yes,Inactive,Debit Card,2024-09-18,Ahmedabad,4.7
C00751,47,Female,Clothing,Sneakers,4483.67,3,Yes,Inactive,Net Banking,2024-09-26,Kolkata,3.9
C01126,50,Male,Electronics,Headphones,74779.64,4,Yes,Inactive,UPI,2025-06-24,Hyderabad,3.4
C00457,63,Male,Clothing,Dress,2023.4,2,No,Inactive,Debit Card,2025-07-21,Kolkata,3.1
C01543,58,Male,Sports,Yoga Mat,2412.83,4,No,Inactive,Wallet,2025-06-26,Ahmedabad,3.6
C00578,18,Male,Home & Kitchen,Coffee Maker,14251.36,2,No,Active,Debit Card,2024-04-20,Bengaluru,2.7
C00821,50,Male,Clothing,T-Shirt,3875.37,3,No,Active,UPI,2025-12-25,Pune,4.7
C00231,29,Female,Sports,Yoga Mat,3904.43,1,No,Inactive,UPI,2024-05-08,Jaipur,2.9
C00583,55,Male,Clothing,Jeans,2925.35,1,No,Inactive,Cash,2025-08-01,Hyderabad,2.6
C01237,56,Female,Books,Comics,1172.81,2,Yes,Inactive,UPI,2024-10-08,Jaipur,4.0
C00872,59,Female,Electronics,Headphones,83460.64,2,No,Active,Net Banking,2024-08-07,Kolkata,5.0
C01259,20,Male,Sports,Cricket Bat,3452.53,4,No,Inactive,Wallet,2025-09-06,Hyderabad,3.3
C01828,24,Male,Beauty,Skin Serum,1611.35,1,No,Inactive,UPI,2024-01-21,Chandigarh,4.3
C00610,26,Male,Home & Kitchen,Cookware,5270.72,4,No,Inactive,Net Banking,2024-07-13,Kolkata,4.3
C00629,42,Male,Home & Kitchen,Bedsheet,7649.58,4,No,Inactive,Net Banking,2024-12-14,Jaipur,3.6
C01564,32,Female,Clothing,Jacket,3395.54,1,Yes,Inactive,UPI,2024-03-12,Hyderabad,3.8
C01064,21,Male,Sports,Running Shoes,11482.89,2,No,Inactive,Cash,2024-04-08,Chandigarh,3.8
C00837,64,Male,Electronics,Smartwatch,33132.2,1,No,Inactive,Debit Card,2025-02-16,Chandigarh,4.6
C01792,30,Male,Home & Kitchen,Storage Box,12241.14,3,No,Inactive,Credit Card,2024-09-10,Chandigarh,4.5
C01133,30,Female,Books,Comics,179.0,1,Yes,Active,Net Banking,2024-09-22,Chandigarh,4.7
C01639,65,Female,Clothing,T-Shirt,1067.88,1,No,Active,UPI,2024-04-17,Pune,2.7
C01580,51,Female,Clothing,T-Shirt,4124.79,1,No,Inactive,UPI,2025-06-25,Chandigarh,4.7
C00742,30,Male,Clothing,Jeans,4032.95,2,No,Active,UPI,2025-04-23,Pune,4.0
C00402,40,Female,Electronics,Laptop,14412.21,3,No,Inactive,Cash,2024-11-19,Kolkata,5.0
C01433,60,Male,Sports,Dumbbells,3755.65,4,Yes,Active,Debit Card,2025-08-17,Jaipur,4.6
C01467,26,Male,Electronics,Laptop,66546.05,3,No,Inactive,Cash,2024-03-06,Chandigarh,3.2
C00210,31,Female,Clothing,Dress,3223.3,2,No,Active,Wallet,2025-05-20,Kolkata,4.0
C00738,65,Male,Sports,Yoga Mat,7853.05,1,No,Active,UPI,2025-07-15,Delhi,3.2
C00924,55,Female,Clothing,Dress,3787.92,2,Yes,Active,UPI,2025-08-22,Kolkata,4.4
C01486,49,Female,Beauty,Skin Serum,604.93,4,Yes,Active,Wallet,2024-10-08,Delhi,4.2
C00696,59,Female,Clothing,Jeans,3558.74,2,No,Inactive,UPI,2025-10-24,Jaipur,3.9
C01739,33,Male,Sports,Cricket Bat,7207.62,1,Yes,Inactive,Credit Card,2024-06-03,Ahmedabad,4.1
C01830,64,Female,Sports,Football,11043.56,4,No,Active,Net Banking,2024-07-11,Delhi,4.2
C01631,26,Female,Sports,Football,8323.45,1,Yes,Inactive,Debit Card,2024-01-03,Ahmedabad,5.0
C01725,29,Male,Home & Kitchen,Coffee Maker,7096.11,3,No,Inactive,Cash,2025-06-28,Chandigarh,3.8
C01180,49,Male,Clothing,Sneakers,4478.35,2,Yes,Active,UPI,2024-11-21,Bengaluru,4.6
C01814,64,Male,Electronics,Smartwatch,50995.84,1,No,Inactive,UPI,2025-06-28,Hyderabad,3.8
C01180,44,Male,Electronics,Smartwatch,16267.69,1,Yes,Inactive,Wallet,2024-05-16,Mumbai,3.2
C00762,62,Male,Sports,Dumbbells,5743.69,3,Yes,Inactive,Credit Card,2025-12-08,Pune,3.5
C00866,33,Female,Clothing,Jacket,2386.09,1,No,Active,UPI,2025-12-14,Mumbai,4.0
C01450,30,Female,Clothing,Dress,1655.17,1,Yes,Inactive,Cash,2025-07-09,Chennai,3.9
C00421,56,Male,Clothing,Dress,3316.42,2,Yes,Inactive,UPI,2025-06-08,Bengaluru,4.7
C01991,38,Female,Beauty,Face Cream,4351.3,3,No,Active,UPI,2025-05-05,Chandigarh,4.0
C01474,50,Female,Books,Comics,653.62,2,No,Inactive,Cash,2025-09-17,Hyderabad,3.8
C00722,54,Male,Clothing,Jeans,2274.23,3,Yes,Inactive,UPI,2024-03-17,Chandigarh,5.0
C00074,18,Male,Clothing,Sneakers,2626.64,1,Yes,Inactive,Cash,2024-02-12,Bengaluru,4.9
C01684,48,Male,Clothing,Jeans,4548.29,1,No,Active,Debit Card,2025-12-21,Kolkata,4.4
C00748,41,Other,Electronics,Laptop,70642.11,3,No,Active,Debit Card,2025-03-13,Ahmedabad,5.0
C01666,20,Male,Sports,Running Shoes,2017.56,1,No,Inactive,UPI,2024-07-14,Hyderabad,2.8
C01317,61,Male,Electronics,Headphones,51874.85,2,No,Inactive,Credit Card,2025-08-06,Delhi,3.2
C00506,51,Female,Clothing,Jeans,3882.17,1,No,Active,Debit Card,2024-02-11,Jaipur,5.0
C01706,50,Female,Clothing,Jeans,4693.33,2,Yes,Active,Credit Card,2025-05-13,Chennai,3.9
C00571,37,Female,Electronics,Smartphone,82887.48,4,Yes,Active,Credit Card,2024-07-25,Chandigarh,3.7
C01992,24,Male,Home & Kitchen,Coffee Maker,3523.14,2,No,Active,Cash,2025-07-31,Jaipur,5.0
C01690,35,Male,Electronics,Smartphone,37303.53,3,No,Inactive,UPI,2024-11-24,Hyderabad,4.5
C00676,32,Other,Sports,Football,9583.53,1,Yes,Inactive,UPI,2025-06-23,Chennai,2.2
C01941,31,Female,Beauty,Perfume,2651.57,1,No,Inactive,Debit Card,2024-05-06,Jaipur,3.7
C00976,52,Male,Sports,Cricket Bat,1523.42,3,No,Inactive,UPI,2025-08-14,Jaipur,5.0
C00239,24,Male,Clothing,Sneakers,2352.81,2,Yes,Inactive,Debit Card,2024-02-29,Hyderabad,3.6
C01037,39,Female,Beauty,Face Cream,947.15,2,No,Active,Credit Card,2025-12-23,Hyderabad,3.5
C00188,47,Male,Beauty,Perfume,4739.73,2,No,Inactive,UPI,2025-05-29,Kolkata,3.9
C01980,36,Male,Clothing,Dress,3001.5,1,Yes,Inactive,UPI,2025-01-08,Jaipur,4.5
C01762,38,Male,Home & Kitchen,Lamp,12821.33,5,No,Inactive,UPI,2024-03-14,Hyderabad,3.8
C01253,27,Male,Home & Kitchen,Cookware,4616.97,1,Yes,Inactive,Cash,2024-08-01,Kolkata,3.6
C01032,20,Male,Beauty,Lipstick,3225.88,1,No,Active,Debit Card,2024-01-03,Jaipur,3.3
C01667,30,Male,Home & Kitchen,Coffee Maker,13745.71,2,Yes,Inactive,Credit Card,2024-03-05,Pune,4.7
C00747,22,Female,Sports,Running Shoes,3716.7,1,No,Active,Debit Card,2025-09-15,Delhi,3.8
C01829,43,Female,Books,Business,468.42,1,No,Inactive,Cash,2025-09-08,Kolkata,3.5
C00184,45,Female,Home & Kitchen,Storage Box,553.67,3,Yes,Active,Net Banking,2025-01-25,Ahmedabad,4.3
C00861,24,Male,Electronics,Smartwatch,83879.1,1,No,Inactive,Cash,2025-02-15,Pune,5.0
C00789,65,Female,Electronics,Smartwatch,33248.27,4,Yes,Inactive,UPI,2024-11-30,Chandigarh,4.0
C01225,22,Male,Clothing,T-Shirt,1548.61,3,No,Active,Credit Card,2025-08-19,Chandigarh,4.7
C01944,50,Female,Electronics,Smartphone,3429.4,1,Yes,Inactive,Debit Card,2024-12-16,Chandigarh,3.7
C01957,40,Female,Beauty,Shampoo,4358.57,4,No,Inactive,UPI,2025-03-19,Delhi,4.9
C01742,47,Female,Home & Kitchen,Bedsheet,8448.47,3,No,Active,Debit Card,2024-05-30,Bengaluru,4.3
C01106,50,Female,Beauty,Lipstick,4723.17,2,No,Inactive,Debit Card,2025-10-06,Chandigarh,3.0
C01911,57,Female,Home & Kitchen,Lamp,12200.22,2,No,Active,Net Banking,2025-03-05,Pune,3.1
C01220,62,Female,Home & Kitchen,Bedsheet,2846.13,3,No,Inactive,Debit Card,2024-12-18,Chandigarh,4.4
C01027,59,Female,Electronics,Headphones,68791.74,2,Yes,Active,Credit Card,2025-01-19,Mumbai,3.9
C00930,39,Male,Clothing,Sneakers,1372.76,1,No,Inactive,Debit Card,2024-11-20,Mumbai,4.2
C00938,58,Female,Electronics,Smartphone,68518.09,5,No,Inactive,UPI,2024-12-09,Chandigarh,3.9
C00731,24,Female,Electronics,Smartwatch,45912.37,2,No,Active,Debit Card,2024-09-10,Delhi,4.3
C01549,24,Female,Electronics,Speaker,21590.05,4,Yes,Inactive,Credit Card,2025-12-22,Ahmedabad,3.2
C00891,30,Male,Home & Kitchen,Bedsheet,6843.49,3,No,Inactive,Wallet,2025-08-05,Delhi,4.5
C01720,40,Other,Books,Self-Help,555.65,4,Yes,Inactive,Credit Card,2025-05-26,Delhi,4.0
C00905,56,Female,Sports,Dumbbells,7449.78,2,No,Inactive,Debit Card,2025-06-17,Chennai,4.1
C01100,31,Female,Books,Technology,900.79,1,No,Inactive,Debit Card,2025-04-18,Chandigarh,4.4
C00162,26,Female,Books,Business,897.25,1,No,Active,Net Banking,2025-06-17,Bengaluru,4.1
C00718,56,Female,Books,Comics,1205.61,1,No,Active,Cash,2025-09-11,Ahmedabad,5.0
C00732,21,Other,Beauty,Perfume,1742.94,1,No,Active,Credit Card,2024-07-21,Pune,3.3
C00242,30,Female,Home & Kitchen,Bedsheet,1964.56,1,No,Active,Wallet,2025-08-10,Delhi,3.5
C01080,61,Male,Electronics,Smartphone,56312.86,2,No,Inactive,Net Banking,2024-11-15,Chandigarh,4.3
C00152,41,Male,Books,Business,720.3,1,No,Inactive,Debit Card,2025-11-29,Ahmedabad,4.0
C00122,28,Male,Clothing,Dress,887.8,1,No,Active,Debit Card,2024-02-11,Ahmedabad,5.0
C00955,61,Male,Sports,Dumbbells,10314.33,2,No,Inactive,UPI,2025-06-29,Chennai,4.7
C00522,39,Female,Books,Business,239.06,2,Yes,Inactive,Credit Card,2024-06-06,Kolkata,3.4
C01803,47,Female,Home & Kitchen,Bedsheet,1793.7,4,Yes,Active,UPI,2025-06-05,Pune,5.0
C01731,61,Male,Books,Business,1928.87,2,No,Active,UPI,2025-02-20,Ahmedabad,3.4
C00140,45,Female,Electronics,Smartwatch,46658.39,1,No,Inactive,UPI,2024-03-27,Jaipur,5.0
C00607,64,Male,Electronics,Headphones,42284.23,4,Yes,Inactive,UPI,2025-08-10,Hyderabad,
C00691,49,Female,Electronics,Smartphone,63848.12,4,Yes,Inactive,Debit Card,2025-06-08,Bengaluru,4.1
C01854,48,Male,Clothing,Jeans,2643.52,1,No,Inactive,UPI,2024-12-24,Kolkata,4.6
C00515,63,Female,Electronics,Smartphone,66135.7,1,Yes,Inactive,Credit Card,2025-03-31,Ahmedabad,4.5
C01827,32,Female,Sports,Football,4841.1,3,No,Inactive,Credit Card,2025-12-12,Jaipur,2.8
C00662,56,Female,Books,Comics,759.14,1,No,Inactive,Cash,2025-09-30,Ahmedabad,3.8
C00505,18,Female,Beauty,Face Cream,995.03,1,Yes,Inactive,UPI,2024-10-08,Chennai,2.7
C01266,52,Male,Clothing,T-Shirt,1740.13,2,Yes,Active,Cash,2025-11-04,Mumbai,4.5
C01543,63,Male,Books,Technology,1885.25,1,Yes,Inactive,Cash,2025-04-12,Kolkata,4.4
C00922,59,Male,Beauty,Lipstick,3574.37,2,Yes,Active,UPI,2025-08-25,Chandigarh,4.6
C01041,56,Male,Home & Kitchen,Storage Box,5387.5,3,Yes,Inactive,Debit Card,2024-09-17,Jaipur,5.0
C01110,45,Female,Home & Kitchen,Storage Box,1614.34,5,No,Active,UPI,2024-04-22,Pune,5.0
C01021,21,Male,Sports,Cricket Bat,7976.69,1,Yes,Active,Credit Card,2024-01-17,Chennai,4.0
C00144,55,Female,Books,Self-Help,685.4,2,No,Active,Cash,2025-09-28,Ahmedabad,4.1
C00844,54,Female,Sports,Dumbbells,10387.41,1,No,Active,Credit Card,2025-11-30,Mumbai,3.8
C01012,54,Male,Electronics,Smartphone,71014.66,1,Yes,Inactive,Wallet,2024-04-27,Ahmedabad,3.1
C01083,29,Female,Clothing,Jeans,4188.96,2,Yes,Active,Credit Card,2024-12-06,Delhi,3.9
C01081,34,Male,Clothing,Jacket,3537.6,1,Yes,Active,UPI,2024-09-06,Delhi,3.4
C01580,24,Female,Books,Technology,1280.07,1,No,Inactive,UPI,2024-01-20,Pune,3.8
C00261,57,Female,Home & Kitchen,Lamp,5696.27,1,No,Inactive,Debit Card,2024-08-03,Jaipur,3.9
C01251,34,Female,Clothing,Jacket,1603.14,1,No,Active,UPI,2024-11-17,Mumbai,4.6
C01795,36,Female,Home & Kitchen,Storage Box,11043.6,1,No,Active,Net Banking,2024-05-24,Chandigarh,3.2
C01648,31,Male,Home & Kitchen,Lamp,4558.74,4,No,Inactive,UPI,2024-08-09,Pune,4.6
C00871,44,Female,Home & Kitchen,Lamp,1931.68,1,Yes,Inactive,Credit Card,2024-08-23,Ahmedabad,3.7
C00364,27,Male,Clothing,Jeans,681.5,2,No,Active,Credit Card,2024-04-18,Bengaluru,3.9
C00953,47,Male,Home & Kitchen,Coffee Maker,9826.8,1,No,Active,UPI,2024-11-25,Chennai,3.7
C00117,27,Female,Clothing,Sneakers,2636.21,2,No,Inactive,Debit Card,2025-03-22,Delhi,4.7
C00709,25,Male,Sports,Cricket Bat,6882.91,3,No,Active,Debit Card,2024-04-23,Jaipur,2.6
C00077,30,Male,Clothing,Dress,2660.58,2,No,Active,UPI,2024-04-10,Chandigarh,3.2
C01254,35,Female,Clothing,T-Shirt,1875.17,1,No,Inactive,UPI,2024-05-25,Chennai,4.2
C00363,45,Male,Books,Business,563.07,3,Yes,Active,Debit Card,2024-09-30,Bengaluru,3.8
C00381,29,Male,Clothing,Sneakers,3859.36,1,No,Active,Debit Card,2025-06-15,Ahmedabad,4.9
C00352,39,Male,Sports,Yoga Mat,2358.25,1,No,Inactive,Credit Card,2024-07-27,Hyderabad,4.0
C00925,21,Female,Home & Kitchen,Bedsheet,13475.51,3,Yes,Inactive,Debit Card,2024-06-14,Delhi,3.8
C01213,29,Male,Clothing,Jeans,4405.52,3,No,Inactive,UPI,2024-12-27,Hyderabad,4.0
C00381,19,Female,Beauty,Face Cream,4734.41,1,No,Inactive,Credit Card,2024-05-06,Delhi,3.8
C00015,39,Male,Clothing,Jeans,3205.61,4,No,Active,Debit Card,2024-09-23,Chennai,5.0
C00175,59,Female,Electronics,Smartphone,22679.41,1,No,Active,Cash,2024-07-22,Delhi,3.8
C01908,62,Female,Clothing,Jacket,3048.44,3,No,Active,Credit Card,2025-02-21,Mumbai,5.0
C00064,24,Male,Electronics,Smartphone,48189.87,2,No,Active,Net Banking,2025-12-18,Hyderabad,3.5
C01201,47,Male,Beauty,Shampoo,3078.24,2,No,Active,Debit Card,2025-10-27,Kolkata,3.5
C00685,64,Female,Clothing,Jeans,696.65,1,No,Inactive,Debit Card,2024-08-27,Kolkata,3.9
C01636,25,Male,Beauty,Shampoo,495.75,1,No,Active,UPI,2024-07-24,Pune,5.0
C01511,22,Female,Clothing,Dress,3252.38,2,No,Active,Cash,2025-05-06,Bengaluru,3.4
C01414,64,Female,Sports,Running Shoes,2127.79,3,Yes,Active,Debit Card,2024-06-12,Pune,4.1
C01571,56,Female,Sports,Dumbbells,4215.87,1,No,Active,Debit Card,2025-09-21,Chandigarh,4.8
C01925,49,Male,Books,Technology,1084.68,4,No,Active,Net Banking,2024-05-31,Kolkata,3.6
C01999,50,Female,Sports,Running Shoes,7764.77,1,Yes,Inactive,Net Banking,2025-04-27,Kolkata,4.2
C00092,32,Male,Beauty,Lipstick,2244.22,1,Yes,Inactive,Net Banking,2025-07-06,Pune,4.3
C00349,27,Female,Electronics,Smartphone,27010.7,2,Yes,Inactive,Net Banking,2025-09-22,Delhi,4.3
C01063,22,Female,Home & Kitchen,Cookware,14526.46,2,No,Active,UPI,2025-01-25,Kolkata,3.6
C00277,40,Male,Electronics,Headphones,89804.07,2,No,Inactive,UPI,2025-03-24,Kolkata,3.3
C01639,52,Male,Electronics,Laptop,27289.13,4,No,Inactive,Net Banking,2024-09-18,Chennai,5.0
C01780,38,Female,Electronics,Smartwatch,83965.96,2,No,Active,Credit Card,2025-10-15,Delhi,3.1
C00964,34,Male,Electronics,Headphones,20076.17,3,No,Inactive,Cash,2025-06-03,Mumbai,3.0
C01626,34,Female,Beauty,Perfume,4400.43,3,No,Inactive,Credit Card,2024-08-11,Hyderabad,2.6
C01274,62,Female,Sports,Yoga Mat,5956.35,2,Yes,Inactive,UPI,2025-01-22,Bengaluru,4.7
C01800,41,Male,Home & Kitchen,Cookware,14252.8,1,Yes,Inactive,Credit Card,2025-09-08,Pune,3.3
C01506,47,Female,Clothing,Jacket,4412.02,5,No,Inactive,Cash,2025-07-27,Chandigarh,3.7
C00146,55,Female,Clothing,Jeans,2626.71,3,Yes,Inactive,Credit Card,2024-06-13,Hyderabad,4.7
C01461,55,Female,Electronics,Smartwatch,29816.44,1,No,Active,Debit Card,2024-05-13,Chandigarh,3.8
C01468,23,Female,Books,Self-Help,1515.86,4,No,Inactive,Credit Card,2025-05-11,Hyderabad,3.2
C01207,38,Female,Clothing,Jeans,982.58,2,No,Active,Cash,2025-10-13,Delhi,3.5
C01688,20,Female,Home & Kitchen,Storage Box,8667.88,3,Yes,Active,UPI,2024-05-06,Delhi,2.8
C00874,41,Male,Books,Comics,1050.56,2,No,Active,Credit Card,2025-07-28,Ahmedabad,4.3
C00588,27,Male,Books,Comics,186.3,1,Yes,Inactive,UPI,2025-07-26,Chandigarh,3.4
C01968,52,Female,Books,Business,1024.42,1,No,Active,Cash,2025-12-26,Delhi,
C00647,59,Female,Electronics,Smartphone,42416.6,5,No,Active,Wallet,2024-12-29,Ahmedabad,4.4
C00551,48,Female,Sports,Dumbbells,11169.73,1,Yes,Active,Cash,2025-06-06,Jaipur,5.0
C00580,53,Male,Sports,Dumbbells,8509.31,1,No,Inactive,UPI,2024-04-15,Mumbai,3.7
C00225,59,Male,Clothing,Jacket,757.91,1,No,Active,Net Banking,2024-01-11,Chennai,3.8
C01037,24,Female,Beauty,Skin Serum,2800.89,2,No,Inactive,Credit Card,2025-10-16,Mumbai,3.9
C00005,25,Male,Books,Self-Help,1932.41,1,No,Inactive,Debit Card,2025-08-29,Chandigarh,4.1
C01880,63,Male,Beauty,Perfume,4014.31,2,Yes,Inactive,UPI,2024-10-12,Ahmedabad,3.7
C00993,21,Female,Sports,Dumbbells,8881.55,3,No,Inactive,Debit Card,2025-11-07,Jaipur,3.3
C00270,21,Other,Electronics,Laptop,72890.62,1,Yes,Inactive,Net Banking,2024-03-25,Hyderabad,3.9
C00680,55,Male,Sports,Running Shoes,2159.77,3,Yes,Active,UPI,2025-11-13,Kolkata,4.1
C00554,38,Female,Beauty,Skin Serum,806.12,3,No,Active,Debit Card,2024-10-21,Mumbai,3.6
C01242,40,Female,Home & Kitchen,Lamp,6361.12,1,Yes,Inactive,UPI,2025-08-31,Bengaluru,2.3
C01490,36,Male,Electronics,Laptop,27998.52,2,No,Active,Cash,2025-08-17,Jaipur,3.5
C01094,36,Female,Clothing,Jeans,2401.68,3,Yes,Active,UPI,2025-09-10,Delhi,4.4
C00526,46,Other,Home & Kitchen,Lamp,5113.64,4,No,Inactive,UPI,2025-10-23,Bengaluru,4.5
C00589,25,Female,Books,Comics,317.22,5,No,Inactive,Cash,2024-03-08,Hyderabad,5.0
C01109,57,Female,Electronics,Speaker,80003.25,2,No,Active,UPI,2025-08-08,Ahmedabad,4.4
C01373,24,Male,Sports,Yoga Mat,5963.31,3,No,Inactive,Net Banking,2025-03-19,Jaipur,4.9
C01849,33,Male,Clothing,Sneakers,4816.94,2,Yes,Inactive,Credit Card,2025-01-03,Chandigarh,3.8
C00589,27,Female,Electronics,Headphones,37632.49,2,No,Active,Wallet,2024-03-20,Pune,3.7
C00593,44,Male,Books,Fiction,422.45,1,No,Active,Credit Card,2024-01-08,Mumbai,4.4
C01707,47,Female,Electronics,Headphones,76578.45,4,No,Inactive,Credit Card,2024-05-08,Delhi,4.5
C00387,54,Male,Electronics,Headphones,66037.84,4,No,Active,Credit Card,2024-06-12,Pune,5.0
C00478,47,Female,Electronics,Smartphone,69792.62,2,Yes,Inactive,Wallet,2024-09-26,Hyderabad,
C01284,32,Male,Clothing,Sneakers,3442.39,3,No,Active,UPI,2025-10-19,Ahmedabad,3.6
C00106,48,Female,Books,Fiction,1930.83,1,No,Active,Credit Card,2025-09-01,Kolkata,4.8
C01710,62,Female,Clothing,T-Shirt,1086.61,1,No,Inactive,Credit Card,2024-05-22,Delhi,4.1
C00976,32,Female,Sports,Yoga Mat,11348.84,4,Yes,Inactive,Debit Card,2025-10-21,Hyderabad,3.8
C01873,59,Male,Clothing,Jeans,430.17,1,Yes,Inactive,UPI,2025-04-26,Chandigarh,4.5
C00940,21,Female,Electronics,Headphones,8020.38,5,No,Inactive,Credit Card,2025-06-20,Chandigarh,4.4
C01017,54,Female,Beauty,Face Cream,1540.49,1,No,Active,UPI,2025-02-26,Chennai,3.3
C00145,39,Male,Home & Kitchen,Cookware,682.64,2,No,Active,Credit Card,2024-12-27,Kolkata,5.0
C00358,58,Male,Electronics,Laptop,57303.27,1,No,Inactive,Wallet,2024-07-30,Delhi,4.4
C01533,22,Male,Home & Kitchen,Bedsheet,6080.53,1,No,Inactive,Net Banking,2024-12-07,Jaipur,4.8
C01065,27,Other,Clothing,Sneakers,3840.75,2,Yes,Active,UPI,2024-07-18,Pune,4.2
C00900,41,Male,Electronics,Smartphone,32433.83,4,No,Inactive,Debit Card,2025-08-18,Pune,4.1
C00008,44,Female,Sports,Cricket Bat,9844.52,1,Yes,Inactive,Credit Card,2025-03-18,Chandigarh,4.0
C00670,64,Female,Sports,Dumbbells,7467.75,1,No,Inactive,Debit Card,2025-06-01,Delhi,3.8
C01247,50,Male,Clothing,Sneakers,2544.87,1,No,Inactive,UPI,2024-12-03,Bengaluru,4.7
C01273,39,Male,Home & Kitchen,Coffee Maker,3533.6,1,Yes,Inactive,Debit Card,2024-04-10,Delhi,4.6
C00201,56,Male,Clothing,Dress,3082.97,2,No,Inactive,Cash,2025-08-29,Kolkata,4.8
C00996,20,Female,Home & Kitchen,Lamp,12377.51,2,No,Active,Debit Card,2024-09-05,Delhi,3.7
C01858,54,Male,Clothing,Jeans,396.99,2,Yes,Active,Net Banking,2025-11-16,Bengaluru,3.9
C00488,26,Male,Home & Kitchen,Bedsheet,6706.66,2,No,Active,UPI,2025-09-19,Chennai,4.3
C01969,54,Male,Clothing,Dress,4826.18,1,Yes,Inactive,Debit Card,2024-02-18,Chennai,4.5
C01103,55,Male,Beauty,Lipstick,2230.28,1,No,Inactive,Net Banking,2025-03-23,Jaipur,5.0
C01611,47,Female,Electronics,Laptop,62996.35,2,No,Inactive,UPI,2024-06-17,Pune,4.9
C00993,19,Other,Electronics,Headphones,59105.71,1,Yes,Active,UPI,2025-09-13,Delhi,3.6
C01598,36,Male,Books,Technology,971.25,2,No,Active,UPI,2025-06-11,Chennai,4.7
C00608,26,Female,Beauty,Perfume,4857.41,1,Yes,Inactive,UPI,2024-08-19,Ahmedabad,3.8
C01285,21,Male,Home & Kitchen,Lamp,3566.73,3,No,Inactive,Wallet,2024-11-07,Delhi,4.5
C00194,53,Female,Home & Kitchen,Storage Box,3566.34,1,No,Inactive,UPI,2025-12-23,Chennai,3.6
C01662,29,Other,Electronics,Speaker,60371.45,3,No,Inactive,Debit Card,2025-03-27,Pune,3.1
C01003,35,Male,Clothing,T-Shirt,2098.69,3,No,Active,UPI,2025-07-23,Kolkata,4.3
C00937,60,Female,Beauty,Shampoo,786.1,3,No,Active,Net Banking,2024-07-14,Delhi,3.5
C00602,56,Male,Clothing,Jacket,2632.22,5,No,Inactive,Credit Card,2025-05-04,Mumbai,3.9
C01491,33,Female,Home & Kitchen,Bedsheet,13918.54,2,No,Inactive,UPI,2024-07-01,Delhi,3.9
C00788,55,Male,Electronics,Headphones,29749.11,1,Yes,Inactive,Wallet,2025-04-27,Hyderabad,3.4
C01604,28,Female,Home & Kitchen,Cookware,8972.29,4,Yes,Active,Net Banking,2025-11-26,Jaipur,4.7
C01586,53,Male,Electronics,Speaker,39642.79,3,Yes,Inactive,UPI,2024-09-26,Mumbai,4.5
C00727,32,Other,Home & Kitchen,Lamp,6571.51,5,No,Inactive,Cash,2024-12-26,Chandigarh,4.6
C00514,37,Male,Electronics,Smartphone,25614.74,1,No,Inactive,UPI,2024-06-12,Ahmedabad,4.3
C00076,62,Female,Beauty,Face Cream,4782.0,1,No,Active,Credit Card,2025-05-28,Hyderabad,4.0
C00540,34,Female,Clothing,Jacket,1742.37,5,No,Active,UPI,2025-01-06,Pune,5.0
C01522,44,Female,Books,Technology,512.79,2,Yes,Inactive,Wallet,2024-10-23,Bengaluru,4.2
C01141,53,Female,Home & Kitchen,Lamp,12515.35,1,No,Inactive,Credit Card,2025-07-04,Ahmedabad,3.6
C01156,23,Male,Books,Technology,1801.39,3,No,Active,Net Banking,2024-11-25,Ahmedabad,3.3
C00826,58,Male,Clothing,Sneakers,3741.85,1,Yes,Inactive,Net Banking,2025-08-26,Pune,4.1
C01136,24,Male,Books,Comics,769.31,2,Yes,Inactive,UPI,2025-10-15,Kolkata,3.2
C01359,36,Female,Clothing,Dress,1810.59,5,No,Inactive,Debit Card,2024-09-26,Mumbai,3.5
C00134,27,Female,Home & Kitchen,Coffee Maker,4661.06,4,No,Inactive,UPI,2025-04-02,Chandigarh,4.3
C00362,47,Male,Books,Technology,1618.37,5,No,Inactive,Net Banking,2024-10-07,Chennai,4.3
C01132,48,Female,Home & Kitchen,Storage Box,7990.35,1,Yes,Active,Credit Card,2024-12-30,Pune,3.8
C01977,24,Male,Books,Technology,1348.26,1,Yes,Active,UPI,2024-07-26,Delhi,5.0
C00645,58,Female,Beauty,Lipstick,2891.28,1,No,Inactive,Wallet,2024-10-10,Kolkata,4.8
C00990,48,Female,Electronics,Headphones,12277.47,1,No,Active,UPI,2024-05-06,Pune,4.0
C00892,51,Female,Books,Business,588.35,2,No,Inactive,UPI,2024-07-28,Delhi,3.7
C00084,36,Male,Electronics,Headphones,2774.87,1,Yes,Inactive,Debit Card,2024-03-08,Hyderabad,3.6
C00828,58,Female,Home & Kitchen,Coffee Maker,10224.24,2,Yes,Inactive,Cash,2024-12-02,Chennai,3.8
C01596,48,Male,Electronics,Headphones,62964.96,5,No,Inactive,Credit Card,2025-10-01,Kolkata,4.8
C01914,44,Male,Beauty,Face Cream,4721.45,3,No,Inactive,UPI,2024-02-17,Delhi,4.2
C01197,22,Female,Sports,Yoga Mat,3927.75,4,No,Inactive,UPI,2025-12-31,Delhi,3.5
C01760,37,Female,Home & Kitchen,Bedsheet,12553.08,4,No,Inactive,Net Banking,2025-12-25,Chandigarh,4.1
C01910,55,Male,Sports,Cricket Bat,11533.38,5,No,Active,Net Banking,2025-06-25,Jaipur,4.3
C01477,44,Male,Books,Technology,753.72,2,Yes,Inactive,UPI,2024-04-04,Chandigarh,3.3
C01039,48,Female,Home & Kitchen,Bedsheet,3226.31,3,No,Inactive,Cash,2025-11-28,Hyderabad,4.5
C01402,47,Male,Home & Kitchen,Cookware,8795.34,1,No,Active,Credit Card,2025-05-23,Hyderabad,
C01711,61,Male,Home & Kitchen,Cookware,4407.55,2,Yes,Inactive,Debit Card,2024-10-10,Mumbai,
C01139,58,Male,Electronics,Smartphone,38273.07,2,No,Inactive,Cash,2024-03-07,Ahmedabad,4.4
C01014,35,Female,Sports,Cricket Bat,11940.78,3,No,Active,Credit Card,2025-04-16,Bengaluru,4.9
C01629,36,Female,Sports,Cricket Bat,9562.68,3,Yes,Inactive,Debit Card,2024-05-29,Kolkata,
C01824,60,Female,Clothing,Dress,861.26,1,Yes,Inactive,UPI,2024-07-24,Chennai,3.0
C01020,58,Female,Books,Comics,1630.89,1,No,Inactive,Debit Card,2025-03-10,Chandigarh,4.0
C00920,35,Other,Home & Kitchen,Coffee Maker,11570.73,3,No,Inactive,UPI,2025-04-20,Hyderabad,
C01411,57,Male,Electronics,Headphones,71827.85,5,Yes,Inactive,UPI,2025-12-22,Ahmedabad,3.5
C01225,32,Male,Books,Technology,1376.2,1,Yes,Inactive,Credit Card,2025-09-27,Delhi,4.0
C01466,26,Male,Electronics,Smartwatch,48180.18,3,Yes,Active,UPI,2025-04-15,Chandigarh,3.9
C01859,41,Female,Beauty,Shampoo,2095.76,1,No,Inactive,UPI,2025-10-24,Chennai,4.3
C01464,59,Female,Electronics,Smartwatch,61764.72,4,Yes,Active,Wallet,2024-02-28,Mumbai,4.2
C01302,56,Male,Clothing,Jeans,4449.73,1,Yes,Inactive,Debit Card,2025-07-30,Chennai,4.1
C00098,40,Female,Sports,Yoga Mat,4695.89,2,No,Inactive,Credit Card,2024-11-05,Delhi,2.9
C01715,56,Male,Beauty,Lipstick,3807.93,1,Yes,Inactive,UPI,2025-07-08,Delhi,3.7
C01474,57,Male,Sports,Cricket Bat,7137.74,3,No,Inactive,UPI,2024-04-28,Kolkata,4.2
C01688,18,Female,Home & Kitchen,Bedsheet,6853.57,2,No,Inactive,UPI,2025-09-13,Delhi,4.2
C01725,19,Female,Clothing,Dress,4362.05,1,No,Inactive,UPI,2025-10-31,Bengaluru,4.3
C00868,37,Female,Books,Self-Help,1919.35,1,No,Inactive,UPI,2024-11-02,Chennai,3.9
C01731,29,Female,Electronics,Laptop,6277.34,3,No,Inactive,Debit Card,2025-09-26,Chandigarh,4.4
C00800,34,Female,Electronics,Smartphone,88782.02,1,Yes,Inactive,Debit Card,2025-07-30,Jaipur,4.4
C00864,53,Male,Home & Kitchen,Bedsheet,2842.12,1,No,Active,Debit Card,2025-09-28,Chandigarh,4.3
C00401,31,Female,Home & Kitchen,Storage Box,14577.15,1,No,Active,Debit Card,2025-09-05,Pune,4.3
C00517,19,Male,Clothing,Jeans,1121.28,1,Yes,Inactive,Credit Card,2025-07-22,Chandigarh,2.7
C00887,51,Male,Beauty,Shampoo,2496.66,1,Yes,Inactive,Credit Card,2025-05-22,Hyderabad,4.5
C00754,25,Male,Sports,Cricket Bat,5473.49,3,No,Inactive,Cash,2025-07-11,Chandigarh,4.5
C00959,23,Female,Clothing,T-Shirt,1585.96,3,Yes,Inactive,UPI,2024-07-02,Chandigarh,4.8
C00041,53,Female,Home & Kitchen,Lamp,3431.57,2,No,Inactive,Cash,2024-01-25,Chennai,3.5
C01787,35,Female,Clothing,T-Shirt,4556.45,1,No,Inactive,UPI,2025-11-13,Pune,3.4
C01891,31,Female,Home & Kitchen,Cookware,13911.0,2,Yes,Inactive,UPI,2024-03-21,Kolkata,3.3
C00686,61,Female,Home & Kitchen,Coffee Maker,13351.69,1,Yes,Inactive,Wallet,2025-10-22,Chandigarh,3.4
C00232,20,Female,Beauty,Face Cream,3741.67,1,No,Inactive,UPI,2025-09-27,Chennai,3.0
C01398,56,Male,Sports,Yoga Mat,5496.66,3,No,Active,Credit Card,2025-05-17,Chennai,3.5
C00192,27,Male,Home & Kitchen,Cookware,11525.32,1,No,Active,Credit Card,2025-09-17,Delhi,3.8
C01679,18,Male,Home & Kitchen,Cookware,4162.42,1,No,Inactive,UPI,2024-01-02,Chandigarh,4.0
C01313,48,Female,Clothing,Jeans,1789.05,1,No,Active,Debit Card,2024-05-14,Mumbai,4.2
C00524,45,Male,Electronics,Laptop,14150.26,3,No,Inactive,Credit Card,2025-07-10,Jaipur,3.2
C01324,50,Female,Books,Business,919.11,1,No,Inactive,Cash,2024-09-26,Bengaluru,4.0
C01228,43,Male,Home & Kitchen,Bedsheet,9086.78,5,No,Active,Net Banking,2024-06-14,Ahmedabad,4.4
C01093,34,Female,Beauty,Face Cream,2842.23,5,No,Active,Wallet,2025-08-17,Mumbai,4.8
C01435,35,Male,Clothing,Jeans,1915.42,1,No,Active,UPI,2024-09-04,Pune,4.7
C00843,37,Female,Clothing,Jacket,2251.53,4,Yes,Inactive,Credit Card,2024-02-02,Pune,3.1
C01142,56,Other,Clothing,T-Shirt,2444.93,1,Yes,Inactive,UPI,2025-04-08,Ahmedabad,3.9
C01903,46,Female,Electronics,Smartwatch,21984.88,1,No,Inactive,UPI,2025-02-25,Hyderabad,3.9
C01737,62,Female,Sports,Running Shoes,4375.99,1,No,Inactive,Net Banking,2024-08-21,Pune,3.9
C01888,41,Female,Clothing,Dress,4311.42,3,Yes,Active,Credit Card,2024-01-01,Pune,4.4
C01428,39,Male,Sports,Dumbbells,6575.63,2,Yes,Active,Debit Card,2025-09-19,Ahmedabad,3.6
C00984,30,Female,Home & Kitchen,Lamp,14843.86,4,No,Active,Credit Card,2025-12-18,Jaipur,3.6
C01575,53,Female,Electronics,Headphones,77708.63,1,Yes,Active,UPI,2025-11-29,Hyderabad,3.8
C01758,63,Male,Clothing,Sneakers,1922.53,4,No,Active,Debit Card,2025-01-07,Bengaluru,4.6
C00143,63,Female,Sports,Cricket Bat,7526.64,1,Yes,Inactive,UPI,2024-06-04,Kolkata,5.0
C00594,51,Male,Sports,Dumbbells,7116.58,2,No,Inactive,UPI,2025-04-15,Jaipur,4.1
C01711,45,Female,Beauty,Lipstick,3510.22,5,No,Inactive,UPI,2025-10-15,Chandigarh,3.4
C01541,26,Male,Electronics,Headphones,12605.9,3,No,Active,Credit Card,2024-01-08,Kolkata,3.3
C01105,39,Female,Books,Fiction,1108.21,2,No,Inactive,UPI,2024-04-16,Ahmedabad,3.4
C00842,39,Other,Books,Comics,1339.89,3,Yes,Inactive,Credit Card,2025-01-13,Kolkata,3.4
C00753,36,Male,Home & Kitchen,Storage Box,11653.63,2,Yes,Inactive,Debit Card,2024-08-16,Mumbai,2.7
C00781,36,Female,Beauty,Shampoo,1216.03,1,No,Inactive,Cash,2025-02-26,Chandigarh,5.0
C01182,45,Female,Electronics,Headphones,12008.49,1,No,Inactive,Credit Card,2025-01-07,Hyderabad,3.7
C00058,42,Male,Home & Kitchen,Storage Box,6049.23,1,No,Inactive,UPI,2024-02-29,Chennai,4.7
C00316,61,Female,Books,Fiction,1802.25,1,Yes,Inactive,Debit Card,2024-07-19,Delhi,2.7
C00607,31,Male,Home & Kitchen,Cookware,2770.33,1,No,Active,Net Banking,2024-11-21,Bengaluru,4.2
C01083,57,Female,Clothing,T-Shirt,3795.58,1,Yes,Active,UPI,2025-11-19,Kolkata,
C01461,55,Female,Home & Kitchen,Storage Box,13512.05,3,No,Inactive,UPI,2024-01-01,Delhi,2.9
C01406,59,Male,Clothing,Dress,4697.1,2,No,Inactive,Credit Card,2025-11-27,Mumbai,4.4
C00852,52,Male,Sports,Football,9706.18,2,No,Active,Wallet,2024-10-12,Kolkata,3.1
C00258,55,Female,Clothing,Sneakers,1320.94,2,Yes,Inactive,UPI,2024-05-09,Kolkata,3.8
C01590,36,Male,Electronics,Smartwatch,65255.9,1,No,Inactive,UPI,2025-05-17,Bengaluru,4.7
C00157,31,Female,Electronics,Smartwatch,16573.16,3,No,Active,Wallet,2024-04-02,Ahmedabad,3.7
C00681,39,Male,Beauty,Shampoo,488.03,1,Yes,Active,Debit Card,2025-09-25,Jaipur,4.2
C01201,42,Female,Clothing,Sneakers,1941.99,2,Yes,Active,Debit Card,2025-06-23,Chandigarh,4.0
C01113,36,Female,Sports,Running Shoes,4346.99,3,Yes,Active,UPI,2024-09-01,Chennai,5.0
C00594,33,Male,Home & Kitchen,Storage Box,11452.15,2,No,Active,Credit Card,2024-11-25,Delhi,3.9
C01745,57,Male,Books,Comics,1574.88,3,No,Active,Debit Card,2025-05-15,Pune,3.6
C00797,46,Male,Home & Kitchen,Cookware,6880.03,1,Yes,Inactive,Wallet,2025-12-14,Kolkata,3.5
C01261,41,Female,Clothing,Sneakers,2746.47,1,Yes,Active,UPI,2025-01-18,Chennai,3.6
C00852,55,Male,Books,Fiction,821.89,1,No,Active,Debit Card,2025-04-25,Kolkata,4.1
C01953,35,Female,Electronics,Headphones,52661.74,3,Yes,Active,Debit Card,2025-04-21,Mumbai,3.8
C01644,56,Male,Books,Self-Help,1733.03,1,Yes,Inactive,UPI,2024-10-30,Ahmedabad,5.0
C01385,29,Male,Books,Self-Help,1598.22,2,Yes,Inactive,UPI,2025-10-25,Chandigarh,3.8
C01019,51,Male,Home & Kitchen,Lamp,2108.34,2,No,Active,Net Banking,2024-02-02,Kolkata,3.9
C00340,40,Other,Electronics,Smartphone,24970.84,1,No,Inactive,UPI,2024-07-14,Chandigarh,4.3
C01014,32,Male,Clothing,Dress,4930.56,4,No,Active,UPI,2025-06-01,Ahmedabad,4.0
C00126,35,Female,Clothing,Jacket,3458.53,5,Yes,Active,UPI,2025-09-11,Kolkata,3.8
C01278,32,Female,Electronics,Smartphone,43337.89,3,No,Inactive,Credit Card,2025-05-20,Pune,4.9
C01087,55,Male,Clothing,Jeans,4595.94,3,Yes,Inactive,Credit Card,2025-08-08,Pune,4.8
C00429,41,Female,Beauty,Perfume,2485.47,2,Yes,Inactive,Net Banking,2025-03-01,Mumbai,4.0
C01737,35,Female,Clothing,Sneakers,1153.98,3,No,Inactive,Cash,2024-01-15,Ahmedabad,4.2
C00542,65,Male,Sports,Running Shoes,11981.57,1,No,Inactive,Net Banking,2024-02-15,Jaipur,4.3
C01878,26,Female,Electronics,Smartphone,88196.74,2,Yes,Inactive,UPI,2025-07-11,Hyderabad,4.0
C01218,39,Female,Books,Self-Help,566.19,1,Yes,Inactive,UPI,2024-06-18,Mumbai,3.0
C00732,48,Male,Books,Business,909.51,3,Yes,Active,Net Banking,2025-07-03,Ahmedabad,3.6
C01100,35,Female,Sports,Yoga Mat,1990.63,1,No,Inactive,Credit Card,2024-01-10,Chennai,4.7
C01325,50,Male,Electronics,Smartphone,62541.42,3,Yes,Inactive,Debit Card,2024-03-26,Chennai,4.5
C01663,32,Female,Clothing,T-Shirt,4069.38,2,No,Inactive,Debit Card,2024-06-15,Jaipur,4.5
C00210,36,Other,Books,Business,1157.82,2,Yes,Active,UPI,2025-06-20,Ahmedabad,3.8
C00248,61,Female,Electronics,Speaker,66525.72,2,No,Inactive,Credit Card,2025-01-29,Kolkata,3.3
C01612,51,Female,Beauty,Lipstick,3039.94,2,Yes,Inactive,Credit Card,2025-08-29,Pune,4.7
C01424,57,Other,Electronics,Headphones,43579.87,2,No,Active,Credit Card,2024-01-02,Pune,4.7
C00717,49,Male,Home & Kitchen,Coffee Maker,14999.37,1,No,Inactive,Net Banking,2024-08-20,Jaipur,3.6
C00083,57,Male,Beauty,Face Cream,4181.38,1,Yes,Inactive,Cash,2024-10-21,Pune,4.2
C00164,60,Male,Electronics,Laptop,35864.17,3,No,Active,Debit Card,2024-05-24,Jaipur,3.9
C00374,35,Female,Sports,Yoga Mat,10581.57,1,No,Active,Credit Card,2024-03-14,Hyderabad,4.0
C01318,44,Female,Books,Fiction,1943.64,2,Yes,Active,Credit Card,2024-01-17,Ahmedabad,3.9
C01411,35,Male,Clothing,Jacket,4535.44,1,Yes,Active,Debit Card,2025-12-06,Ahmedabad,4.0
C01875,51,Female,Clothing,Sneakers,1705.03,2,No,Inactive,UPI,2024-03-15,Hyderabad,2.7
C00168,21,Female,Home & Kitchen,Cookware,8761.87,2,No,Inactive,UPI,2025-04-10,Chennai,
C01279,43,Female,Electronics,Smartwatch,50365.45,1,No,Active,Wallet,2025-12-10,Jaipur,4.3
C00048,26,Female,Clothing,Jacket,1598.11,3,No,Inactive,UPI,2025-09-14,Jaipur,3.7
C01940,63,Male,Home & Kitchen,Coffee Maker,11779.78,1,Yes,Active,Debit Card,2025-03-08,Hyderabad,4.4
C01411,53,Male,Clothing,Jeans,4858.68,1,Yes,Inactive,Credit Card,2025-05-18,Jaipur,4.1
C01313,38,Male,Beauty,Shampoo,4233.12,1,Yes,Inactive,Net Banking,2024-04-15,Hyderabad,4.0
C00269,62,Male,Sports,Football,9457.05,3,Yes,Active,UPI,2025-10-07,Bengaluru,4.1
C01515,39,Female,Electronics,Speaker,33305.57,3,Yes,Inactive,Cash,2025-03-03,Bengaluru,4.3
C00841,36,Female,Electronics,Smartwatch,44724.14,1,No,Inactive,Debit Card,2024-12-26,Jaipur,3.4
C00568,65,Female,Beauty,Lipstick,806.36,3,Yes,Inactive,Credit Card,2024-10-30,Pune,4.6
C00825,31,Male,Home & Kitchen,Lamp,7263.59,1,Yes,Active,Debit Card,2024-11-21,Kolkata,4.8
C00262,48,Male,Clothing,Dress,763.65,2,No,Inactive,Net Banking,2025-10-05,Mumbai,3.4
C01554,35,Female,Beauty,Shampoo,4148.79,1,No,Inactive,Credit Card,2025-09-11,Chandigarh,4.2
C01775,38,Male,Sports,Yoga Mat,4246.56,1,No,Active,UPI,2025-01-22,Mumbai,4.8
C00751,64,Male,Books,Business,229.24,1,Yes,Inactive,UPI,2024-11-03,Hyderabad,3.5
C00454,45,Female,Sports,Football,9247.66,3,Yes,Inactive,Credit Card,2024-09-25,Mumbai,4.7
C00407,61,Male,Clothing,Jeans,3615.16,4,Yes,Active,Credit Card,2024-11-20,Pune,2.8
C01496,54,Male,Electronics,Smartphone,10966.41,2,Yes,Active,Credit Card,2025-02-20,Kolkata,3.2
C00914,30,Female,Clothing,Dress,3436.84,1,Yes,Inactive,UPI,2025-03-15,Bengaluru,4.2
C00683,53,Male,Books,Self-Help,1814.55,2,Yes,Active,UPI,2025-03-22,Chennai,2.9
C00827,58,Male,Sports,Dumbbells,7976.08,3,Yes,Inactive,Credit Card,2024-09-05,Pune,3.5
C00261,41,Male,Books,Fiction,1608.93,3,Yes,Inactive,Debit Card,2024-12-05,Hyderabad,4.4
C01253,20,Female,Beauty,Face Cream,464.34,3,No,Inactive,Cash,2024-12-22,Kolkata,4.2
C01849,59,Male,Clothing,Sneakers,4573.88,2,Yes,Active,Wallet,2024-06-17,Chennai,4.0
C01153,60,Male,Electronics,Smartphone,89558.4,4,No,Inactive,UPI,2024-12-07,Chennai,4.4
C01031,26,Male,Clothing,Dress,693.46,2,Yes,Active,UPI,2024-07-06,Pune,4.5
C00786,36,Male,Clothing,Jacket,379.97,1,No,Inactive,UPI,2025-08-09,Chandigarh,4.2
C01652,27,Male,Clothing,Jeans,4801.4,4,No,Inactive,UPI,2025-04-24,Pune,4.0
C00546,50,Female,Clothing,Jeans,3472.48,1,No,Active,Debit Card,2025-12-28,Ahmedabad,4.2
C00007,23,Male,Home & Kitchen,Coffee Maker,6465.5,4,No,Inactive,Credit Card,2025-04-25,Kolkata,4.1
C01879,55,Male,Home & Kitchen,Storage Box,1496.9,1,No,Active,UPI,2025-01-28,Pune,3.5
C00934,51,Male,Clothing,Jacket,3334.77,3,No,Active,Credit Card,2025-12-07,Ahmedabad,3.2
C01172,30,Male,Electronics,Speaker,60363.83,1,No,Inactive,Credit Card,2024-08-28,Chandigarh,2.9
C01455,25,Male,Clothing,Sneakers,3689.65,2,No,Inactive,Net Banking,2024-09-24,Chennai,4.7
C00195,18,Female,Books,Business,1504.03,1,No,Inactive,Wallet,2024-06-19,Delhi,5.0
C01853,29,Female,Sports,Dumbbells,1360.98,1,No,Inactive,Debit Card,2024-07-03,Hyderabad,4.2
C00387,34,Female,Home & Kitchen,Storage Box,6601.73,2,No,Inactive,Debit Card,2025-08-23,Chennai,3.7
C00114,21,Female,Home & Kitchen,Coffee Maker,13900.63,1,Yes,Inactive,Debit Card,2024-02-28,Kolkata,3.1
C01910,56,Male,Clothing,Jacket,654.8,3,No,Active,Cash,2024-01-10,Hyderabad,3.3
C01755,28,Female,Clothing,Jeans,1377.75,2,Yes,Inactive,Debit Card,2025-10-18,Ahmedabad,4.5
C01630,22,Male,Sports,Yoga Mat,2502.0,2,No,Active,Net Banking,2024-03-11,Kolkata,3.4
C00529,18,Female,Home & Kitchen,Bedsheet,10288.47,1,No,Inactive,UPI,2025-12-13,Ahmedabad,4.9
C01820,30,Male,Home & Kitchen,Storage Box,2894.98,1,No,Active,Credit Card,2025-09-19,Chandigarh,2.4
C00758,33,Female,Electronics,Laptop,50918.9,2,Yes,Active,Credit Card,2024-06-09,Jaipur,4.0
C01416,56,Male,Sports,Cricket Bat,1981.1,1,Yes,Active,Cash,2024-10-01,Bengaluru,3.8
C01349,19,Female,Beauty,Skin Serum,3273.98,2,Yes,Inactive,Credit Card,2024-06-27,Pune,4.4
C01190,46,Male,Electronics,Smartphone,48895.84,1,Yes,Inactive,UPI,2024-01-28,Chandigarh,2.8
C00038,48,Female,Electronics,Smartphone,22041.84,3,Yes,Active,Debit Card,2024-06-06,Bengaluru,4.7
C00803,49,Male,Sports,Cricket Bat,474.74,4,Yes,Active,Credit Card,2024-10-15,Delhi,2.8
C01455,47,Female,Clothing,Jeans,1732.52,2,Yes,Inactive,UPI,2025-05-29,Chandigarh,5.0
C00336,34,Female,Books,Business,1030.89,1,Yes,Active,Credit Card,2025-09-18,Pune,3.0
C00861,22,Male,Electronics,Smartwatch,30853.53,2,Yes,Inactive,Cash,2024-05-21,Hyderabad,3.4
C00119,53,Female,Home & Kitchen,Storage Box,14226.39,2,Yes,Inactive,Debit Card,2025-06-17,Hyderabad,3.0
C00124,30,Male,Clothing,Dress,461.67,1,No,Inactive,Net Banking,2024-03-28,Kolkata,3.5
C01915,35,Male,Home & Kitchen,Storage Box,2725.16,2,No,Active,UPI,2024-07-10,Kolkata,3.8
C00853,20,Male,Sports,Cricket Bat,4807.81,1,No,Inactive,Credit Card,2024-03-03,Delhi,3.0
C00754,19,Male,Clothing,Jacket,4685.58,2,No,Active,Credit Card,2024-08-22,Chandigarh,2.6
C00566,18,Male,Home & Kitchen,Lamp,6467.61,3,No,Inactive,UPI,2024-11-23,Chandigarh,2.7
C00205,64,Female,Sports,Cricket Bat,9456.51,3,Yes,Inactive,Wallet,2024-03-15,Kolkata,4.4
C00714,29,Male,Home & Kitchen,Bedsheet,13723.62,1,Yes,Inactive,UPI,2025-03-30,Mumbai,4.8
C01342,32,Female,Electronics,Speaker,87685.88,1,Yes,Inactive,Credit Card,2024-09-25,Chennai,2.6
C01575,41,Female,Clothing,Jacket,4148.56,2,No,Inactive,Credit Card,2024-01-14,Bengaluru,3.4
C00041,45,Male,Sports,Football,3284.0,1,No,Inactive,Cash,2025-10-21,Ahmedabad,3.8
C00675,19,Other,Sports,Football,5026.73,2,Yes,Inactive,Wallet,2025-05-26,Pune,4.2
C00405,23,Male,Home & Kitchen,Coffee Maker,8274.56,1,No,Inactive,Credit Card,2025-04-29,Chennai,3.3
C01821,60,Male,Electronics,Laptop,58981.8,1,No,Active,Debit Card,2024-08-24,Jaipur,5.0
C00624,60,Male,Sports,Yoga Mat,4811.04,2,No,Inactive,UPI,2024-04-10,Hyderabad,3.7
C01531,41,Male,Home & Kitchen,Lamp,14073.92,3,Yes,Inactive,Net Banking,2024-09-18,Chandigarh,5.0
C01256,35,Male,Books,Self-Help,1196.78,4,No,Inactive,Debit Card,2024-12-28,Bengaluru,3.2
C00043,19,Female,Home & Kitchen,Cookware,12128.87,2,No,Inactive,Debit Card,2025-12-05,Delhi,3.1
C01326,43,Female,Books,Comics,1900.96,1,No,Inactive,Credit Card,2024-08-20,Chennai,4.8
C01300,48,Other,Books,Self-Help,1333.92,2,Yes,Inactive,UPI,2025-03-29,Ahmedabad,4.7
C00203,64,Male,Clothing,Jacket,4684.39,3,Yes,Inactive,Cash,2025-06-05,Kolkata,3.5
C01964,29,Male,Electronics,Laptop,41970.57,2,No,Inactive,Debit Card,2025-12-02,Chandigarh,4.2
C01391,32,Male,Beauty,Perfume,4455.29,1,Yes,Inactive,Debit Card,2024-10-22,Mumbai,4.2
C01679,56,Female,Electronics,Smartphone,83180.47,5,No,Active,Debit Card,2024-03-04,Bengaluru,2.6
C00528,51,Male,Sports,Yoga Mat,11525.62,1,No,Inactive,Debit Card,2025-06-22,Pune,3.2
C00658,62,Male,Books,Self-Help,1390.76,2,No,Inactive,Credit Card,2024-05-30,Mumbai,3.0
C01662,21,Female,Beauty,Skin Serum,2714.41,1,No,Inactive,Credit Card,2024-04-01,Chandigarh,3.0
C00143,26,Male,Clothing,Sneakers,352.05,1,No,Inactive,Debit Card,2024-06-30,Bengaluru,4.8
C00886,22,Male,Electronics,Smartwatch,66165.21,4,No,Inactive,Debit Card,2024-01-09,Chandigarh,3.6
C00911,36,Male,Electronics,Smartwatch,14312.81,1,Yes,Inactive,Debit Card,2025-01-28,Chennai,2.8
C00518,37,Male,Electronics,Smartwatch,5719.58,1,No,Inactive,Credit Card,2024-12-20,Pune,3.8
C01511,32,Female,Home & Kitchen,Lamp,2512.47,1,Yes,Inactive,UPI,2024-06-04,Mumbai,4.5
C01723,47,Female,Sports,Football,9156.15,2,Yes,Inactive,UPI,2024-11-12,Kolkata,4.1
C01047,56,Female,Sports,Cricket Bat,8557.53,2,No,Inactive,Credit Card,2025-09-05,Pune,4.0
C01718,34,Female,Clothing,Sneakers,487.37,1,No,Active,UPI,2024-08-10,Ahmedabad,3.3
C01548,57,Male,Sports,Cricket Bat,7363.34,1,No,Inactive,Credit Card,2024-11-09,Pune,4.4
C00125,49,Male,Electronics,Smartphone,65740.3,1,Yes,Inactive,UPI,2024-02-18,Ahmedabad,4.7
C01500,56,Male,Home & Kitchen,Coffee Maker,8599.26,4,No,Inactive,UPI,2025-03-26,Delhi,3.3
C00947,24,Female,Clothing,Sneakers,490.57,1,No,Inactive,Debit Card,2024-03-25,Hyderabad,3.5
C00811,38,Male,Clothing,Sneakers,4965.72,2,Yes,Inactive,Wallet,2025-06-06,Pune,3.8
C01814,48,Female,Home & Kitchen,Bedsheet,11165.38,1,No,Active,Debit Card,2025-11-22,Bengaluru,4.1
C01021,56,Female,Beauty,Lipstick,2614.37,2,No,Active,Debit Card,2024-06-24,Chennai,3.0
C01231,23,Female,Beauty,Shampoo,563.58,1,No,Inactive,Cash,2024-03-21,Pune,4.7
C00075,48,Female,Sports,Dumbbells,1357.85,2,No,Active,Credit Card,2025-07-23,Bengaluru,3.4
C00115,38,Female,Clothing,T-Shirt,913.91,1,Yes,Active,Cash,2024-08-12,Ahmedabad,3.6
C01803,63,Male,Clothing,Jeans,1015.89,1,No,Inactive,Wallet,2024-10-27,Ahmedabad,4.8
C00074,39,Male,Home & Kitchen,Bedsheet,7149.28,1,Yes,Inactive,Cash,2025-12-15,Hyderabad,3.2
C01748,59,Male,Books,Comics,562.71,1,No,Inactive,Net Banking,2024-06-10,Delhi,3.8
C01302,23,Male,Books,Business,1607.68,1,No,Inactive,UPI,2025-12-21,Pune,2.4
C01402,65,Male,Clothing,Jacket,3352.03,1,Yes,Active,Debit Card,2024-12-08,Kolkata,3.7
C00884,37,Male,Books,Fiction,502.52,1,No,Active,Net Banking,2024-06-24,Delhi,3.4
C00238,39,Male,Clothing,Jeans,3188.84,1,No,Inactive,Net Banking,2025-09-30,Pune,4.1
C00873,33,Female,Clothing,Sneakers,526.45,5,Yes,Inactive,Credit Card,2025-06-26,Kolkata,4.3
C00090,50,Female,Clothing,Sneakers,1556.11,1,No,Inactive,UPI,2024-11-23,Ahmedabad,2.9
C00358,39,Female,Clothing,Dress,4710.03,3,Yes,Inactive,Net Banking,2024-07-02,Mumbai,3.3
C01843,20,Male,Electronics,Headphones,65946.47,1,No,Inactive,Credit Card,2024-05-07,Jaipur,4.0
C00596,39,Other,Books,Comics,342.67,3,Yes,Inactive,Debit Card,2025-12-16,Chandigarh,4.6
C01376,45,Other,Sports,Football,7146.61,3,No,Active,Credit Card,2024-11-17,Kolkata,3.4
C00304,33,Other,Books,Business,595.34,2,Yes,Active,UPI,2024-03-24,Mumbai,4.4
C00189,63,Male,Clothing,Dress,705.77,3,No,Inactive,Credit Card,2025-05-10,Jaipur,4.0
C00456,62,Male,Sports,Cricket Bat,9817.03,1,Yes,Inactive,Debit Card,2024-09-21,Jaipur,2.8
C00553,62,Male,Sports,Football,2816.45,2,No,Inactive,Debit Card,2025-03-23,Delhi,4.4
C01780,42,Male,Clothing,Jeans,1061.73,3,No,Active,UPI,2025-07-09,Jaipur,2.9
C01041,57,Male,Sports,Cricket Bat,7163.96,3,No,Inactive,Cash,2024-08-15,Mumbai,3.5
C00836,33,Female,Beauty,Face Cream,3722.59,4,Yes,Active,UPI,2025-04-12,Delhi,3.4
C01574,34,Female,Electronics,Headphones,23646.85,1,Yes,Inactive,Cash,2025-10-25,Chandigarh,4.7
C01851,38,Female,Clothing,T-Shirt,4199.94,1,Yes,Inactive,Net Banking,2024-10-11,Kolkata,4.1
C00360,55,Male,Books,Fiction,1193.71,4,Yes,Active,Debit Card,2024-03-13,Jaipur,3.4
C00465,23,Female,Beauty,Perfume,2016.05,2,Yes,Inactive,Credit Card,2024-03-18,Chandigarh,4.1
C01765,56,Other,Clothing,Jeans,2878.0,4,Yes,Active,Debit Card,2024-12-30,Delhi,5.0
C00166,31,Male,Beauty,Lipstick,4740.83,1,No,Inactive,Net Banking,2025-03-31,Mumbai,3.9
C01250,50,Male,Clothing,Jeans,4617.48,1,No,Active,Net Banking,2024-03-04,Hyderabad,4.5
C01694,50,Male,Home & Kitchen,Coffee Maker,11257.81,2,Yes,Inactive,UPI,2024-06-25,Chennai,3.8
C01553,44,Female,Books,Comics,594.2,2,No,Active,Net Banking,2025-07-15,Delhi,4.8
C00917,50,Male,Clothing,Jeans,4906.85,2,No,Inactive,Debit Card,2024-02-14,Chennai,4.2
C00708,40,Female,Electronics,Speaker,42829.64,3,Yes,Active,Credit Card,2024-09-10,Chennai,4.7
C01916,18,Male,Books,Technology,599.76,3,Yes,Inactive,UPI,2024-11-10,Chennai,3.6
C01069,46,Female,Clothing,Jacket,4486.64,1,Yes,Active,UPI,2024-11-12,Jaipur,3.2
C01220,27,Female,Beauty,Skin Serum,4011.17,3,No,Inactive,Debit Card,2024-11-30,Delhi,3.9
C00602,27,Female,Sports,Football,6377.44,1,Yes,Inactive,Credit Card,2024-08-30,Hyderabad,4.4
C00633,49,Female,Beauty,Face Cream,242.75,2,No,Inactive,UPI,2024-06-21,Hyderabad,3.6
C01025,19,Male,Home & Kitchen,Cookware,6459.0,1,Yes,Active,UPI,2025-02-10,Ahmedabad,3.0
C00860,65,Female,Beauty,Lipstick,2329.32,1,No,Inactive,Debit Card,2025-02-09,Ahmedabad,4.1
C01316,32,Male,Beauty,Face Cream,2774.66,3,No,Inactive,Debit Card,2025-03-14,Pune,3.3
C00780,65,Female,Electronics,Headphones,52193.51,3,No,Inactive,Debit Card,2025-07-09,Jaipur,3.2
C00173,35,Male,Beauty,Perfume,1839.75,2,No,Inactive,Net Banking,2024-07-20,Bengaluru,3.1
C00398,53,Other,Beauty,Lipstick,3381.85,2,Yes,Active,UPI,2025-09-03,Bengaluru,3.6
C01151,34,Female,Electronics,Speaker,26941.15,3,Yes,Inactive,Wallet,2025-07-26,Chandigarh,3.5
C01278,46,Female,Books,Self-Help,1315.13,3,No,Active,UPI,2025-08-09,Kolkata,3.7
C01459,43,Male,Beauty,Shampoo,3759.5,3,No,Inactive,Cash,2025-05-04,Chennai,4.0
C01683,65,Female,Clothing,Jeans,3955.64,3,Yes,Inactive,Net Banking,2025-09-02,Bengaluru,3.3
C01763,22,Male,Electronics,Smartphone,19066.14,2,Yes,Inactive,Debit Card,2024-03-12,Jaipur,4.6
C00650,43,Female,Clothing,Dress,1213.7,1,Yes,Inactive,Net Banking,2024-03-09,Chennai,4.6
C00017,36,Male,Books,Fiction,1829.93,1,No,Active,UPI,2025-07-29,Chandigarh,4.3
C00107,65,Female,Books,Technology,300.28,1,Yes,Active,Wallet,2025-02-08,Delhi,2.6
C01754,26,Female,Beauty,Perfume,3801.38,1,No,Active,Debit Card,2025-03-28,Chennai,3.1
C00181,29,Female,Sports,Cricket Bat,11615.11,1,No,Inactive,Debit Card,2024-03-08,Chennai,4.8
C01161,37,Male,Clothing,Jacket,4119.3,2,Yes,Inactive,Net Banking,2025-07-17,Delhi,4.1
C00536,45,Male,Electronics,Smartwatch,26385.4,1,Yes,Active,Credit Card,2025-02-06,Hyderabad,4.6
C00891,35,Male,Electronics,Speaker,77819.39,3,Yes,Active,Net Banking,2024-01-03,Pune,5.0
C00695,59,Male,Electronics,Speaker,83759.57,4,Yes,Active,Wallet,2025-01-14,Ahmedabad,3.1
C01718,45,Female,Home & Kitchen,Bedsheet,7920.87,1,No,Active,Credit Card,2024-03-04,Chandigarh,4.4
C00471,32,Female,Books,Comics,803.63,2,Yes,Active,UPI,2025-03-07,Chandigarh,4.9
C01926,37,Female,Clothing,Jacket,459.24,2,No,Inactive,Credit Card,2025-08-04,Chennai,3.0
C01476,37,Female,Beauty,Shampoo,4166.62,3,No,Inactive,UPI,2025-06-17,Bengaluru,4.1
C01118,24,Male,Home & Kitchen,Storage Box,5630.7,4,No,Inactive,Debit Card,2025-03-16,Kolkata,4.3
C00572,27,Female,Clothing,T-Shirt,438.67,2,No,Inactive,UPI,2025-12-10,Delhi,4.1
C01958,45,Male,Electronics,Speaker,82425.78,3,No,Active,Debit Card,2025-06-27,Chennai,3.6
C01856,49,Female,Sports,Yoga Mat,11192.56,1,No,Inactive,Credit Card,2024-08-09,Delhi,2.4
C01016,18,Female,Sports,Cricket Bat,3129.77,2,No,Active,UPI,2024-06-04,Hyderabad,3.7
C00917,61,Male,Sports,Running Shoes,6747.02,1,No,Inactive,Cash,2025-12-24,Pune,3.7
C01151,60,Male,Sports,Running Shoes,11140.08,1,No,Active,UPI,2024-03-30,Kolkata,3.8
C01854,39,Female,Sports,Football,4671.72,1,No,Inactive,UPI,2025-04-08,Chennai,4.7
C01744,19,Female,Clothing,Jeans,1487.09,4,Yes,Active,Debit Card,2024-06-12,Pune,4.2
C01959,40,Female,Electronics,Laptop,29687.83,1,No,Active,UPI,2025-06-13,Jaipur,3.4
C01272,21,Male,Clothing,Jeans,466.49,2,No,Active,Cash,2024-06-15,Mumbai,3.4
C00672,41,Male,Electronics,Headphones,14152.58,3,Yes,Inactive,Wallet,2025-11-12,Ahmedabad,4.5
C00816,53,Female,Sports,Yoga Mat,9334.6,2,Yes,Inactive,UPI,2025-05-10,Hyderabad,3.8
C00230,61,Female,Clothing,Dress,3863.97,1,Yes,Active,Debit Card,2024-02-02,Pune,4.1
C00649,32,Male,Electronics,Smartphone,42547.11,3,No,Active,Cash,2025-10-11,Chennai,3.7
C00623,49,Male,Home & Kitchen,Lamp,7636.24,2,No,Active,Debit Card,2024-09-13,Kolkata,3.8
C00574,20,Male,Clothing,Jeans,1332.15,4,No,Active,UPI,2024-08-13,Chennai,4.5
C00611,38,Female,Electronics,Speaker,80698.14,1,No,Inactive,Cash,2025-10-31,Pune,3.2
C01249,18,Male,Electronics,Smartwatch,41004.56,2,No,Active,Cash,2024-02-06,Bengaluru,
C00816,49,Female,Electronics,Speaker,62206.33,4,Yes,Inactive,Net Banking,2025-05-11,Mumbai,3.2
C00327,29,Male,Electronics,Laptop,64322.18,1,Yes,Inactive,UPI,2025-10-13,Kolkata,3.4
C00579,61,Female,Home & Kitchen,Storage Box,13033.4,1,No,Active,Cash,2024-01-27,Chennai,3.5
C00311,36,Female,Beauty,Skin Serum,2712.55,2,Yes,Inactive,Credit Card,2024-03-07,Ahmedabad,4.7
C01469,34,Female,Electronics,Headphones,38717.79,3,No,Inactive,Debit Card,2024-09-08,Ahmedabad,4.6
C00287,45,Female,Books,Business,1716.26,1,No,Inactive,UPI,2024-09-28,Delhi,3.8
C01415,48,Female,Clothing,Dress,1168.3,1,Yes,Inactive,Debit Card,2024-09-14,Pune,3.7
C01683,27,Female,Clothing,T-Shirt,582.96,1,No,Inactive,Debit Card,2024-03-04,Ahmedabad,2.9
C01379,21,Female,Beauty,Shampoo,3784.23,1,No,Inactive,Cash,2024-01-09,Mumbai,5.0
C00423,31,Male,Electronics,Laptop,30197.17,1,Yes,Inactive,UPI,2025-11-19,Mumbai,3.6
C00471,40,Female,Beauty,Skin Serum,4970.64,3,No,Active,Wallet,2025-08-17,Hyderabad,4.5
C01337,18,Other,Sports,Cricket Bat,2643.65,2,No,Inactive,Debit Card,2025-01-30,Mumbai,3.1
C01137,48,Male,Electronics,Headphones,10742.79,1,No,Inactive,Credit Card,2025-02-03,Mumbai,4.0
C01272,37,Female,Clothing,Sneakers,3377.49,1,No,Active,UPI,2025-07-30,Hyderabad,4.1
C01099,54,Female,Electronics,Speaker,54506.6,3,No,Inactive,UPI,2025-09-07,Chennai,3.9
C00450,33,Female,Clothing,Jeans,4622.15,4,No,Active,Credit Card,2025-10-16,Chandigarh,4.0
C00855,61,Female,Beauty,Lipstick,1486.63,2,No,Active,UPI,2025-03-10,Hyderabad,2.9
C00532,54,Female,Electronics,Speaker,42831.31,3,Yes,Inactive,UPI,2025-05-29,Bengaluru,3.5
C00607,20,Female,Books,Technology,496.5,5,Yes,Inactive,UPI,2024-08-12,Bengaluru,4.8
C01340,19,Male,Books,Technology,1687.4,2,No,Active,Debit Card,2025-08-09,Chennai,3.7
C00302,54,Male,Clothing,Jacket,904.33,2,No,Inactive,Debit Card,2025-09-06,Jaipur,3.4
C01936,41,Male,Beauty,Perfume,793.57,1,No,Inactive,Cash,2025-02-27,Chennai,4.7
C00007,26,Male,Electronics,Laptop,18703.62,2,No,Active,Credit Card,2024-10-15,Delhi,4.4
C01045,41,Male,Beauty,Lipstick,4320.74,2,No,Active,UPI,2025-04-10,Hyderabad,2.7
C01707,42,Female,Clothing,T-Shirt,1931.62,1,No,Inactive,Debit Card,2025-10-07,Ahmedabad,3.9
C01717,29,Male,Clothing,Jacket,1456.0,1,Yes,Inactive,UPI,2024-01-31,Mumbai,3.3
C01106,37,Female,Electronics,Laptop,3330.11,3,No,Inactive,Cash,2024-07-10,Mumbai,4.5
C00974,58,Female,Beauty,Face Cream,3531.12,2,Yes,Inactive,Cash,2024-02-19,Ahmedabad,4.5
C00343,24,Male,Electronics,Speaker,49570.26,1,No,Inactive,Net Banking,2025-01-21,Ahmedabad,3.1
C00267,44,Male,Books,Business,1494.22,1,Yes,Inactive,UPI,2024-12-04,Bengaluru,3.6
C01699,63,Female,Clothing,Jacket,4516.5,1,Yes,Active,Debit Card,2024-08-12,Delhi,3.8
C00555,54,Male,Beauty,Lipstick,717.89,3,No,Inactive,Credit Card,2024-01-29,Chandigarh,4.4
C01710,54,Female,Electronics,Smartwatch,85429.18,3,No,Active,UPI,2024-05-18,Jaipur,3.2
C01099,62,Female,Beauty,Face Cream,4137.0,1,No,Inactive,Net Banking,2025-09-22,Delhi,2.7
C00552,50,Male,Clothing,Jeans,3206.85,1,No,Inactive,Net Banking,2024-10-07,Hyderabad,3.5
C00942,19,Female,Home & Kitchen,Cookware,7477.12,1,No,Inactive,Net Banking,2024-06-27,Pune,3.3
C00988,46,Male,Clothing,Dress,3556.05,2,No,Inactive,Debit Card,2024-01-20,Chennai,3.2
C00356,63,Male,Electronics,Smartphone,44294.77,1,No,Active,Cash,2024-05-14,Hyderabad,3.6
C01825,54,Female,Beauty,Skin Serum,2816.8,2,Yes,Active,Debit Card,2025-04-16,Mumbai,4.1
C01053,54,Female,Sports,Cricket Bat,9464.05,2,No,Inactive,Credit Card,2025-05-30,Bengaluru,4.5
C01962,62,Female,Home & Kitchen,Coffee Maker,4078.62,1,No,Inactive,Credit Card,2025-05-30,Mumbai,5.0
C01372,30,Male,Home & Kitchen,Cookware,9056.63,1,No,Inactive,Wallet,2024-12-22,Jaipur,2.9
C00250,22,Female,Clothing,T-Shirt,1894.3,3,Yes,Active,Cash,2025-11-01,Kolkata,3.7
C00161,41,Male,Home & Kitchen,Storage Box,1922.02,2,No,Inactive,Credit Card,2024-06-20,Jaipur,3.2
C01059,23,Female,Electronics,Laptop,15654.06,3,No,Inactive,UPI,2024-03-17,Chandigarh,2.9
C01425,43,Female,Electronics,Smartwatch,78874.84,1,No,Inactive,Credit Card,2024-12-07,Chandigarh,4.5
C01688,31,Female,Beauty,Skin Serum,4534.45,2,Yes,Active,Debit Card,2025-01-14,Chandigarh,5.0
C01177,62,Male,Electronics,Smartwatch,10622.66,1,Yes,Inactive,Debit Card,2025-05-20,Hyderabad,4.9
C01958,57,Male,Home & Kitchen,Lamp,782.34,2,No,Inactive,UPI,2024-08-30,Mumbai,3.6
C01505,29,Female,Clothing,Dress,3877.83,1,Yes,Inactive,Cash,2024-05-26,Bengaluru,4.2
C00261,30,Female,Electronics,Smartphone,31771.44,2,Yes,Inactive,Credit Card,2024-01-15,Kolkata,3.6
C00108,54,Female,Home & Kitchen,Cookware,6678.44,2,Yes,Inactive,UPI,2025-08-13,Mumbai,4.8
C00830,38,Male,Electronics,Speaker,28659.9,1,No,Active,UPI,2025-12-25,Jaipur,4.5
C01604,60,Female,Books,Comics,1564.84,2,Yes,Inactive,Debit Card,2025-11-18,Ahmedabad,3.4
C01822,55,Female,Beauty,Face Cream,2168.66,2,No,Active,Credit Card,2025-11-08,Chandigarh,4.1
C01669,47,Female,Electronics,Laptop,20543.57,3,Yes,Inactive,UPI,2025-11-07,Bengaluru,4.4
C00334,58,Male,Clothing,Jacket,3210.32,1,No,Inactive,UPI,2024-09-13,Chandigarh,2.6
C01524,64,Female,Beauty,Perfume,3762.29,1,No,Inactive,Credit Card,2024-01-01,Hyderabad,4.0
C00153,48,Female,Beauty,Face Cream,616.06,1,No,Active,Wallet,2024-01-10,Pune,3.2
C00493,22,Male,Sports,Football,4049.73,3,No,Inactive,Debit Card,2024-08-29,Chandigarh,3.7
C00495,20,Female,Electronics,Speaker,27220.24,3,Yes,Inactive,Credit Card,2024-10-17,Hyderabad,4.8
C00858,57,Female,Books,Fiction,550.65,1,No,Active,UPI,2025-08-14,Pune,3.7
C00477,22,Female,Home & Kitchen,Coffee Maker,8454.71,1,No,Active,Wallet,2025-06-05,Delhi,4.0
C01293,63,Female,Electronics,Headphones,31012.92,1,No,Active,Cash,2024-09-01,Kolkata,3.9
C00188,20,Female,Sports,Football,5101.12,1,No,Active,Debit Card,2025-08-04,Bengaluru,4.1
C00371,33,Female,Home & Kitchen,Storage Box,10893.9,3,Yes,Active,UPI,2025-11-07,Mumbai,5.0
C01327,25,Female,Clothing,Sneakers,1324.17,1,No,Inactive,UPI,2025-04-08,Hyderabad,3.8
C00938,48,Male,Home & Kitchen,Lamp,14028.33,2,No,Inactive,UPI,2024-03-02,Jaipur,4.0
C01038,39,Male,Clothing,Jacket,3150.93,3,No,Inactive,Cash,2025-08-24,Delhi,
C01318,41,Male,Home & Kitchen,Lamp,13872.5,1,No,Active,Cash,2025-09-05,Bengaluru,4.4
C00401,47,Female,Clothing,Jacket,3981.67,1,Yes,Inactive,Debit Card,2024-05-27,Bengaluru,3.2
C01544,38,Female,Home & Kitchen,Cookware,1991.9,5,Yes,Active,Debit Card,2025-12-29,Chandigarh,2.8
C00852,37,Male,Electronics,Speaker,15434.56,2,No,Inactive,Debit Card,2024-07-05,Hyderabad,3.8
C00053,58,Female,Beauty,Skin Serum,3208.55,1,No,Active,UPI,2025-10-20,Chennai,3.5
C00755,60,Female,Books,Comics,948.14,3,No,Inactive,UPI,2024-10-05,Jaipur,4.1
C01546,20,Female,Clothing,Jeans,4527.82,3,Yes,Inactive,UPI,2025-05-19,Jaipur,4.7
C00866,41,Female,Beauty,Lipstick,2160.78,1,No,Active,Credit Card,2024-10-05,Chandigarh,4.3
C00328,50,Male,Electronics,Smartphone,13811.02,1,Yes,Inactive,Net Banking,2025-08-24,Jaipur,4.6
C01498,54,Male,Clothing,T-Shirt,2078.48,1,Yes,Active,Net Banking,2025-02-19,Ahmedabad,4.8
C01692,59,Female,Electronics,Headphones,19393.54,1,No,Active,Debit Card,2025-10-06,Jaipur,3.1
C01981,30,Female,Electronics,Laptop,68105.1,1,No,Inactive,Cash,2025-04-10,Ahmedabad,3.5
C00210,50,Female,Sports,Football,3704.17,1,Yes,Inactive,UPI,2024-10-28,Bengaluru,5.0
C01735,36,Male,Clothing,Jacket,3966.57,1,Yes,Inactive,UPI,2025-12-29,Hyderabad,5.0
C01007,24,Male,Books,Business,1798.42,2,No,Active,UPI,2024-07-18,Pune,4.7
C01628,45,Female,Beauty,Shampoo,1591.75,2,No,Inactive,Debit Card,2025-05-06,Hyderabad,3.6
C00038,35,Male,Books,Fiction,995.05,2,No,Inactive,Wallet,2025-01-28,Chennai,4.4
C01783,24,Other,Electronics,Smartwatch,30060.45,1,Yes,Inactive,Debit Card,2025-01-24,Ahmedabad,5.0
C00052,31,Male,Beauty,Face Cream,1471.99,1,No,Inactive,Net Banking,2024-05-29,Mumbai,3.6
C00413,29,Male,Home & Kitchen,Coffee Maker,9097.72,1,Yes,Active,Cash,2025-01-06,Jaipur,4.2
C00784,32,Male,Electronics,Laptop,32062.0,1,Yes,Inactive,Debit Card,2025-09-12,Kolkata,4.2
C01501,29,Female,Books,Fiction,894.4,2,Yes,Inactive,UPI,2025-01-04,Mumbai,5.0
C00503,44,Male,Beauty,Perfume,989.55,2,No,Active,Cash,2024-02-22,Ahmedabad,3.9
C01340,55,Male,Books,Comics,629.48,1,Yes,Active,Wallet,2024-08-21,Ahmedabad,5.0
C00227,22,Male,Clothing,Jeans,3392.29,3,No,Inactive,Wallet,2025-10-10,Bengaluru,4.0
C00137,47,Male,Clothing,Sneakers,3682.65,1,No,Active,Debit Card,2025-06-20,Chandigarh,3.6
C01163,57,Female,Clothing,Jeans,3775.68,1,No,Inactive,Wallet,2024-02-18,Jaipur,3.1
C01866,19,Female,Books,Self-Help,1195.52,1,Yes,Inactive,Debit Card,2025-09-11,Pune,4.9
C00936,47,Male,Beauty,Perfume,4563.57,3,Yes,Active,Debit Card,2024-09-13,Pune,2.5
C00501,36,Male,Clothing,Dress,3848.06,2,Yes,Inactive,UPI,2025-09-01,Chandigarh,4.3
C00981,54,Female,Electronics,Laptop,69464.37,2,Yes,Active,Credit Card,2025-04-12,Kolkata,4.1
C00283,49,Female,Home & Kitchen,Storage Box,9229.0,1,Yes,Inactive,UPI,2025-03-02,Kolkata,4.9
C01292,45,Male,Sports,Cricket Bat,11848.64,1,No,Active,Net Banking,2024-02-25,Chandigarh,3.9
C01937,32,Female,Home & Kitchen,Storage Box,11400.49,1,No,Active,UPI,2024-09-01,Chennai,4.1
C01285,32,Male,Electronics,Laptop,83676.61,1,No,Inactive,Debit Card,2025-04-20,Mumbai,3.4
C00260,57,Male,Clothing,Dress,2680.08,1,Yes,Inactive,Credit Card,2025-07-31,Hyderabad,3.0
C00126,55,Male,Sports,Cricket Bat,7689.95,1,No,Inactive,UPI,2024-01-09,Chennai,3.8
C01303,43,Male,Books,Technology,1918.19,2,Yes,Inactive,UPI,2025-08-29,Delhi,4.8
C01231,27,Female,Electronics,Speaker,22592.61,4,No,Inactive,Credit Card,2024-10-23,Bengaluru,4.2
C01831,42,Male,Electronics,Smartwatch,4203.78,2,No,Active,Credit Card,2025-02-01,Bengaluru,4.6
C00239,41,Male,Beauty,Face Cream,997.03,2,No,Active,Wallet,2024-07-26,Jaipur,5.0
C01152,53,Female,Beauty,Lipstick,3812.52,1,Yes,Inactive,Net Banking,2024-11-07,Ahmedabad,3.7
C00324,36,Male,Sports,Yoga Mat,10770.04,1,Yes,Active,Credit Card,2025-10-04,Chennai,4.9
C01997,46,Male,Electronics,Smartphone,15197.25,2,No,Active,Credit Card,2025-12-22,Ahmedabad,4.9
C00256,50,Male,Clothing,Dress,447.35,5,Yes,Inactive,Debit Card,2024-09-01,Chennai,3.6
C01003,24,Female,Books,Self-Help,686.39,3,Yes,Active,Net Banking,2024-09-16,Pune,5.0
C00176,34,Female,Sports,Cricket Bat,8242.14,3,Yes,Inactive,Cash,2024-09-11,Chennai,4.6
C00817,21,Male,Home & Kitchen,Storage Box,6653.45,1,Yes,Inactive,Credit Card,2025-06-18,Hyderabad,3.5
C00379,40,Male,Home & Kitchen,Cookware,1322.99,4,No,Inactive,Cash,2024-02-17,Delhi,5.0
C01463,26,Female,Books,Technology,1487.93,2,No,Inactive,Net Banking,2024-09-11,Jaipur,3.3
C01859,38,Male,Beauty,Shampoo,818.26,3,No,Inactive,UPI,2024-10-16,Hyderabad,4.1
C01086,33,Male,Books,Fiction,382.58,1,Yes,Active,Debit Card,2025-07-16,Chennai,2.4
C01718,60,Female,Beauty,Shampoo,3961.2,1,Yes,Active,Debit Card,2024-03-14,Chandigarh,4.3
C00331,43,Male,Clothing,T-Shirt,1742.12,2,No,Inactive,Cash,2025-05-16,Bengaluru,3.7
C00383,43,Female,Beauty,Shampoo,1096.61,2,No,Active,UPI,2025-07-03,Chandigarh,4.9
C01249,46,Male,Home & Kitchen,Lamp,6933.77,2,No,Inactive,Wallet,2024-01-01,Bengaluru,4.2
C01493,64,Male,Home & Kitchen,Lamp,7085.91,3,No,Inactive,Wallet,2024-04-18,Chennai,3.6
C01564,49,Female,Electronics,Smartphone,42718.3,1,Yes,Inactive,Credit Card,2024-04-25,Chandigarh,3.7
C00130,52,Male,Beauty,Shampoo,4404.23,2,No,Inactive,Net Banking,2024-03-16,Jaipur,4.2
C00129,48,Male,Sports,Running Shoes,9204.58,3,Yes,Active,Debit Card,2025-09-22,Ahmedabad,5.0
C01796,53,Female,Electronics,Headphones,53329.0,1,Yes,Active,UPI,2024-10-13,Chandigarh,3.3
C00881,53,Male,Electronics,Smartphone,38266.47,3,No,Inactive,Debit Card,2024-03-12,Hyderabad,3.9
C00001,43,Female,Clothing,Sneakers,3375.28,1,No,Active,UPI,2025-02-07,Kolkata,2.8
C01507,42,Female,Books,Fiction,1518.54,3,No,Inactive,Debit Card,2024-10-03,Mumbai,4.3
C00897,36,Female,Clothing,Sneakers,4812.15,1,No,Active,UPI,2025-10-07,Pune,3.9
C00108,25,Male,Books,Comics,1265.04,3,No,Active,Credit Card,2025-01-15,Pune,3.7
C00947,48,Other,Books,Comics,820.93,3,Yes,Active,Debit Card,2025-02-02,Mumbai,4.9
C00871,45,Female,Electronics,Speaker,11644.18,2,No,Active,UPI,2025-05-09,Pune,3.0
C00910,27,Male,Books,Comics,1715.23,1,Yes,Inactive,Credit Card,2025-09-28,Kolkata,2.9
C00108,55,Female,Clothing,Dress,3288.43,3,No,Active,Debit Card,2025-11-04,Jaipur,5.0
C01097,19,Male,Electronics,Smartwatch,1678.84,1,Yes,Inactive,UPI,2024-05-15,Chandigarh,4.5
C01431,25,Female,Beauty,Perfume,1099.88,5,Yes,Active,UPI,2024-01-03,Jaipur,4.6
C01929,53,Male,Books,Business,241.52,1,Yes,Active,Debit Card,2024-04-06,Hyderabad,4.2
C00245,53,Male,Electronics,Smartwatch,76390.58,2,No,Inactive,UPI,2024-09-12,Jaipur,4.2
C01123,55,Male,Clothing,T-Shirt,823.5,1,Yes,Active,Debit Card,2024-03-11,Mumbai,4.2
C01337,32,Female,Electronics,Smartphone,8395.61,3,No,Active,Credit Card,2025-01-15,Chennai,3.2
C00331,41,Male,Electronics,Speaker,69699.92,3,Yes,Inactive,Credit Card,2025-06-08,Pune,3.7
C00662,38,Female,Beauty,Lipstick,3566.79,5,No,Active,Debit Card,2025-08-26,Chandigarh,3.5
C01681,61,Female,Sports,Dumbbells,2768.72,2,No,Inactive,Credit Card,2024-02-05,Mumbai,5.0
C01909,39,Female,Clothing,Jeans,728.55,2,Yes,Active,Wallet,2024-10-18,Kolkata,3.8
C00621,44,Male,Books,Comics,938.55,2,No,Active,Debit Card,2024-01-18,Delhi,
C01044,58,Female,Electronics,Laptop,37872.67,2,Yes,Active,Credit Card,2024-12-23,Kolkata,4.1
C01423,63,Female,Sports,Cricket Bat,3519.48,3,No,Inactive,UPI,2024-05-06,Pune,4.1
C01357,65,Male,Books,Technology,1762.02,2,No,Active,Credit Card,2025-03-09,Bengaluru,4.2
C00549,32,Female,Clothing,Jacket,4344.95,3,Yes,Inactive,Wallet,2024-09-17,Hyderabad,4.0
C01188,62,Female,Home & Kitchen,Lamp,7745.08,1,No,Inactive,Debit Card,2025-09-25,Pune,4.3
C00947,50,Male,Clothing,Jeans,2441.4,2,Yes,Inactive,Debit Card,2025-06-09,Kolkata,3.8
C00061,23,Male,Sports,Cricket Bat,3165.36,1,Yes,Inactive,Cash,2025-02-13,Chennai,3.4
C01988,65,Male,Sports,Dumbbells,4156.14,1,Yes,Inactive,Debit Card,2024-04-18,Delhi,3.3
C01796,38,Female,Sports,Running Shoes,9866.29,1,No,Inactive,UPI,2024-12-04,Chandigarh,3.6
C01582,46,Male,Clothing,Dress,1105.91,2,Yes,Inactive,Credit Card,2025-04-10,Bengaluru,3.6
C00873,51,Female,Clothing,T-Shirt,1973.42,2,No,Active,Wallet,2024-07-10,Chennai,4.4
C00207,30,Female,Sports,Yoga Mat,3479.08,2,Yes,Inactive,UPI,2024-08-21,Delhi,3.1
C01082,29,Male,Beauty,Skin Serum,3018.26,1,Yes,Inactive,Debit Card,2025-07-10,Delhi,4.9
C00641,44,Male,Electronics,Laptop,64798.75,2,Yes,Active,Wallet,2025-07-30,Delhi,4.5
C01437,52,Male,Electronics,Laptop,2226.49,3,No,Active,Net Banking,2024-06-14,Chandigarh,4.4
C00569,41,Female,Clothing,Dress,2696.26,1,Yes,Inactive,UPI,2025-12-25,Mumbai,4.1
C01921,31,Female,Home & Kitchen,Coffee Maker,4462.27,1,Yes,Active,UPI,2025-12-18,Chennai,4.2
C00588,61,Female,Electronics,Headphones,4460.79,1,Yes,Inactive,Wallet,2024-09-29,Jaipur,3.9
C01156,28,Male,Beauty,Lipstick,819.36,3,Yes,Active,Cash,2025-09-19,Ahmedabad,4.5
C01350,32,Male,Home & Kitchen,Bedsheet,10688.88,3,No,Inactive,UPI,2025-05-26,Pune,3.8
C01536,36,Male,Electronics,Laptop,38524.88,1,Yes,Active,Net Banking,2025-06-27,Pune,4.5
C01636,23,Female,Clothing,T-Shirt,4964.55,1,Yes,Active,Cash,2024-12-25,Chandigarh,4.4
C01373,57,Other,Electronics,Laptop,47713.09,2,No,Inactive,Wallet,2024-03-09,Hyderabad,4.8
C00233,45,Female,Home & Kitchen,Coffee Maker,9986.15,2,Yes,Inactive,UPI,2025-03-30,Chennai,3.6
C00518,56,Female,Clothing,Sneakers,3214.07,1,Yes,Active,UPI,2024-11-13,Pune,4.2
C00588,20,Female,Sports,Dumbbells,5406.55,2,No,Inactive,UPI,2025-07-08,Pune,4.3
C01610,44,Male,Clothing,Jeans,1320.68,2,No,Inactive,Cash,2024-03-04,Kolkata,3.7
C00005,24,Female,Beauty,Face Cream,3727.7,5,No,Inactive,UPI,2024-05-17,Delhi,4.2
C01758,61,Male,Electronics,Speaker,30414.31,2,No,Inactive,Net Banking,2025-06-30,Mumbai,3.3
C00177,46,Female,Sports,Yoga Mat,9903.88,1,No,Active,UPI,2024-09-01,Hyderabad,2.5
C00615,42,Other,Home & Kitchen,Lamp,7125.34,1,Yes,Inactive,Net Banking,2025-08-25,Mumbai,3.1
C00012,30,Female,Sports,Cricket Bat,2606.02,2,No,Inactive,UPI,2025-08-03,Mumbai,4.3
C00381,56,Male,Clothing,Dress,3674.89,2,No,Inactive,Credit Card,2025-04-23,Hyderabad,3.4
C00387,53,Male,Sports,Cricket Bat,9992.47,1,No,Active,UPI,2024-10-27,Mumbai,3.6
C01909,52,Male,Clothing,Jacket,4187.31,3,No,Active,Debit Card,2024-05-15,Pune,4.1
C00383,33,Male,Clothing,Jacket,3927.19,1,Yes,Inactive,Debit Card,2025-07-07,Pune,3.7
C01922,35,Female,Books,Technology,1626.53,2,No,Inactive,Debit Card,2025-03-24,Pune,3.3
C01292,51,Male,Beauty,Shampoo,4811.62,1,No,Inactive,UPI,2025-09-25,Bengaluru,4.0
C01057,18,Male,Beauty,Lipstick,4171.35,2,Yes,Active,Debit Card,2024-08-11,Mumbai,4.7
C01212,31,Female,Electronics,Laptop,12424.9,2,Yes,Inactive,Cash,2025-04-02,Chennai,4.4
C01298,41,Male,Books,Comics,313.3,3,Yes,Inactive,Debit Card,2025-03-09,Hyderabad,4.1
C01303,32,Female,Electronics,Speaker,59317.55,2,Yes,Inactive,Credit Card,2024-04-27,Chandigarh,3.9
C01911,22,Female,Home & Kitchen,Lamp,11550.55,4,Yes,Active,Net Banking,2024-09-24,Delhi,4.5
C00557,34,Female,Home & Kitchen,Lamp,2556.79,3,No,Active,Debit Card,2025-07-02,Chandigarh,4.6
C01828,35,Female,Beauty,Perfume,4658.81,2,No,Active,Debit Card,2024-12-15,Bengaluru,4.5
C00851,44,Female,Home & Kitchen,Bedsheet,1093.38,2,No,Active,Credit Card,2025-09-10,Hyderabad,4.0
C01376,19,Male,Sports,Cricket Bat,4957.63,2,No,Inactive,Credit Card,2025-02-06,Delhi,3.6
C00494,39,Male,Clothing,Dress,3190.66,3,Yes,Inactive,Cash,2025-11-13,Hyderabad,3.7
C01890,43,Female,Home & Kitchen,Storage Box,1839.76,2,No,Active,Credit Card,2024-11-28,Hyderabad,4.3
C01615,23,Female,Sports,Football,11585.21,1,No,Active,Debit Card,2025-05-02,Chennai,4.2
C01361,38,Female,Home & Kitchen,Storage Box,14632.57,1,No,Inactive,Debit Card,2025-07-25,Jaipur,4.4
C01615,56,Female,Books,Self-Help,905.65,2,No,Inactive,UPI,2024-04-20,Chandigarh,3.5
C01028,28,Female,Books,Business,1519.68,3,No,Inactive,Debit Card,2025-11-22,Chennai,3.0
C01152,39,Female,Sports,Yoga Mat,4327.69,4,No,Active,UPI,2025-07-16,Ahmedabad,4.7
C01841,58,Male,Clothing,Jacket,3457.02,1,No,Inactive,UPI,2024-01-22,Mumbai,5.0
C00873,42,Female,Books,Business,384.45,3,Yes,Inactive,Cash,2025-10-02,Mumbai,5.0
C00704,44,Male,Electronics,Headphones,88939.29,3,Yes,Inactive,Debit Card,2025-06-28,Chennai,3.1
C00821,46,Male,Books,Business,1648.58,1,No,Inactive,Debit Card,2025-04-20,Chandigarh,3.8
C01261,52,Female,Electronics,Speaker,6143.74,1,No,Active,UPI,2025-11-15,Kolkata,3.6
C01255,33,Female,Beauty,Lipstick,1808.21,4,No,Active,Net Banking,2025-01-26,Pune,4.0
C00344,65,Male,Sports,Cricket Bat,6806.93,1,No,Active,Credit Card,2025-10-09,Mumbai,3.5
C00084,48,Female,Home & Kitchen,Lamp,7885.23,3,No,Active,Credit Card,2025-11-12,Chennai,2.6
C01425,60,Male,Electronics,Smartphone,58699.33,1,No,Inactive,UPI,2025-06-16,Chennai,4.0
C01520,31,Female,Clothing,T-Shirt,646.52,1,No,Active,Wallet,2024-05-13,Delhi,4.7
C01711,62,Male,Clothing,Dress,3947.23,1,Yes,Inactive,UPI,2025-07-26,Bengaluru,4.1
C01108,20,Female,Home & Kitchen,Coffee Maker,8975.71,1,No,Inactive,Debit Card,2024-07-27,Ahmedabad,3.2
C01573,24,Female,Books,Comics,1542.75,3,No,Inactive,Debit Card,2024-07-29,Mumbai,3.5
C00672,18,Female,Books,Fiction,1849.84,3,No,Inactive,Debit Card,2025-04-25,Jaipur,4.4
C01715,63,Female,Electronics,Laptop,11339.14,1,No,Active,UPI,2024-10-10,Delhi,2.6
C01816,58,Male,Home & Kitchen,Coffee Maker,6847.62,1,No,Inactive,Net Banking,2025-02-25,Kolkata,3.0
C00659,64,Female,Electronics,Headphones,28100.48,3,No,Inactive,UPI,2024-03-27,Ahmedabad,4.6
C00391,34,Female,Home & Kitchen,Cookware,11257.13,2,No,Active,UPI,2025-06-04,Kolkata,2.9
C00704,32,Male,Home & Kitchen,Bedsheet,4644.67,2,No,Inactive,Wallet,2025-10-10,Chennai,3.3
C00699,21,Female,Beauty,Perfume,4250.56,1,No,Inactive,UPI,2025-12-29,Mumbai,4.0
C00705,50,Male,Home & Kitchen,Storage Box,4512.4,1,No,Active,Net Banking,2024-02-05,Delhi,
C00727,51,Male,Electronics,Smartphone,69873.7,3,No,Active,UPI,2025-03-20,Jaipur,5.0
C00771,22,Female,Sports,Football,3718.95,1,Yes,Active,Credit Card,2024-06-11,Ahmedabad,4.8
C01103,46,Male,Beauty,Shampoo,1836.99,1,No,Active,Wallet,2024-12-19,Bengaluru,2.9
C01811,59,Male,Electronics,Smartphone,84283.87,1,Yes,Active,UPI,2024-06-28,Bengaluru,4.6
C01654,57,Female,Clothing,Jacket,735.15,1,No,Inactive,UPI,2025-12-08,Chennai,4.2
C00849,53,Female,Clothing,Sneakers,2136.71,1,Yes,Inactive,Net Banking,2024-08-24,Bengaluru,4.1
C01907,39,Male,Clothing,Dress,4453.73,1,Yes,Active,UPI,2024-06-28,Ahmedabad,4.4
C01661,58,Male,Electronics,Smartwatch,1130.47,2,No,Inactive,UPI,2025-09-18,Chennai,3.7
C00028,26,Male,Books,Technology,1922.93,2,No,Inactive,UPI,2024-01-30,Bengaluru,3.6
C00904,30,Female,Electronics,Smartwatch,2418.07,1,No,Inactive,Credit Card,2025-04-27,Hyderabad,4.7
C00445,37,Female,Beauty,Face Cream,537.09,1,No,Inactive,UPI,2025-11-21,Hyderabad,4.9
C00758,31,Male,Beauty,Lipstick,3742.43,2,No,Inactive,Net Banking,2024-04-27,Ahmedabad,3.5
C01720,47,Female,Home & Kitchen,Lamp,2743.02,1,No,Inactive,Debit Card,2025-04-10,Hyderabad,3.6
C00969,59,Male,Books,Business,659.72,1,No,Inactive,UPI,2025-02-21,Chennai,4.3
C00691,64,Male,Home & Kitchen,Cookware,1561.16,3,No,Inactive,Credit Card,2025-07-02,Ahmedabad,5.0
C00947,59,Female,Electronics,Laptop,75251.02,3,Yes,Inactive,Debit Card,2024-12-12,Kolkata,
C01803,44,Male,Clothing,T-Shirt,3552.68,4,Yes,Inactive,Cash,2024-03-28,Chandigarh,4.1
C01193,36,Male,Sports,Cricket Bat,11520.95,3,No,Active,Debit Card,2024-03-13,Bengaluru,3.2
C00436,23,Female,Clothing,T-Shirt,4008.62,1,Yes,Inactive,Credit Card,2025-09-11,Mumbai,
C00750,51,Female,Clothing,Sneakers,4423.03,5,No,Inactive,Credit Card,2024-11-21,Delhi,4.1
C01057,27,Male,Electronics,Headphones,28642.65,2,No,Inactive,Debit Card,2024-03-27,Kolkata,4.6
C00949,29,Female,Clothing,Jeans,2296.51,3,Yes,Inactive,UPI,2025-06-27,Chandigarh,3.2
C00762,35,Female,Books,Technology,1177.31,1,Yes,Inactive,UPI,2025-01-02,Chennai,4.2
C01850,19,Male,Electronics,Smartwatch,28092.91,3,Yes,Inactive,Credit Card,2025-08-11,Pune,4.6
C01759,56,Male,Beauty,Skin Serum,2959.89,4,Yes,Inactive,Debit Card,2025-03-28,Mumbai,4.2
C00924,31,Female,Electronics,Smartwatch,89924.81,2,No,Inactive,UPI,2024-02-25,Hyderabad,3.5
C00235,62,Male,Electronics,Laptop,18312.17,3,No,Active,Net Banking,2024-09-12,Jaipur,3.9
C01121,38,Female,Home & Kitchen,Coffee Maker,1361.79,1,Yes,Inactive,Credit Card,2024-02-04,Hyderabad,4.6
C01464,22,Female,Electronics,Smartwatch,33834.5,3,No,Inactive,UPI,2025-07-20,Chennai,4.6
C00485,62,Female,Electronics,Smartphone,20963.02,4,No,Inactive,Wallet,2024-08-09,Pune,2.4
C01412,30,Female,Clothing,T-Shirt,1759.96,2,Yes,Inactive,Credit Card,2024-05-04,Delhi,3.3
C00893,34,Female,Electronics,Speaker,87040.01,2,Yes,Inactive,UPI,2024-02-06,Bengaluru,3.8
C01302,55,Male,Electronics,Smartphone,74135.98,1,Yes,Active,Credit Card,2024-10-15,Mumbai,3.9
C00384,51,Male,Home & Kitchen,Lamp,574.74,2,No,Active,Credit Card,2025-03-08,Chandigarh,3.7
C01117,51,Other,Beauty,Perfume,220.15,1,No,Inactive,UPI,2024-11-23,Pune,2.9
C01876,27,Male,Clothing,T-Shirt,663.28,2,No,Inactive,Wallet,2025-07-03,Chennai,3.4
C00995,24,Male,Home & Kitchen,Lamp,7492.68,2,No,Inactive,Credit Card,2024-06-22,Ahmedabad,4.0
C00871,40,Male,Beauty,Face Cream,3529.01,2,Yes,Inactive,Wallet,2024-09-22,Mumbai,2.4
C00113,44,Male,Electronics,Speaker,87286.57,1,Yes,Inactive,Debit Card,2024-02-08,Bengaluru,4.0
C01717,53,Female,Electronics,Speaker,29935.79,2,No,Inactive,UPI,2025-01-02,Jaipur,3.6
C00595,22,Female,Books,Business,1397.4,3,Yes,Active,Credit Card,2024-05-27,Mumbai,3.0
C00559,62,Male,Beauty,Face Cream,1393.43,1,No,Inactive,Debit Card,2025-10-14,Bengaluru,3.5
C01876,30,Male,Books,Technology,251.33,1,Yes,Inactive,Net Banking,2024-03-17,Jaipur,4.9
C00143,53,Male,Clothing,Jacket,3589.86,1,No,Active,Net Banking,2024-09-01,Mumbai,2.8
C01877,42,Male,Electronics,Headphones,49081.56,1,No,Inactive,Net Banking,2024-07-16,Hyderabad,5.0
C01901,40,Male,Electronics,Laptop,19335.91,2,Yes,Inactive,Credit Card,2025-09-12,Chennai,4.1
C00853,62,Female,Electronics,Speaker,13844.11,1,No,Inactive,Debit Card,2025-09-25,Hyderabad,3.5
C01490,21,Female,Electronics,Speaker,17670.69,2,Yes,Inactive,Debit Card,2025-05-07,Mumbai,4.5
C00006,18,Male,Beauty,Perfume,2700.16,2,No,Inactive,Debit Card,2025-02-09,Chennai,4.0
C00940,52,Other,Clothing,Jeans,985.51,2,Yes,Active,Cash,2025-03-27,Ahmedabad,4.9
C00099,55,Male,Electronics,Smartwatch,58255.85,2,No,Active,UPI,2024-01-11,Hyderabad,3.9
C00129,24,Other,Electronics,Smartphone,87072.3,1,No,Inactive,Credit Card,2024-01-10,Pune,4.6
C00904,64,Female,Home & Kitchen,Bedsheet,11308.77,1,Yes,Active,Credit Card,2025-05-30,Kolkata,3.8
C00967,62,Female,Books,Business,1891.09,2,Yes,Active,Cash,2024-07-25,Mumbai,3.9
C00132,32,Female,Clothing,Dress,525.92,5,No,Inactive,Debit Card,2025-03-05,Hyderabad,4.6
C00672,31,Female,Books,Comics,751.9,2,No,Active,Debit Card,2025-12-23,Hyderabad,3.6
C00428,56,Female,Electronics,Speaker,54545.05,1,No,Inactive,Debit Card,2025-01-20,Jaipur,4.9
C00831,22,Female,Clothing,Sneakers,329.63,2,No,Active,Credit Card,2024-02-09,Jaipur,3.7
C02000,58,Female,Electronics,Smartphone,9086.98,1,Yes,Active,UPI,2024-02-03,Mumbai,4.2
C01995,21,Male,Home & Kitchen,Coffee Maker,12349.56,2,Yes,Active,Credit Card,2024-10-03,Bengaluru,4.2
C01378,45,Female,Electronics,Smartwatch,14142.94,1,No,Inactive,UPI,2025-08-13,Chennai,4.6
C00853,32,Male,Clothing,Sneakers,4522.26,2,No,Inactive,Wallet,2024-07-31,Pune,3.3
C01057,21,Male,Electronics,Smartphone,53366.29,1,Yes,Inactive,Wallet,2025-12-29,Chennai,4.0
C00375,52,Female,Clothing,T-Shirt,2157.4,2,Yes,Inactive,Debit Card,2025-03-09,Jaipur,4.8
C01366,43,Female,Books,Comics,1400.39,2,No,Active,Debit Card,2024-08-03,Jaipur,4.0
C00373,49,Female,Electronics,Smartwatch,7798.54,2,No,Inactive,Debit Card,2024-09-04,Jaipur,5.0
C01126,61,Female,Books,Technology,433.23,3,Yes,Inactive,Net Banking,2025-10-07,Pune,4.9
C01112,65,Male,Home & Kitchen,Storage Box,14671.02,3,No,Active,UPI,2025-11-10,Ahmedabad,4.2
C00333,28,Female,Home & Kitchen,Cookware,12836.19,3,No,Inactive,UPI,2024-01-23,Jaipur,4.4
C01800,30,Female,Clothing,Dress,1744.23,1,No,Inactive,Credit Card,2024-04-02,Pune,5.0
C01124,45,Female,Beauty,Shampoo,1734.28,5,No,Active,Cash,2025-11-19,Pune,4.9
C01354,43,Female,Clothing,Jacket,311.89,2,Yes,Inactive,UPI,2024-03-20,Pune,4.2
C01421,32,Male,Sports,Football,3822.7,4,No,Inactive,Cash,2024-07-19,Pune,2.7
C00817,18,Female,Beauty,Shampoo,3857.12,2,Yes,Inactive,Credit Card,2024-06-03,Chandigarh,4.3
C01306,23,Female,Electronics,Headphones,3729.76,2,Yes,Inactive,Net Banking,2024-07-24,Hyderabad,4.0
C01408,32,Female,Clothing,T-Shirt,2809.82,2,No,Inactive,Credit Card,2024-12-13,Bengaluru,4.5
C01598,62,Male,Home & Kitchen,Bedsheet,3077.92,4,No,Active,Credit Card,2025-12-03,Jaipur,5.0
C01593,46,Female,Home & Kitchen,Bedsheet,8449.9,2,Yes,Active,Cash,2024-09-29,Delhi,3.9
C00051,27,Female,Books,Comics,1054.44,3,No,Inactive,UPI,2025-08-07,Chennai,4.2
C01595,61,Female,Books,Technology,1135.55,1,Yes,Active,UPI,2024-01-23,Hyderabad,3.8
C01453,44,Female,Electronics,Laptop,82024.93,2,No,Inactive,Credit Card,2025-09-08,Chennai,3.7
C01737,25,Female,Home & Kitchen,Storage Box,11676.79,1,No,Inactive,UPI,2024-04-01,Ahmedabad,4.0
C00046,63,Other,Clothing,Dress,3445.32,3,Yes,Inactive,Credit Card,2024-06-16,Jaipur,3.2
C01351,61,Male,Beauty,Lipstick,4479.23,3,No,Active,Debit Card,2024-12-02,Mumbai,4.7
C00283,35,Female,Clothing,Sneakers,478.64,2,No,Inactive,Debit Card,2025-09-07,Pune,4.5
C01591,27,Male,Beauty,Perfume,1730.86,5,Yes,Active,UPI,2025-11-09,Ahmedabad,5.0
C00669,63,Male,Clothing,T-Shirt,823.42,1,No,Inactive,Net Banking,2025-09-24,Chennai,4.6
C01957,43,Male,Clothing,T-Shirt,4063.74,3,No,Inactive,Credit Card,2024-05-10,Hyderabad,5.0
C00891,32,Male,Electronics,Laptop,10013.6,2,No,Inactive,Credit Card,2024-03-11,Delhi,3.7
C00957,62,Female,Sports,Dumbbells,9038.32,5,No,Inactive,Credit Card,2024-02-09,Jaipur,4.3
C01792,21,Female,Clothing,Jeans,1603.57,3,No,Inactive,Debit Card,2024-08-11,Pune,5.0
C00212,56,Male,Sports,Running Shoes,8570.53,2,No,Inactive,Cash,2024-06-20,Hyderabad,5.0
C00313,39,Female,Sports,Football,6234.25,3,No,Inactive,Debit Card,2025-02-21,Kolkata,3.3
C00783,62,Female,Home & Kitchen,Bedsheet,9204.66,1,Yes,Inactive,Cash,2024-04-26,Jaipur,5.0
C01366,45,Male,Books,Fiction,1755.94,2,Yes,Active,Debit Card,2025-02-11,Hyderabad,2.9
C01577,40,Other,Sports,Dumbbells,10030.45,1,Yes,Active,UPI,2025-11-26,Mumbai,4.0
C00410,48,Male,Electronics,Smartphone,4982.89,2,No,Inactive,UPI,2025-11-10,Bengaluru,4.7
C01406,36,Female,Clothing,Sneakers,3112.66,2,Yes,Inactive,Credit Card,2024-01-08,Delhi,4.9
C01680,30,Female,Home & Kitchen,Cookware,12786.48,3,Yes,Inactive,Net Banking,2024-05-04,Mumbai,3.4
C01828,43,Other,Electronics,Headphones,29788.86,1,Yes,Active,Debit Card,2024-03-08,Ahmedabad,3.0
C00849,60,Male,Electronics,Smartphone,70239.28,3,No,Inactive,UPI,2024-09-26,Kolkata,3.8
C00337,39,Female,Books,Business,1662.95,3,No,Active,UPI,2024-08-10,Hyderabad,4.0
C01985,43,Female,Sports,Dumbbells,6284.28,2,Yes,Inactive,Credit Card,2025-01-10,Chandigarh,3.7
C00888,46,Female,Beauty,Perfume,2092.57,2,No,Inactive,Net Banking,2025-07-28,Kolkata,3.2
C01585,56,Male,Electronics,Speaker,53535.72,2,No,Active,UPI,2024-05-09,Chandigarh,4.8
C00938,43,Male,Electronics,Laptop,25774.37,3,No,Inactive,Debit Card,2025-03-26,Chennai,2.8
C00003,21,Female,Clothing,Jeans,1816.71,1,No,Active,Credit Card,2024-08-11,Hyderabad,5.0
C00560,65,Male,Electronics,Smartphone,78307.45,1,Yes,Inactive,Net Banking,2025-08-16,Kolkata,3.9
C01968,65,Male,Sports,Football,6476.0,1,No,Inactive,Credit Card,2025-02-04,Delhi,4.9
C01289,49,Male,Beauty,Skin Serum,994.12,1,Yes,Inactive,UPI,2024-03-28,Jaipur,4.2
C01122,27,Female,Beauty,Perfume,3796.68,1,No,Inactive,Credit Card,2024-04-18,Ahmedabad,3.6
C00661,36,Male,Electronics,Laptop,56419.9,1,No,Inactive,UPI,2024-08-07,Pune,4.7
C01039,40,Female,Beauty,Shampoo,1780.7,2,No,Active,Credit Card,2024-03-01,Ahmedabad,4.0
C01582,61,Female,Beauty,Face Cream,1609.01,3,Yes,Inactive,UPI,2025-11-18,Bengaluru,4.1
C00162,39,Female,Clothing,Sneakers,1023.56,2,No,Inactive,Debit Card,2025-05-29,Pune,3.8
C00646,54,Other,Electronics,Headphones,39541.32,2,Yes,Inactive,Credit Card,2025-07-22,Pune,3.1
C01089,61,Female,Home & Kitchen,Bedsheet,2523.07,3,Yes,Inactive,Credit Card,2024-11-26,Hyderabad,2.0
C00992,22,Male,Electronics,Speaker,3082.4,1,Yes,Inactive,Net Banking,2024-01-04,Chandigarh,5.0
C00939,50,Male,Beauty,Skin Serum,4767.77,2,No,Inactive,UPI,2024-08-30,Bengaluru,3.7
C01461,26,Female,Sports,Dumbbells,6044.81,2,No,Inactive,UPI,2024-08-07,Jaipur,4.6
C00884,55,Male,Books,Comics,572.64,2,Yes,Inactive,Wallet,2025-01-20,Hyderabad,3.2
C01970,56,Female,Sports,Running Shoes,5064.27,4,Yes,Inactive,Cash,2025-04-04,Ahmedabad,
C01641,42,Female,Sports,Football,7185.63,2,No,Inactive,UPI,2025-10-18,Bengaluru,5.0
C00160,37,Female,Electronics,Speaker,78843.99,2,No,Inactive,Cash,2024-07-19,Chandigarh,3.7
C01587,43,Female,Sports,Football,11816.17,4,No,Inactive,Debit Card,2025-09-16,Hyderabad,2.6
C00192,28,Male,Home & Kitchen,Bedsheet,12824.53,2,No,Inactive,Net Banking,2024-11-24,Delhi,4.7
C00926,60,Male,Clothing,Dress,373.01,2,Yes,Active,Credit Card,2024-02-09,Jaipur,4.5
C01044,38,Male,Home & Kitchen,Bedsheet,9013.11,3,Yes,Inactive,Credit Card,2024-06-06,Ahmedabad,3.3
C01947,26,Male,Home & Kitchen,Coffee Maker,13989.3,3,Yes,Inactive,Credit Card,2025-11-10,Ahmedabad,4.1
C01023,40,Male,Books,Business,782.99,3,No,Active,Debit Card,2025-02-14,Ahmedabad,4.4
C00630,23,Female,Clothing,Jeans,4364.13,2,No,Active,UPI,2024-07-08,Bengaluru,3.1
C01586,33,Male,Sports,Football,5880.44,4,Yes,Active,Debit Card,2024-10-09,Kolkata,3.9
C00883,43,Female,Sports,Cricket Bat,9705.74,2,Yes,Active,Debit Card,2025-06-04,Jaipur,4.3
C01074,30,Female,Beauty,Perfume,3286.86,1,No,Inactive,Cash,2025-01-19,Pune,4.7
C01634,25,Male,Books,Technology,1348.18,2,No,Inactive,Credit Card,2024-09-19,Delhi,3.8
C00956,20,Female,Books,Fiction,546.24,1,Yes,Inactive,Cash,2025-04-11,Jaipur,3.2
C01932,59,Male,Beauty,Shampoo,1839.53,2,No,Inactive,UPI,2024-11-09,Pune,4.1
C00476,42,Male,Home & Kitchen,Lamp,6949.17,1,Yes,Inactive,UPI,2024-12-22,Jaipur,3.6
C00946,63,Female,Clothing,Dress,4484.96,3,Yes,Inactive,Net Banking,2024-12-13,Delhi,2.7
C00700,54,Male,Sports,Running Shoes,3270.83,1,Yes,Inactive,Debit Card,2024-02-06,Bengaluru,3.9
C01126,63,Male,Home & Kitchen,Coffee Maker,7934.87,3,No,Active,UPI,2025-09-04,Ahmedabad,3.7
C01983,27,Male,Home & Kitchen,Bedsheet,7624.18,4,Yes,Inactive,UPI,2025-01-05,Chandigarh,4.1
C00294,20,Female,Electronics,Smartwatch,36531.18,1,No,Active,Net Banking,2024-06-30,Hyderabad,4.1
C01798,40,Female,Electronics,Speaker,53457.66,3,No,Inactive,Credit Card,2024-12-22,Chandigarh,4.3
C01248,56,Male,Beauty,Perfume,2461.9,2,No,Inactive,Credit Card,2025-03-17,Hyderabad,4.7
C01746,35,Female,Clothing,T-Shirt,849.09,1,Yes,Active,Credit Card,2025-09-03,Hyderabad,5.0
C00751,40,Male,Home & Kitchen,Cookware,8487.33,1,No,Active,UPI,2024-04-21,Hyderabad,3.2
C01714,28,Male,Electronics,Speaker,35341.38,2,No,Active,Credit Card,2024-06-18,Bengaluru,4.2
C00322,47,Male,Books,Fiction,1581.19,1,No,Inactive,Net Banking,2024-01-04,Mumbai,3.2
C00929,50,Female,Electronics,Laptop,3626.22,4,No,Inactive,Debit Card,2025-05-09,Ahmedabad,4.1
C01514,50,Male,Electronics,Laptop,42474.52,1,No,Active,UPI,2024-05-09,Kolkata,3.7
C01430,40,Female,Books,Comics,1252.1,2,Yes,Active,Wallet,2024-05-29,Delhi,3.8
C00428,42,Male,Clothing,Jeans,4482.22,3,No,Inactive,Net Banking,2024-10-12,Delhi,4.4
C01543,49,Female,Electronics,Speaker,45424.76,1,No,Active,UPI,2025-04-07,Bengaluru,3.4
C01538,36,Male,Clothing,T-Shirt,4034.3,1,No,Inactive,Credit Card,2025-05-31,Jaipur,4.2
C01675,43,Female,Sports,Football,4708.94,2,Yes,Inactive,Cash,2025-06-26,Kolkata,4.2
C01770,59,Male,Clothing,Jeans,1566.91,3,Yes,Inactive,Cash,2025-02-11,Hyderabad,3.7
C01932,45,Male,Beauty,Shampoo,220.19,2,No,Active,Debit Card,2024-06-19,Hyderabad,3.0
C00725,41,Female,Electronics,Speaker,63567.1,2,No,Active,UPI,2025-04-06,Chandigarh,2.5
C01882,64,Female,Sports,Football,6235.48,1,No,Inactive,Cash,2025-07-03,Kolkata,3.8
C00871,27,Male,Electronics,Headphones,65472.64,3,Yes,Inactive,Debit Card,2025-06-07,Delhi,5.0
C01451,31,Female,Clothing,T-Shirt,2829.81,1,No,Active,Debit Card,2025-07-18,Chennai,4.7
C01998,30,Female,Home & Kitchen,Lamp,3009.7,1,Yes,Active,Credit Card,2024-08-01,Delhi,3.8
C00646,33,Male,Sports,Yoga Mat,3389.05,1,No,Inactive,UPI,2024-03-21,Ahmedabad,3.1
C01233,64,Female,Clothing,Jeans,3089.48,1,No,Inactive,Debit Card,2024-06-06,Mumbai,3.0
C00327,30,Female,Home & Kitchen,Lamp,6791.78,1,No,Inactive,Credit Card,2024-11-25,Chandigarh,4.3
C00286,20,Female,Clothing,Dress,4451.57,2,Yes,Active,UPI,2025-03-02,Chandigarh,
C00740,47,Male,Books,Business,1384.46,2,No,Inactive,UPI,2024-10-09,Delhi,5.0
C00027,41,Female,Sports,Cricket Bat,1342.1,5,Yes,Inactive,UPI,2024-06-16,Chandigarh,3.3
C01049,61,Male,Clothing,Sneakers,1120.65,1,Yes,Inactive,Credit Card,2025-11-28,Delhi,3.3
C01578,26,Female,Sports,Football,10335.67,3,Yes,Active,Debit Card,2025-10-04,Jaipur,4.3
C00100,23,Female,Electronics,Speaker,51242.36,1,Yes,Inactive,Wallet,2025-06-28,Chennai,4.4
C01162,56,Female,Electronics,Laptop,5227.97,3,No,Inactive,Credit Card,2025-12-30,Pune,3.7
C01015,34,Male,Electronics,Laptop,13505.15,2,Yes,Active,Debit Card,2024-05-20,Chennai,4.6
C00878,57,Female,Home & Kitchen,Storage Box,11722.58,5,No,Inactive,Debit Card,2024-05-21,Pune,4.2
C00263,41,Other,Books,Technology,1509.46,2,No,Active,Debit Card,2024-01-15,Bengaluru,3.9
C00450,53,Female,Clothing,Jeans,4991.87,3,No,Active,Cash,2025-08-24,Bengaluru,3.3
C01839,48,Female,Beauty,Perfume,4973.01,3,No,Inactive,UPI,2025-04-21,Pune,5.0
C01175,57,Female,Beauty,Shampoo,1542.14,1,Yes,Inactive,Cash,2025-05-06,Bengaluru,4.7
C00510,44,Female,Clothing,Dress,2816.21,1,No,Inactive,Credit Card,2024-06-21,Mumbai,3.3
C00247,19,Female,Clothing,Dress,1200.26,1,No,Inactive,Credit Card,2024-11-24,Chandigarh,4.4
C00122,57,Female,Electronics,Headphones,78205.89,2,No,Inactive,UPI,2025-07-10,Jaipur,3.4
C01450,22,Female,Sports,Cricket Bat,2045.73,2,No,Inactive,UPI,2025-04-14,Pune,3.7
C00218,32,Female,Home & Kitchen,Coffee Maker,2125.87,1,No,Inactive,Wallet,2024-11-06,Mumbai,4.4
C01809,46,Female,Sports,Yoga Mat,11241.79,3,No,Active,UPI,2024-10-17,Chandigarh,3.2
C00386,18,Female,Home & Kitchen,Bedsheet,4859.74,2,No,Inactive,Debit Card,2024-03-01,Pune,4.1
C00770,19,Male,Home & Kitchen,Cookware,6263.93,2,Yes,Inactive,Credit Card,2025-05-08,Chennai,
C00958,18,Female,Beauty,Face Cream,1072.3,2,No,Active,Credit Card,2025-11-29,Delhi,5.0
C01108,21,Female,Beauty,Lipstick,3435.11,2,No,Inactive,Credit Card,2024-03-05,Kolkata,3.7
C00690,27,Female,Electronics,Smartphone,67489.45,3,No,Inactive,Net Banking,2025-02-03,Mumbai,4.1
C01196,47,Male,Beauty,Shampoo,3616.52,4,No,Inactive,Wallet,2025-08-08,Mumbai,4.0
C01656,44,Female,Home & Kitchen,Lamp,14180.52,1,No,Inactive,UPI,2024-10-13,Mumbai,4.1
C00010,27,Male,Beauty,Shampoo,3166.84,3,No,Inactive,UPI,2024-08-20,Hyderabad,4.9
C01859,38,Female,Sports,Yoga Mat,3106.98,2,Yes,Inactive,Wallet,2024-06-09,Chandigarh,4.7
C01813,58,Female,Electronics,Speaker,34125.98,2,No,Active,UPI,2024-10-01,Chandigarh,3.0
C01081,35,Male,Beauty,Lipstick,4009.99,2,No,Inactive,Debit Card,2025-09-24,Ahmedabad,5.0
C01930,59,Male,Beauty,Shampoo,1221.88,3,No,Active,UPI,2025-12-04,Chennai,4.6
C00816,56,Male,Sports,Running Shoes,439.05,1,Yes,Inactive,UPI,2025-04-05,Pune,3.4
C01125,59,Female,Home & Kitchen,Cookware,9954.9,3,No,Active,Wallet,2025-07-09,Kolkata,5.0
C01401,52,Female,Beauty,Perfume,4560.77,1,No,Inactive,Debit Card,2025-05-31,Hyderabad,3.8
C00010,33,Male,Books,Comics,710.08,4,No,Active,Debit Card,2024-09-30,Chandigarh,3.9
C01610,48,Male,Books,Technology,612.05,2,Yes,Inactive,UPI,2024-07-06,Kolkata,3.4
C00157,65,Male,Books,Self-Help,1385.16,3,Yes,Active,Debit Card,2025-09-23,Chennai,
C01210,53,Male,Books,Self-Help,921.89,5,Yes,Active,Cash,2025-09-21,Bengaluru,4.6
C01637,27,Female,Books,Business,960.62,2,No,Inactive,UPI,2024-01-07,Bengaluru,2.7
C01805,57,Female,Electronics,Speaker,8603.32,1,No,Active,Credit Card,2025-07-06,Chennai,5.0
C01697,44,Female,Sports,Yoga Mat,1747.93,1,No,Inactive,UPI,2025-10-21,Pune,4.6
C01646,61,Female,Books,Self-Help,1740.91,1,Yes,Active,Net Banking,2025-06-16,Mumbai,4.4
C01792,47,Male,Electronics,Speaker,23672.73,1,Yes,Active,Debit Card,2025-06-13,Delhi,3.0
C01947,33,Female,Clothing,Jacket,2884.52,2,No,Inactive,Credit Card,2024-09-14,Jaipur,3.9
C00138,18,Male,Clothing,Jacket,1554.25,2,No,Inactive,Cash,2024-08-13,Chandigarh,4.3
C00356,18,Male,Beauty,Face Cream,1635.06,1,Yes,Inactive,Credit Card,2025-03-07,Pune,3.5
C01831,58,Female,Clothing,T-Shirt,1800.79,3,Yes,Active,UPI,2025-12-21,Chandigarh,4.4
C00122,51,Male,Clothing,T-Shirt,2143.78,3,No,Inactive,Credit Card,2024-08-31,Pune,4.4
C00139,30,Female,Books,Self-Help,593.41,3,No,Active,Cash,2024-12-17,Hyderabad,3.0
C01154,24,Male,Clothing,Jacket,1645.63,5,No,Inactive,UPI,2024-08-11,Delhi,4.3
C01500,48,Female,Beauty,Perfume,549.96,1,No,Inactive,Credit Card,2025-06-23,Kolkata,4.6
C00636,23,Male,Sports,Running Shoes,440.7,2,Yes,Active,Credit Card,2025-05-09,Kolkata,4.4
C00222,19,Male,Beauty,Face Cream,309.71,5,No,Active,Credit Card,2024-08-10,Chennai,3.7
C01457,50,Male,Home & Kitchen,Storage Box,7536.9,3,No,Active,Net Banking,2024-08-17,Chennai,4.9
C01851,24,Female,Beauty,Skin Serum,2119.29,4,No,Active,UPI,2024-06-25,Mumbai,3.7
C00416,26,Male,Clothing,T-Shirt,4457.65,1,Yes,Inactive,UPI,2024-09-25,Kolkata,3.6
C01513,59,Female,Clothing,Jeans,3428.15,1,Yes,Inactive,Credit Card,2025-09-21,Hyderabad,4.2
C00997,47,Male,Books,Business,1222.04,1,No,Inactive,Net Banking,2025-07-26,Chennai,5.0
C01404,39,Male,Home & Kitchen,Storage Box,8899.73,2,No,Inactive,UPI,2025-07-07,Jaipur,4.2
C01361,31,Female,Books,Business,1943.31,2,No,Active,Cash,2024-08-12,Pune,4.1
C01145,60,Female,Beauty,Skin Serum,1922.36,2,No,Inactive,Credit Card,2025-09-09,Chandigarh,3.9
C01092,27,Male,Beauty,Perfume,3113.53,2,No,Active,Net Banking,2025-02-27,Pune,4.8
C00962,27,Female,Clothing,Sneakers,1827.93,2,Yes,Active,UPI,2024-09-23,Pune,3.7
C01867,49,Female,Electronics,Smartwatch,31525.36,4,No,Active,Credit Card,2025-12-24,Mumbai,4.3
C00572,62,Male,Books,Self-Help,626.23,1,No,Inactive,UPI,2024-03-13,Hyderabad,4.6
C01204,19,Male,Books,Fiction,442.97,1,No,Active,UPI,2025-03-27,Chandigarh,4.3
C01518,25,Female,Clothing,Jacket,1784.62,4,Yes,Inactive,Cash,2025-05-15,Chandigarh,3.9
C00589,32,Female,Clothing,Jacket,3298.88,1,No,Inactive,Cash,2025-06-01,Kolkata,4.0
C01297,65,Male,Electronics,Laptop,1918.79,1,No,Inactive,Debit Card,2025-08-10,Ahmedabad,3.4
C01755,45,Male,Home & Kitchen,Cookware,3444.75,2,No,Inactive,UPI,2024-08-11,Jaipur,4.1
C00716,51,Male,Home & Kitchen,Storage Box,2838.32,3,No,Inactive,UPI,2024-06-03,Bengaluru,3.9
C00420,43,Male,Clothing,Sneakers,1289.56,1,No,Inactive,UPI,2024-03-28,Mumbai,3.6
C00434,33,Female,Home & Kitchen,Storage Box,13191.59,1,Yes,Inactive,Cash,2025-10-21,Delhi,4.5
C01864,49,Female,Beauty,Skin Serum,1530.93,1,No,Active,Debit Card,2024-04-24,Mumbai,3.0
C01832,60,Female,Books,Fiction,1374.78,1,Yes,Inactive,Debit Card,2025-11-28,Chandigarh,3.4
C01012,29,Male,Books,Comics,383.11,1,Yes,Active,Net Banking,2025-06-18,Hyderabad,2.9
C00043,58,Female,Sports,Football,5170.98,5,No,Inactive,Credit Card,2024-12-24,Jaipur,3.9
C01215,45,Female,Books,Technology,186.94,2,No,Inactive,Credit Card,2025-01-09,Pune,4.2
C00419,18,Male,Electronics,Smartwatch,54236.38,4,Yes,Inactive,Credit Card,2024-05-12,Hyderabad,4.3
C01632,64,Female,Electronics,Headphones,6914.18,1,No,Inactive,UPI,2025-07-12,Chennai,3.0
C00423,18,Female,Clothing,T-Shirt,3308.75,5,No,Active,Cash,2024-08-02,Mumbai,3.8
C00804,25,Female,Clothing,Dress,4481.47,3,Yes,Inactive,Cash,2025-01-19,Chennai,3.8
C00262,43,Male,Clothing,Sneakers,4799.38,1,No,Active,Debit Card,2025-01-22,Ahmedabad,4.6
C01113,22,Male,Home & Kitchen,Bedsheet,3567.02,1,No,Inactive,Credit Card,2025-01-09,Chandigarh,3.9
C01512,39,Male,Clothing,Jacket,824.29,2,No,Inactive,UPI,2024-10-14,Kolkata,3.8
C01368,59,Male,Home & Kitchen,Coffee Maker,8619.71,1,Yes,Active,Debit Card,2025-09-04,Chennai,4.0
C00008,54,Male,Electronics,Headphones,88708.76,3,No,Inactive,UPI,2025-04-02,Jaipur,4.5
C01864,65,Male,Sports,Dumbbells,4764.83,1,No,Active,UPI,2024-01-14,Chandigarh,3.0
C01920,50,Male,Electronics,Smartphone,12641.68,1,No,Active,Cash,2025-11-25,Hyderabad,5.0
C00013,24,Male,Home & Kitchen,Coffee Maker,3394.66,2,Yes,Inactive,UPI,2024-03-19,Mumbai,4.5
C00653,55,Male,Clothing,Jacket,1008.36,1,Yes,Inactive,Cash,2025-09-10,Hyderabad,4.8
C00542,18,Other,Electronics,Laptop,8883.57,4,No,Inactive,Credit Card,2024-04-19,Bengaluru,3.5
C01228,41,Female,Clothing,T-Shirt,3584.52,4,No,Inactive,Net Banking,2025-09-20,Ahmedabad,4.5
C01867,42,Male,Clothing,T-Shirt,845.52,3,Yes,Inactive,Debit Card,2024-09-07,Pune,4.6
C01599,26,Male,Home & Kitchen,Lamp,12330.3,2,No,Inactive,Debit Card,2025-06-21,Pune,3.3
C00376,63,Male,Books,Technology,784.06,1,No,Active,Cash,2024-05-11,Kolkata,3.8
C00040,52,Female,Electronics,Smartwatch,21806.36,2,No,Inactive,Cash,2024-01-27,Chennai,4.1
C01888,61,Other,Electronics,Smartphone,43344.86,2,Yes,Active,Credit Card,2024-05-31,Pune,2.9
C01683,34,Male,Home & Kitchen,Cookware,14860.88,3,Yes,Active,Cash,2024-12-03,Chandigarh,3.3
C00192,60,Female,Clothing,Dress,4372.54,2,No,Inactive,Credit Card,2024-03-07,Delhi,3.6
C01971,24,Female,Clothing,Jeans,4314.79,5,No,Inactive,Cash,2025-02-15,Chennai,5.0
C00246,65,Male,Home & Kitchen,Storage Box,9824.48,2,No,Active,Cash,2025-01-08,Mumbai,4.0
C01200,52,Male,Sports,Football,2722.31,4,No,Active,Debit Card,2025-11-03,Kolkata,4.3
C00540,45,Female,Books,Self-Help,1576.38,3,Yes,Inactive,Net Banking,2024-02-20,Ahmedabad,4.3
C00874,26,Male,Electronics,Headphones,16747.65,2,Yes,Inactive,Credit Card,2024-07-26,Jaipur,3.3
C00149,24,Male,Books,Self-Help,286.82,1,No,Inactive,Wallet,2024-10-05,Bengaluru,4.0
C01854,22,Female,Home & Kitchen,Bedsheet,1407.02,5,No,Active,Credit Card,2024-04-24,Ahmedabad,3.5
C01597,18,Male,Clothing,Jeans,557.52,2,Yes,Active,UPI,2024-09-28,Bengaluru,4.0
C01338,34,Male,Electronics,Headphones,52824.77,4,No,Inactive,Credit Card,2025-06-05,Jaipur,5.0
C01141,30,Other,Electronics,Headphones,39185.44,1,No,Inactive,Credit Card,2025-11-28,Chandigarh,4.3
C01824,32,Female,Home & Kitchen,Cookware,1536.74,1,Yes,Inactive,Net Banking,2025-05-13,Hyderabad,4.4
C00873,33,Female,Books,Business,1040.71,3,Yes,Inactive,Net Banking,2025-03-14,Pune,4.4
C00902,63,Female,Electronics,Headphones,68969.57,4,No,Inactive,Cash,2025-08-13,Kolkata,3.1
C01547,26,Male,Clothing,Dress,3194.53,2,Yes,Active,UPI,2025-10-25,Delhi,4.0
C00462,19,Female,Electronics,Smartphone,29170.96,1,Yes,Inactive,Debit Card,2025-04-06,Chennai,4.2
C01858,39,Male,Clothing,Jacket,2279.14,1,Yes,Active,UPI,2024-01-12,Delhi,4.3
C01244,59,Female,Home & Kitchen,Bedsheet,6224.0,4,No,Inactive,Net Banking,2024-02-08,Jaipur,3.9
C00871,22,Female,Home & Kitchen,Storage Box,5876.4,1,No,Active,UPI,2024-07-04,Bengaluru,3.4
C01419,34,Female,Electronics,Laptop,54158.09,1,No,Inactive,Cash,2024-01-23,Mumbai,3.8
C00253,51,Female,Home & Kitchen,Coffee Maker,12925.51,4,No,Inactive,UPI,2025-09-27,Kolkata,3.0
C00002,59,Male,Electronics,Smartwatch,86084.21,2,Yes,Active,UPI,2025-09-17,Bengaluru,4.2
C00854,41,Male,Books,Comics,1637.8,1,No,Active,Wallet,2024-08-24,Jaipur,4.3
C01712,21,Female,Clothing,T-Shirt,4923.55,4,No,Active,Debit Card,2025-03-24,Hyderabad,4.7
C01099,18,Female,Electronics,Speaker,30508.81,1,No,Active,UPI,2025-01-16,Chandigarh,4.6
C01015,52,Male,Sports,Dumbbells,7569.78,1,Yes,Inactive,Credit Card,2024-09-18,Delhi,4.0
C01938,62,Female,Home & Kitchen,Cookware,8668.27,3,No,Active,Debit Card,2025-06-06,Ahmedabad,4.3
C00973,39,Male,Home & Kitchen,Storage Box,3518.76,1,Yes,Active,Credit Card,2024-12-25,Chandigarh,3.7
C01299,52,Female,Clothing,Jacket,1425.48,4,No,Inactive,UPI,2025-03-02,Jaipur,4.5
C00575,44,Female,Clothing,T-Shirt,4665.95,2,No,Inactive,Credit Card,2025-12-05,Hyderabad,3.5
C01056,59,Female,Clothing,Dress,3102.3,2,Yes,Inactive,UPI,2024-08-24,Kolkata,3.7
C01165,45,Other,Clothing,Dress,2946.76,2,Yes,Inactive,Net Banking,2025-05-06,Delhi,4.3
C00029,25,Female,Clothing,Dress,3724.42,1,No,Inactive,Debit Card,2025-07-27,Bengaluru,3.6
C00203,20,Female,Books,Self-Help,886.29,1,No,Inactive,Net Banking,2024-11-22,Kolkata,3.1
C00668,29,Female,Electronics,Laptop,53319.72,4,No,Active,Wallet,2025-08-12,Mumbai,4.2
C01369,44,Male,Books,Self-Help,1454.09,1,Yes,Active,UPI,2024-01-03,Kolkata,3.6
C00893,24,Female,Clothing,Jeans,4853.34,1,No,Active,Credit Card,2025-09-17,Kolkata,4.2
C00561,22,Male,Beauty,Lipstick,3139.04,1,Yes,Inactive,Debit Card,2025-10-16,Jaipur,3.8
C01046,27,Female,Beauty,Perfume,608.73,1,No,Active,Cash,2025-08-23,Chandigarh,3.4
C00621,46,Male,Clothing,Jacket,2436.47,4,No,Active,Cash,2025-01-02,Chandigarh,5.0
C01322,29,Female,Clothing,Jacket,1800.93,1,No,Inactive,UPI,2024-02-17,Bengaluru,3.0
C01597,47,Male,Sports,Football,2265.76,1,Yes,Inactive,UPI,2025-10-26,Mumbai,4.7
C01703,56,Female,Clothing,T-Shirt,3581.16,2,No,Inactive,Net Banking,2024-02-03,Kolkata,4.7
C00739,55,Female,Electronics,Smartphone,48316.25,1,Yes,Inactive,Debit Card,2025-04-13,Kolkata,3.5
C00390,34,Female,Beauty,Lipstick,1362.37,2,No,Inactive,Credit Card,2025-10-23,Bengaluru,4.2
C01330,65,Female,Clothing,Jacket,1694.69,1,Yes,Inactive,UPI,2024-12-04,Delhi,4.7
C01466,64,Male,Beauty,Face Cream,4893.76,1,Yes,Inactive,Net Banking,2025-10-06,Hyderabad,3.9
C01810,28,Female,Home & Kitchen,Lamp,10219.08,1,Yes,Inactive,Wallet,2024-10-07,Chennai,5.0
C00473,54,Male,Sports,Football,11267.85,2,No,Inactive,UPI,2024-01-30,Pune,4.3
C01402,31,Male,Beauty,Lipstick,3467.8,2,Yes,Inactive,UPI,2025-10-29,Pune,3.8
C00646,30,Male,Clothing,Jeans,1252.03,1,No,Inactive,UPI,2024-09-19,Ahmedabad,4.4
C01606,37,Female,Home & Kitchen,Bedsheet,7998.51,1,Yes,Inactive,UPI,2024-03-30,Bengaluru,4.1
C00809,65,Male,Home & Kitchen,Storage Box,7842.12,3,No,Inactive,Credit Card,2024-01-09,Pune,3.9
C01237,24,Female,Beauty,Shampoo,2760.83,3,No,Active,Net Banking,2024-04-20,Ahmedabad,4.1
C01373,58,Male,Home & Kitchen,Cookware,5179.65,1,No,Inactive,Credit Card,2024-05-16,Chennai,4.6
C00097,24,Male,Clothing,Dress,1281.66,3,No,Active,UPI,2025-02-03,Bengaluru,4.3
C00037,62,Male,Books,Comics,1084.15,2,No,Inactive,Credit Card,2025-04-30,Hyderabad,3.0
C01593,24,Female,Books,Self-Help,1834.38,1,No,Inactive,Credit Card,2025-08-31,Delhi,4.0
C00609,58,Female,Sports,Dumbbells,6035.29,3,No,Inactive,Net Banking,2024-07-12,Chandigarh,4.1
C00378,50,Other,Clothing,Jacket,2452.32,1,Yes,Inactive,Credit Card,2024-04-12,Delhi,4.4
C00150,27,Female,Clothing,Jeans,2434.37,1,Yes,Active,Credit Card,2025-05-26,Delhi,4.3
C00207,37,Male,Home & Kitchen,Lamp,6490.54,4,No,Inactive,UPI,2024-09-14,Mumbai,4.0
C01864,31,Female,Electronics,Laptop,15235.11,1,No,Inactive,UPI,2025-10-05,Jaipur,3.2
C01788,61,Female,Electronics,Smartphone,20189.23,3,No,Inactive,UPI,2024-03-10,Delhi,3.6
C01964,35,Female,Beauty,Skin Serum,530.5,3,No,Active,Credit Card,2025-10-18,Hyderabad,4.4
C00408,64,Male,Clothing,Jeans,2956.28,3,No,Active,UPI,2025-07-24,Bengaluru,3.3
C01292,65,Female,Clothing,Sneakers,2363.93,1,No,Inactive,Debit Card,2024-11-21,Chandigarh,4.8
C01342,21,Male,Books,Self-Help,1605.85,2,No,Inactive,Cash,2024-05-26,Pune,4.1
C00311,30,Male,Books,Business,1669.73,4,Yes,Inactive,Debit Card,2025-08-11,Jaipur,3.4
C00624,41,Male,Clothing,T-Shirt,3870.72,1,No,Active,Credit Card,2024-08-13,Kolkata,3.6
C01410,39,Male,Clothing,T-Shirt,1879.06,1,No,Inactive,Debit Card,2025-08-10,Bengaluru,4.5
C01964,29,Male,Sports,Football,6171.39,3,No,Inactive,UPI,2025-07-18,Mumbai,5.0
C00943,32,Male,Books,Fiction,1926.34,3,No,Active,Credit Card,2024-08-24,Ahmedabad,2.6
C00343,33,Male,Books,Business,1315.45,1,No,Inactive,Debit Card,2024-03-27,Bengaluru,2.9
C01699,51,Female,Clothing,Dress,4002.56,3,No,Active,UPI,2025-07-24,Mumbai,4.4
C00990,45,Male,Electronics,Laptop,72536.36,3,Yes,Active,UPI,2024-09-01,Hyderabad,3.9
C01278,32,Male,Electronics,Headphones,29122.65,3,Yes,Active,Credit Card,2024-05-07,Mumbai,4.0
C00930,26,Male,Books,Self-Help,1647.19,1,No,Inactive,Cash,2025-08-12,Chandigarh,4.3
C00726,60,Male,Electronics,Smartphone,89216.4,1,No,Inactive,UPI,2025-09-05,Pune,3.8
C00914,44,Other,Clothing,Sneakers,1502.37,2,No,Inactive,Debit Card,2024-10-31,Jaipur,4.3
C00368,28,Male,Home & Kitchen,Cookware,1796.27,1,No,Active,Debit Card,2024-06-29,Ahmedabad,2.9
C01199,47,Female,Beauty,Face Cream,3274.54,3,Yes,Active,Debit Card,2025-08-19,Jaipur,3.7
C00021,29,Other,Electronics,Speaker,67486.2,1,Yes,Inactive,Debit Card,2024-06-15,Pune,4.5
C00121,20,Male,Beauty,Face Cream,996.63,1,No,Active,Credit Card,2025-12-19,Ahmedabad,3.7
C01964,45,Female,Clothing,T-Shirt,607.51,3,Yes,Active,Credit Card,2025-05-15,Delhi,3.1
C01717,49,Male,Electronics,Smartphone,64273.41,1,No,Inactive,Net Banking,2024-02-22,Hyderabad,4.2
C00073,47,Male,Beauty,Shampoo,674.44,5,No,Active,UPI,2025-09-19,Kolkata,4.2
C01351,55,Female,Electronics,Headphones,3917.45,2,Yes,Active,Net Banking,2025-03-28,Delhi,3.5
C01123,26,Female,Clothing,Jeans,437.92,2,No,Active,Credit Card,2024-07-29,Pune,3.8
C00381,60,Female,Clothing,T-Shirt,516.04,1,Yes,Inactive,Debit Card,2024-02-28,Chennai,3.9
C01572,36,Female,Sports,Football,2686.57,3,No,Active,Cash,2025-04-08,Pune,4.1
C00887,60,Male,Clothing,Jeans,3252.2,1,No,Active,UPI,2025-10-23,Ahmedabad,4.0
C00617,29,Female,Clothing,T-Shirt,3235.74,1,No,Inactive,UPI,2024-11-26,Delhi,3.7
C00547,57,Male,Beauty,Face Cream,3870.04,1,No,Inactive,UPI,2025-12-01,Delhi,3.2
C01586,58,Female,Books,Comics,1488.0,2,Yes,Active,UPI,2024-05-08,Jaipur,4.2
C00280,25,Female,Sports,Cricket Bat,2574.47,1,No,Active,UPI,2024-12-24,Chandigarh,5.0
C01380,46,Male,Electronics,Headphones,62969.47,4,Yes,Inactive,Cash,2024-05-01,Chandigarh,4.8
C00795,53,Female,Books,Business,1904.76,1,No,Inactive,Cash,2024-04-13,Mumbai,3.2
C01465,31,Female,Books,Technology,1916.22,2,No,Active,UPI,2025-06-12,Ahmedabad,4.5
C00520,57,Female,Home & Kitchen,Bedsheet,14267.93,1,Yes,Inactive,Credit Card,2024-09-08,Mumbai,3.5
C01479,57,Other,Sports,Yoga Mat,8903.63,2,Yes,Inactive,UPI,2025-07-18,Hyderabad,3.4
C00276,53,Male,Electronics,Laptop,21386.22,2,No,Inactive,Debit Card,2025-06-02,Kolkata,4.3
C00363,60,Female,Home & Kitchen,Storage Box,1590.06,4,No,Active,Credit Card,2025-02-11,Chandigarh,3.8
C00652,32,Male,Clothing,Sneakers,4397.8,5,No,Inactive,UPI,2024-09-03,Pune,5.0
C01855,30,Male,Electronics,Smartphone,29502.66,3,No,Active,Net Banking,2024-10-08,Jaipur,4.2
C00057,35,Male,Electronics,Smartphone,10071.78,1,Yes,Active,Debit Card,2025-03-27,Ahmedabad,3.3
C00229,59,Male,Beauty,Shampoo,1763.58,1,No,Active,Credit Card,2025-05-20,Mumbai,3.0
C00248,57,Male,Books,Fiction,931.24,2,Yes,Inactive,Credit Card,2024-12-14,Mumbai,2.4
C01441,23,Female,Home & Kitchen,Lamp,1137.81,3,Yes,Inactive,Cash,2025-02-19,Pune,3.2
C00694,62,Male,Home & Kitchen,Bedsheet,6585.54,2,No,Inactive,Credit Card,2025-03-23,Pune,2.9
C01366,26,Female,Sports,Yoga Mat,8575.85,5,No,Active,Credit Card,2024-10-22,Kolkata,5.0
C00295,29,Male,Electronics,Speaker,37747.73,3,Yes,Active,Debit Card,2024-01-11,Mumbai,4.3
C01935,59,Other,Clothing,T-Shirt,1788.92,5,No,Active,UPI,2024-04-04,Kolkata,4.4
C00876,50,Male,Electronics,Smartwatch,56860.36,1,Yes,Active,UPI,2024-05-11,Hyderabad,3.6
C01195,61,Male,Home & Kitchen,Cookware,14288.9,2,Yes,Inactive,Wallet,2025-01-24,Bengaluru,2.8
C00904,34,Female,Home & Kitchen,Storage Box,3225.78,3,Yes,Inactive,Debit Card,2024-06-12,Jaipur,4.4
C01782,47,Male,Sports,Cricket Bat,6720.75,3,No,Inactive,Debit Card,2024-06-10,Chandigarh,5.0
C01434,20,Female,Electronics,Smartwatch,73928.09,2,No,Inactive,UPI,2025-10-13,Hyderabad,3.6
C01760,31,Female,Electronics,Headphones,76343.19,3,No,Inactive,UPI,2025-01-03,Jaipur,5.0
C00732,22,Male,Home & Kitchen,Cookware,13190.45,1,No,Inactive,UPI,2024-03-08,Mumbai,4.6
C01002,27,Male,Clothing,Sneakers,2288.5,1,Yes,Active,Credit Card,2024-02-08,Pune,3.8
C01648,58,Female,Beauty,Shampoo,4701.87,1,No,Inactive,UPI,2025-09-16,Pune,2.8
C01528,25,Female,Electronics,Speaker,13757.84,1,No,Active,UPI,2025-06-01,Chennai,4.1
C00587,29,Male,Beauty,Face Cream,4244.31,5,No,Inactive,Net Banking,2024-12-25,Kolkata,4.0
C01566,28,Female,Books,Self-Help,302.84,3,Yes,Inactive,UPI,2024-01-12,Bengaluru,4.6
C01124,36,Female,Books,Self-Help,309.66,1,No,Inactive,Credit Card,2024-11-12,Chandigarh,3.9
C01378,34,Female,Beauty,Lipstick,3078.0,3,Yes,Active,Wallet,2024-04-23,Pune,2.7
C00156,45,Female,Clothing,Jeans,1297.4,3,No,Inactive,Debit Card,2024-04-24,Bengaluru,3.7
C01322,57,Female,Clothing,T-Shirt,782.97,2,No,Active,UPI,2024-04-18,Bengaluru,3.5
C00455,54,Male,Beauty,Lipstick,2490.73,1,No,Inactive,Net Banking,2024-08-31,Hyderabad,5.0
C01597,43,Male,Clothing,Jeans,1570.05,2,No,Inactive,Credit Card,2025-12-18,Ahmedabad,4.3
C00512,23,Female,Beauty,Lipstick,4891.49,1,No,Inactive,Cash,2025-09-01,Pune,3.0
C01376,27,Female,Home & Kitchen,Cookware,2372.17,3,No,Inactive,Credit Card,2024-04-09,Delhi,4.1
C00467,40,Female,Home & Kitchen,Cookware,13100.67,2,No,Inactive,UPI,2024-08-07,Ahmedabad,5.0
C01819,27,Female,Beauty,Shampoo,1999.93,1,Yes,Active,Credit Card,2024-06-06,Ahmedabad,4.7
C01007,20,Male,Books,Comics,840.59,2,No,Inactive,UPI,2024-01-02,Kolkata,3.1
C01207,47,Female,Home & Kitchen,Bedsheet,10710.12,3,Yes,Inactive,Credit Card,2025-10-07,Bengaluru,4.1
C00197,55,Female,Electronics,Smartphone,48052.63,5,Yes,Inactive,UPI,2025-12-05,Chandigarh,4.0
C01717,58,Female,Books,Business,1364.97,1,No,Inactive,Wallet,2025-06-17,Chandigarh,2.6
C01961,50,Female,Clothing,Jacket,4009.86,2,No,Inactive,UPI,2025-07-06,Delhi,5.0
C00785,58,Male,Sports,Football,9878.41,1,No,Active,Credit Card,2024-10-13,Bengaluru,3.6
C01424,41,Other,Home & Kitchen,Bedsheet,778.19,3,No,Inactive,UPI,2025-02-20,Chennai,4.1
C01870,37,Male,Beauty,Shampoo,4389.88,2,No,Inactive,UPI,2025-12-20,Chennai,3.7
C00844,56,Male,Clothing,Jeans,4406.17,2,Yes,Active,UPI,2025-11-07,Chandigarh,3.9
C00615,40,Female,Beauty,Skin Serum,4355.31,1,No,Inactive,Debit Card,2025-09-15,Chandigarh,4.3
C00193,29,Male,Home & Kitchen,Bedsheet,11689.36,1,No,Inactive,Debit Card,2025-05-18,Jaipur,2.7
C01346,26,Female,Beauty,Skin Serum,2248.09,1,Yes,Inactive,Debit Card,2024-10-15,Chennai,5.0
C01851,56,Male,Beauty,Shampoo,806.51,3,No,Inactive,Credit Card,2024-11-28,Kolkata,4.3
C00682,46,Male,Electronics,Laptop,34591.57,2,Yes,Active,UPI,2025-09-17,Ahmedabad,3.5
C00118,39,Female,Home & Kitchen,Cookware,8628.03,2,No,Active,Cash,2025-05-12,Delhi,4.1
C01562,41,Male,Home & Kitchen,Coffee Maker,10654.66,4,No,Active,Cash,2024-08-04,Ahmedabad,3.0
C00928,50,Male,Clothing,T-Shirt,2430.53,3,No,Inactive,UPI,2025-07-01,Ahmedabad,3.6
C00509,20,Female,Beauty,Face Cream,4978.75,1,No,Active,Net Banking,2025-04-02,Chandigarh,4.8
C00734,41,Female,Clothing,Sneakers,3538.38,1,Yes,Inactive,Cash,2024-01-23,Kolkata,4.5
C00850,53,Female,Clothing,Sneakers,3639.75,2,No,Inactive,Debit Card,2025-06-24,Bengaluru,3.4
C01575,52,Male,Electronics,Laptop,83444.85,2,No,Inactive,Credit Card,2025-08-09,Ahmedabad,4.3
C00533,26,Male,Home & Kitchen,Bedsheet,14750.91,3,Yes,Inactive,Credit Card,2024-01-08,Chennai,3.9
C01216,32,Female,Electronics,Laptop,22114.86,1,No,Active,Net Banking,2024-10-16,Chandigarh,4.3
C01072,56,Male,Electronics,Laptop,44362.93,4,Yes,Active,Debit Card,2024-07-13,Kolkata,3.5
C01606,31,Female,Sports,Football,10060.07,1,No,Inactive,Debit Card,2024-11-02,Pune,
C00652,36,Male,Sports,Cricket Bat,3155.65,1,Yes,Inactive,UPI,2025-02-10,Ahmedabad,4.4
C01694,42,Male,Books,Business,1563.41,1,No,Inactive,UPI,2024-11-28,Ahmedabad,4.7
C01179,40,Male,Books,Comics,1470.15,1,Yes,Inactive,Cash,2024-08-19,Mumbai,4.7
C01358,58,Female,Clothing,Jeans,710.17,2,No,Inactive,Cash,2025-07-10,Hyderabad,3.5
C01576,28,Male,Clothing,T-Shirt,3015.33,1,Yes,Inactive,Credit Card,2024-12-01,Chennai,4.3
C01792,29,Other,Electronics,Smartphone,13396.41,1,No,Inactive,Net Banking,2025-02-10,Delhi,3.7
C01249,21,Female,Books,Comics,1859.84,2,No,Inactive,Credit Card,2025-02-27,Jaipur,4.1
C00935,51,Female,Clothing,Dress,4792.41,1,No,Inactive,UPI,2025-11-15,Chennai,3.9
C00071,23,Female,Home & Kitchen,Storage Box,11502.48,3,Yes,Inactive,Net Banking,2025-12-14,Ahmedabad,3.5
C00590,45,Female,Books,Fiction,1118.28,1,No,Active,UPI,2024-05-04,Chandigarh,3.5
C00196,39,Female,Clothing,Jeans,1681.26,2,Yes,Active,UPI,2024-05-22,Hyderabad,3.3
C00829,30,Female,Sports,Cricket Bat,11387.36,1,Yes,Active,UPI,2025-11-06,Pune,5.0
C00980,57,Male,Books,Self-Help,1918.99,1,Yes,Active,Net Banking,2024-07-21,Jaipur,2.3
C01339,41,Male,Sports,Yoga Mat,5622.56,1,No,Active,UPI,2025-07-28,Ahmedabad,4.3
C01675,38,Female,Beauty,Skin Serum,1644.49,2,Yes,Active,Wallet,2024-11-26,Chennai,4.3
C01118,62,Female,Clothing,Jacket,1040.2,3,No,Inactive,Credit Card,2024-09-19,Ahmedabad,2.9
C00956,20,Male,Books,Fiction,1816.05,5,Yes,Inactive,Cash,2025-05-18,Chandigarh,4.1
C00283,29,Female,Clothing,T-Shirt,4643.92,2,No,Active,UPI,2025-02-06,Bengaluru,4.2
C01208,33,Other,Home & Kitchen,Coffee Maker,10995.26,1,No,Inactive,Credit Card,2025-06-13,Chandigarh,4.5
C00856,58,Other,Clothing,Sneakers,3394.51,1,Yes,Inactive,Net Banking,2024-02-04,Delhi,4.2
C01231,33,Female,Sports,Yoga Mat,1735.74,4,No,Active,Debit Card,2024-09-20,Bengaluru,4.2
C01908,36,Female,Electronics,Smartwatch,18011.55,1,Yes,Inactive,Debit Card,2024-04-03,Kolkata,3.7
C00303,30,Male,Home & Kitchen,Storage Box,8524.45,1,Yes,Inactive,UPI,2025-02-20,Hyderabad,3.9
C01160,33,Female,Home & Kitchen,Storage Box,7481.94,1,No,Inactive,UPI,2024-09-08,Jaipur,3.9
C01252,38,Female,Home & Kitchen,Cookware,5019.09,3,No,Inactive,UPI,2025-11-10,Ahmedabad,5.0
C00296,60,Female,Electronics,Laptop,11834.45,3,No,Inactive,Wallet,2025-06-11,Chandigarh,4.2
C01998,60,Female,Clothing,Sneakers,3457.09,1,No,Inactive,Debit Card,2025-05-12,Delhi,4.9
C01336,27,Male,Sports,Football,5080.64,2,No,Inactive,Credit Card,2025-09-10,Bengaluru,3.6
C00649,53,Male,Clothing,T-Shirt,4440.31,1,No,Active,Net Banking,2025-01-05,Ahmedabad,2.4
C01648,36,Female,Clothing,Jacket,4080.93,2,Yes,Inactive,Credit Card,2024-12-10,Pune,3.4
C00161,65,Male,Clothing,Jacket,3746.84,1,Yes,Inactive,Debit Card,2024-05-18,Delhi,4.5
C00141,61,Male,Books,Comics,361.07,2,Yes,Inactive,Debit Card,2025-10-30,Chandigarh,4.9
C00726,54,Female,Electronics,Laptop,39399.61,4,Yes,Inactive,Wallet,2025-12-27,Chandigarh,4.3
C01855,34,Male,Home & Kitchen,Lamp,8242.69,1,Yes,Inactive,UPI,2025-05-16,Jaipur,3.3
C01020,48,Female,Sports,Yoga Mat,539.6,2,Yes,Inactive,Wallet,2025-12-08,Ahmedabad,4.7
C01723,61,Male,Electronics,Laptop,86174.66,4,No,Active,Debit Card,2024-02-10,Delhi,5.0
C00455,34,Male,Books,Comics,1496.64,1,No,Inactive,Credit Card,2024-01-20,Bengaluru,3.0
C00493,57,Female,Electronics,Smartphone,86259.76,1,No,Inactive,Credit Card,2024-02-20,Mumbai,3.6
C00096,27,Male,Home & Kitchen,Lamp,3094.94,2,No,Inactive,Debit Card,2024-07-01,Bengaluru,4.6
C00306,30,Male,Sports,Running Shoes,8943.09,1,Yes,Inactive,Credit Card,2025-08-06,Delhi,4.3
C01978,51,Male,Electronics,Smartwatch,21148.66,2,Yes,Active,UPI,2025-12-24,Delhi,3.4
C00970,30,Male,Electronics,Smartwatch,29700.14,2,No,Inactive,Net Banking,2025-12-16,Ahmedabad,
C00815,28,Female,Clothing,T-Shirt,4780.21,4,Yes,Active,Wallet,2024-08-21,Hyderabad,5.0
C00184,34,Male,Electronics,Smartwatch,75358.52,2,Yes,Inactive,Credit Card,2024-05-25,Jaipur,3.4
C00148,42,Female,Beauty,Face Cream,3143.97,2,Yes,Inactive,Credit Card,2024-02-10,Bengaluru,4.0
C01961,20,Male,Sports,Dumbbells,3599.86,1,No,Inactive,Debit Card,2025-02-18,Hyderabad,
C00907,33,Male,Electronics,Smartwatch,1463.97,1,No,Inactive,Debit Card,2024-07-27,Hyderabad,
C01686,40,Male,Sports,Yoga Mat,5940.27,2,Yes,Inactive,Credit Card,2024-03-26,Ahmedabad,4.5
C00616,54,Female,Books,Self-Help,936.75,1,No,Inactive,UPI,2025-12-09,Jaipur,3.9
C01204,59,Female,Clothing,T-Shirt,657.33,2,No,Active,Net Banking,2024-11-23,Delhi,4.9
C01806,22,Male,Beauty,Shampoo,3888.29,2,Yes,Inactive,Credit Card,2025-11-14,Ahmedabad,5.0
C01589,23,Male,Home & Kitchen,Coffee Maker,3257.8,3,No,Active,UPI,2024-11-23,Chandigarh,4.6
C00236,36,Female,Home & Kitchen,Storage Box,14960.27,4,No,Inactive,Credit Card,2025-09-13,Hyderabad,4.4
C00013,43,Female,Books,Self-Help,1078.59,4,No,Inactive,Credit Card,2024-08-26,Kolkata,3.5
C00054,47,Male,Electronics,Headphones,18647.9,4,No,Inactive,Credit Card,2025-06-07,Pune,3.6
C00031,26,Male,Beauty,Skin Serum,512.47,4,Yes,Active,Cash,2025-04-14,Mumbai,4.6
C00391,23,Female,Sports,Running Shoes,11641.96,1,Yes,Inactive,Credit Card,2024-07-07,Kolkata,3.6
C01525,39,Male,Beauty,Face Cream,639.68,4,Yes,Active,UPI,2024-09-15,Chandigarh,4.4
C01342,18,Female,Clothing,Jeans,2817.96,1,No,Inactive,Wallet,2025-10-27,Jaipur,3.7
C00606,52,Male,Sports,Cricket Bat,6323.44,1,Yes,Active,UPI,2025-11-26,Hyderabad,3.5
C01370,46,Female,Sports,Cricket Bat,9763.88,2,Yes,Active,Debit Card,2024-06-28,Mumbai,5.0
C01564,21,Female,Electronics,Smartwatch,63001.09,3,Yes,Active,UPI,2025-03-06,Ahmedabad,4.0
C00254,64,Female,Books,Fiction,1842.72,1,Yes,Inactive,Net Banking,2025-05-29,Bengaluru,3.6
C01594,48,Male,Beauty,Skin Serum,4647.24,1,No,Inactive,Wallet,2024-12-03,Hyderabad,4.0
C01961,30,Male,Books,Technology,1012.11,1,Yes,Active,UPI,2025-09-10,Delhi,3.2
C01206,56,Female,Home & Kitchen,Cookware,6037.05,4,No,Inactive,Credit Card,2025-11-04,Hyderabad,3.5
C00767,41,Female,Sports,Running Shoes,8544.37,4,No,Active,Cash,2024-05-09,Jaipur,4.0
C00550,53,Female,Electronics,Smartphone,35494.72,2,Yes,Inactive,UPI,2024-03-15,Jaipur,3.8
C00682,65,Male,Sports,Cricket Bat,11955.87,2,Yes,Inactive,Net Banking,2024-06-10,Bengaluru,5.0
C01723,30,Female,Clothing,Jeans,1187.61,1,No,Inactive,Credit Card,2024-12-26,Mumbai,4.4
C00001,49,Male,Electronics,Speaker,2235.65,4,No,Inactive,Debit Card,2025-11-19,Pune,4.1
C01557,48,Male,Clothing,T-Shirt,2284.91,2,No,Inactive,Debit Card,2025-12-08,Pune,4.7
C01017,49,Female,Clothing,Sneakers,4703.26,2,No,Inactive,UPI,2025-07-16,Chennai,3.3
C01334,28,Female,Home & Kitchen,Lamp,7389.28,1,Yes,Inactive,UPI,2024-03-29,Mumbai,4.1
C01740,27,Female,Home & Kitchen,Coffee Maker,13768.46,1,No,Inactive,Net Banking,2024-04-24,Jaipur,3.4
C01505,61,Male,Clothing,Jacket,3343.0,1,Yes,Inactive,Net Banking,2025-09-25,Ahmedabad,4.3
C01016,40,Female,Electronics,Smartphone,89463.07,1,Yes,Inactive,Credit Card,2025-11-01,Jaipur,3.3
C01998,22,Male,Electronics,Smartphone,50000.52,2,No,Inactive,Credit Card,2025-06-15,Delhi,4.2
C00957,46,Female,Sports,Running Shoes,9190.45,1,No,Active,UPI,2024-11-20,Pune,3.8
C01857,29,Female,Beauty,Lipstick,320.61,5,No,Inactive,UPI,2024-10-19,Mumbai,3.7
C00516,52,Male,Home & Kitchen,Bedsheet,3639.4,1,No,Inactive,Credit Card,2024-08-23,Pune,3.2
C01917,32,Male,Clothing,Sneakers,2479.39,1,No,Active,Credit Card,2025-02-25,Chennai,4.2
C01598,42,Male,Electronics,Speaker,72347.2,3,No,Inactive,Debit Card,2025-02-24,Bengaluru,4.0
C01262,42,Female,Sports,Football,10098.64,1,No,Active,Credit Card,2025-04-13,Delhi,3.3
C01893,51,Female,Clothing,Dress,2918.09,1,No,Inactive,Cash,2024-07-08,Bengaluru,2.4
C00383,29,Male,Sports,Running Shoes,6891.14,1,No,Inactive,Credit Card,2025-03-14,Bengaluru,4.2
C01593,43,Male,Clothing,Sneakers,2890.63,2,No,Inactive,Cash,2024-06-17,Ahmedabad,3.8
C01915,42,Female,Clothing,Jeans,2819.67,2,No,Inactive,Debit Card,2025-06-28,Mumbai,3.3
C01307,63,Male,Beauty,Face Cream,664.89,3,No,Active,UPI,2025-03-02,Ahmedabad,3.8
C01716,54,Male,Beauty,Perfume,4022.82,3,No,Inactive,UPI,2025-12-13,Mumbai,4.5
C01114,44,Male,Electronics,Speaker,55018.59,2,No,Inactive,Credit Card,2024-05-23,Bengaluru,
C01615,20,Female,Books,Fiction,418.23,1,No,Active,UPI,2025-11-11,Pune,4.6
C01327,25,Female,Home & Kitchen,Cookware,10691.44,1,No,Inactive,UPI,2025-02-04,Hyderabad,3.5
C01670,61,Male,Sports,Football,5601.54,1,No,Inactive,Debit Card,2024-01-24,Kolkata,4.2
C00364,63,Male,Electronics,Speaker,68671.61,1,Yes,Active,Net Banking,2025-10-30,Ahmedabad,3.5
C01979,19,Female,Clothing,Jeans,4558.66,2,Yes,Inactive,UPI,2024-11-11,Delhi,3.8
C00814,60,Male,Home & Kitchen,Storage Box,4956.89,3,No,Inactive,UPI,2025-01-16,Hyderabad,4.1
C00149,45,Male,Books,Comics,1809.9,1,No,Active,UPI,2025-07-10,Pune,3.8
C00429,57,Male,Clothing,Sneakers,3790.8,2,No,Inactive,Credit Card,2024-12-12,Ahmedabad,3.6
C00865,48,Male,Home & Kitchen,Cookware,12129.51,1,Yes,Inactive,UPI,2024-09-06,Bengaluru,3.4
C01487,53,Male,Beauty,Perfume,4447.23,2,No,Inactive,UPI,2024-06-10,Pune,2.4
C01607,24,Female,Electronics,Speaker,31346.41,1,No,Active,Debit Card,2025-06-09,Bengaluru,4.0
C00984,45,Female,Sports,Cricket Bat,10395.52,3,No,Active,Cash,2024-10-24,Ahmedabad,4.6
C00582,32,Other,Beauty,Face Cream,1787.8,3,No,Inactive,UPI,2024-07-10,Jaipur,3.5
C01312,51,Male,Sports,Running Shoes,1694.67,1,No,Inactive,UPI,2025-01-17,Chandigarh,4.4
C00913,61,Male,Home & Kitchen,Lamp,10940.84,4,No,Inactive,Debit Card,2024-01-24,Hyderabad,3.6
C00512,19,Male,Books,Business,732.92,1,Yes,Inactive,UPI,2024-04-04,Mumbai,4.5
C01936,26,Female,Beauty,Skin Serum,291.11,1,Yes,Inactive,Net Banking,2024-08-15,Chennai,3.9
C01388,33,Male,Electronics,Smartwatch,89432.44,1,No,Inactive,Credit Card,2025-02-11,Chennai,4.5
C01680,25,Male,Clothing,Dress,3735.8,3,No,Inactive,UPI,2024-04-15,Ahmedabad,4.8
C00525,61,Female,Books,Fiction,1719.7,1,Yes,Inactive,Cash,2025-05-24,Mumbai,4.8
C00778,40,Male,Clothing,Jeans,4194.66,4,No,Inactive,Debit Card,2024-03-26,Kolkata,4.0
C00881,27,Male,Clothing,Dress,920.46,2,Yes,Inactive,UPI,2025-01-20,Pune,4.1
C00369,26,Male,Books,Technology,1765.85,2,No,Inactive,Debit Card,2024-02-28,Mumbai,4.2
C00985,56,Male,Home & Kitchen,Coffee Maker,5158.65,1,No,Inactive,UPI,2025-06-14,Chandigarh,3.6
C00439,37,Female,Sports,Running Shoes,6411.77,3,No,Active,UPI,2024-04-28,Chandigarh,3.5
C00308,65,Male,Clothing,Dress,889.87,3,Yes,Active,UPI,2025-01-06,Kolkata,3.6
C01310,36,Male,Home & Kitchen,Lamp,5149.76,1,Yes,Active,UPI,2025-01-29,Mumbai,3.6
C01462,43,Male,Sports,Running Shoes,4392.12,1,No,Active,UPI,2025-07-03,Delhi,4.8
C00606,55,Female,Electronics,Smartphone,22069.08,4,Yes,Inactive,Net Banking,2024-08-24,Pune,
C00324,40,Other,Beauty,Perfume,2984.69,2,Yes,Inactive,UPI,2024-07-19,Delhi,4.5
C00808,41,Female,Electronics,Smartwatch,84998.99,3,No,Inactive,Wallet,2025-11-13,Kolkata,4.4
C01329,27,Female,Home & Kitchen,Lamp,8578.18,1,No,Active,Wallet,2025-08-06,Kolkata,4.1
C01311,59,Male,Clothing,Sneakers,1928.43,2,No,Active,Credit Card,2024-12-10,Jaipur,2.2
C00763,59,Female,Electronics,Laptop,5926.02,1,No,Inactive,Debit Card,2024-10-26,Hyderabad,3.4
C00714,61,Male,Beauty,Shampoo,208.9,2,No,Inactive,UPI,2024-10-06,Bengaluru,3.3
C00608,49,Female,Clothing,Dress,2725.71,2,Yes,Inactive,UPI,2025-03-04,Mumbai,3.1
C00216,56,Other,Electronics,Smartwatch,11346.18,3,No,Active,UPI,2025-09-25,Hyderabad,5.0
C01896,37,Female,Beauty,Lipstick,3862.4,3,Yes,Inactive,Cash,2025-02-03,Jaipur,4.2
C00947,38,Male,Books,Fiction,1528.41,4,No,Inactive,Credit Card,2024-06-20,Chennai,4.3
C00572,19,Male,Sports,Football,2988.92,5,No,Inactive,Credit Card,2025-03-04,Chandigarh,4.4
C01494,27,Female,Home & Kitchen,Bedsheet,7579.98,1,No,Inactive,Debit Card,2025-06-09,Bengaluru,3.9
C01372,62,Female,Sports,Dumbbells,3983.0,1,No,Inactive,UPI,2024-09-04,Mumbai,4.9
C00906,36,Female,Home & Kitchen,Lamp,5692.97,2,No,Inactive,Debit Card,2025-01-30,Bengaluru,3.1
C01528,49,Female,Books,Self-Help,1656.15,1,Yes,Active,Credit Card,2024-04-05,Chandigarh,4.4
C00785,22,Male,Home & Kitchen,Bedsheet,2953.88,4,No,Active,UPI,2025-10-14,Pune,4.4
C00679,48,Female,Home & Kitchen,Bedsheet,1084.48,3,Yes,Inactive,Debit Card,2025-01-06,Ahmedabad,3.9
C01703,26,Female,Electronics,Smartwatch,37050.35,2,No,Inactive,Debit Card,2025-05-21,Kolkata,3.0
C01352,39,Female,Home & Kitchen,Storage Box,14344.06,2,Yes,Inactive,Cash,2024-07-08,Mumbai,4.0
C00227,62,Female,Clothing,Jacket,2902.41,2,Yes,Active,Cash,2025-08-22,Chandigarh,3.1
C01665,23,Male,Sports,Football,11847.18,2,Yes,Inactive,Debit Card,2024-03-25,Jaipur,3.9
C00530,33,Female,Clothing,Sneakers,1356.4,2,No,Active,Debit Card,2024-04-22,Jaipur,3.9
C01566,50,Other,Sports,Running Shoes,4792.0,1,No,Inactive,Wallet,2024-03-24,Hyderabad,3.7
C00177,43,Female,Electronics,Smartwatch,41519.06,2,Yes,Active,Credit Card,2025-12-03,Delhi,3.2
C00711,60,Male,Clothing,Dress,3569.34,4,Yes,Active,UPI,2025-05-10,Hyderabad,5.0
C00863,59,Male,Electronics,Laptop,6323.29,5,No,Active,Debit Card,2024-04-30,Chennai,4.7
C01182,47,Female,Clothing,T-Shirt,1290.21,1,Yes,Inactive,Credit Card,2025-07-03,Delhi,3.0
C01642,58,Male,Home & Kitchen,Lamp,3471.23,2,No,Active,Cash,2024-12-04,Chennai,3.2
C01185,60,Male,Home & Kitchen,Lamp,2705.56,3,No,Active,UPI,2025-05-06,Ahmedabad,3.0
C00391,53,Male,Home & Kitchen,Lamp,3996.31,2,No,Inactive,Debit Card,2024-09-07,Mumbai,3.5
C00661,21,Female,Home & Kitchen,Cookware,9529.38,1,Yes,Active,UPI,2024-12-27,Kolkata,4.2
C01433,22,Male,Clothing,Jacket,4505.03,2,No,Active,Credit Card,2025-04-16,Jaipur,5.0
C01693,56,Male,Home & Kitchen,Bedsheet,14644.9,3,No,Active,Debit Card,2024-03-03,Delhi,4.4
C01515,36,Female,Electronics,Smartwatch,45079.84,1,No,Active,Debit Card,2024-08-21,Kolkata,3.4
C00470,26,Male,Sports,Yoga Mat,5023.93,1,Yes,Active,UPI,2024-03-14,Hyderabad,3.8
C01587,33,Male,Beauty,Face Cream,1322.03,1,Yes,Active,Credit Card,2025-07-06,Ahmedabad,4.1
C00534,43,Female,Home & Kitchen,Coffee Maker,5266.07,2,No,Active,Debit Card,2024-08-24,Jaipur,3.8
C01677,49,Male,Beauty,Skin Serum,2376.05,1,No,Inactive,UPI,2025-08-04,Chennai,4.3
C01463,54,Female,Home & Kitchen,Coffee Maker,4371.29,3,No,Inactive,UPI,2025-08-16,Ahmedabad,4.6
C00598,31,Male,Home & Kitchen,Coffee Maker,564.88,1,Yes,Inactive,Net Banking,2024-05-12,Chennai,3.8
C01746,22,Female,Beauty,Skin Serum,373.71,2,No,Active,UPI,2025-12-28,Jaipur,4.2
C01554,36,Male,Sports,Running Shoes,8360.26,1,No,Active,Credit Card,2024-03-27,Pune,4.1
C00974,41,Female,Clothing,Jeans,3855.41,2,Yes,Active,Net Banking,2025-12-24,Pune,4.8
C01252,21,Female,Electronics,Speaker,81480.84,5,No,Active,UPI,2025-12-04,Mumbai,3.6
C01563,23,Female,Books,Fiction,1693.24,2,No,Active,Wallet,2024-09-23,Jaipur,4.6
C01871,43,Male,Clothing,Dress,1668.65,4,Yes,Active,Debit Card,2025-09-09,Kolkata,4.0
C01996,20,Female,Sports,Football,9299.82,1,No,Inactive,Credit Card,2024-03-08,Mumbai,3.2
C00109,40,Male,Clothing,T-Shirt,2749.35,3,Yes,Inactive,UPI,2024-12-19,Ahmedabad,4.0
C00379,35,Female,Electronics,Speaker,52999.97,1,No,Inactive,Credit Card,2025-12-30,Pune,4.8
C00253,65,Female,Electronics,Smartwatch,17924.56,1,No,Inactive,Credit Card,2024-12-01,Pune,3.6
C00341,32,Female,Electronics,Laptop,16330.27,2,Yes,Active,Cash,2025-05-18,Ahmedabad,4.0
C00442,63,Female,Electronics,Smartphone,64721.65,2,Yes,Inactive,Cash,2025-04-06,Mumbai,5.0
C01649,41,Female,Clothing,Jacket,3246.32,1,Yes,Inactive,UPI,2025-01-24,Delhi,4.8
C01844,56,Male,Electronics,Speaker,68626.46,2,No,Inactive,Net Banking,2024-04-27,Ahmedabad,3.7
C00133,49,Female,Clothing,Dress,310.44,1,No,Inactive,Credit Card,2024-12-21,Ahmedabad,3.9
C01931,36,Male,Clothing,T-Shirt,1032.66,2,No,Active,Debit Card,2024-12-28,Jaipur,3.7
C01214,29,Female,Home & Kitchen,Coffee Maker,14781.37,1,No,Inactive,UPI,2024-03-31,Jaipur,3.9
C01538,45,Male,Beauty,Perfume,3756.94,1,No,Inactive,UPI,2025-07-21,Mumbai,3.6
C01909,19,Male,Home & Kitchen,Bedsheet,5554.48,3,Yes,Active,UPI,2025-06-09,Bengaluru,4.5
C00508,65,Male,Sports,Football,8251.89,2,Yes,Inactive,Debit Card,2025-08-06,Kolkata,2.7
C01401,19,Other,Sports,Cricket Bat,5363.34,3,No,Inactive,Debit Card,2025-09-16,Pune,2.8
C00609,46,Male,Beauty,Perfume,706.54,1,No,Inactive,Credit Card,2024-08-08,Kolkata,4.1
C01547,44,Female,Clothing,Jeans,1416.73,2,No,Inactive,Credit Card,2024-06-19,Bengaluru,4.7
C00194,30,Other,Beauty,Shampoo,4903.71,1,No,Active,Debit Card,2025-12-27,Ahmedabad,3.0
C01936,32,Female,Clothing,Sneakers,3539.62,1,Yes,Inactive,Cash,2024-01-04,Chandigarh,3.5
C00043,62,Male,Beauty,Skin Serum,3709.84,1,Yes,Active,Debit Card,2025-10-26,Ahmedabad,3.2
C00153,63,Female,Beauty,Face Cream,2301.34,1,No,Inactive,Cash,2024-10-22,Chennai,5.0
C00296,52,Male,Beauty,Skin Serum,2068.27,1,No,Inactive,UPI,2025-03-05,Ahmedabad,3.6
C00684,31,Female,Beauty,Lipstick,3054.17,2,Yes,Inactive,Credit Card,2025-02-14,Ahmedabad,3.6
C00438,35,Female,Clothing,Sneakers,945.42,1,No,Inactive,Debit Card,2025-06-12,Mumbai,3.9
C00376,48,Male,Beauty,Skin Serum,4334.0,1,No,Active,Debit Card,2025-05-30,Pune,3.9
C01745,46,Male,Electronics,Speaker,20399.55,4,No,Inactive,UPI,2025-03-12,Chennai,3.0
C01199,37,Female,Electronics,Speaker,25741.3,2,No,Active,Cash,2025-06-28,Kolkata,4.8
C00636,48,Female,Clothing,Jacket,796.11,3,No,Inactive,Wallet,2025-05-27,Jaipur,3.5
C00443,64,Male,Sports,Football,4269.43,2,No,Inactive,Cash,2024-10-06,Pune,4.3
C00945,40,Male,Books,Comics,914.4,3,No,Inactive,Credit Card,2025-06-06,Pune,3.6
C00057,43,Female,Clothing,Dress,3510.14,1,No,Inactive,Debit Card,2024-08-01,Ahmedabad,3.1
C01963,62,Female,Clothing,Jacket,4804.32,1,No,Inactive,UPI,2025-08-28,Kolkata,4.2
C01334,38,Male,Electronics,Headphones,70937.61,4,Yes,Active,UPI,2024-03-14,Delhi,3.7
C01297,23,Female,Clothing,Sneakers,1503.91,3,No,Inactive,UPI,2025-03-31,Bengaluru,3.8
C01084,43,Male,Clothing,Sneakers,4047.71,2,Yes,Active,Wallet,2025-12-29,Chennai,4.0
C01574,25,Female,Electronics,Smartwatch,20463.24,2,Yes,Inactive,UPI,2024-02-07,Hyderabad,3.4
C01973,39,Female,Electronics,Speaker,24443.18,1,No,Active,Wallet,2024-03-21,Ahmedabad,3.7
C00147,64,Female,Clothing,Sneakers,1345.93,2,No,Inactive,Credit Card,2025-02-10,Ahmedabad,3.7
C00793,26,Female,Home & Kitchen,Bedsheet,10398.97,3,Yes,Active,Debit Card,2025-04-18,Delhi,4.0
C00661,24,Female,Clothing,Dress,1666.64,1,No,Inactive,UPI,2025-04-25,Bengaluru,5.0
C01786,51,Female,Clothing,Dress,3704.28,1,Yes,Inactive,Net Banking,2025-10-05,Kolkata,4.0
C00913,24,Male,Sports,Football,8561.83,1,Yes,Inactive,UPI,2024-05-12,Mumbai,3.5
C01539,42,Female,Beauty,Skin Serum,2866.34,2,Yes,Inactive,Debit Card,2025-05-20,Delhi,4.0
C01794,53,Female,Books,Self-Help,304.88,1,No,Active,UPI,2025-02-20,Hyderabad,3.8
C01761,57,Female,Beauty,Face Cream,2937.99,2,Yes,Inactive,Debit Card,2025-12-28,Chandigarh,5.0
C01779,26,Male,Clothing,Dress,2422.36,2,No,Inactive,Debit Card,2025-09-25,Mumbai,4.9
C00459,27,Female,Clothing,T-Shirt,3624.88,1,Yes,Active,Debit Card,2024-09-18,Chennai,4.0
C01330,33,Male,Sports,Cricket Bat,5774.36,3,Yes,Inactive,UPI,2024-06-16,Chandigarh,3.6
C00130,46,Male,Electronics,Headphones,70905.32,3,No,Inactive,Credit Card,2024-01-17,Mumbai,3.5
C00903,36,Other,Home & Kitchen,Coffee Maker,3459.85,1,No,Inactive,Debit Card,2025-07-08,Bengaluru,3.6
C00225,46,Male,Clothing,Dress,1615.5,2,Yes,Inactive,Credit Card,2024-01-05,Kolkata,2.9
C01672,51,Other,Sports,Dumbbells,3934.49,2,No,Inactive,Cash,2024-12-08,Ahmedabad,4.9
C00374,25,Female,Sports,Cricket Bat,7295.71,1,No,Active,UPI,2024-01-24,Jaipur,4.2
C01698,60,Female,Clothing,T-Shirt,1300.63,1,No,Inactive,UPI,2024-06-28,Chandigarh,2.8
C01888,25,Male,Clothing,Jeans,1067.0,1,Yes,Active,UPI,2025-03-03,Bengaluru,4.1
C00915,44,Male,Clothing,Jeans,1700.8,1,No,Active,UPI,2025-11-19,Kolkata,3.9
C01711,22,Female,Electronics,Smartphone,5048.79,2,No,Inactive,UPI,2025-12-01,Chennai,3.5
C01026,63,Female,Electronics,Laptop,5328.03,4,No,Active,UPI,2024-08-24,Mumbai,5.0
C01360,39,Female,Electronics,Headphones,63082.89,2,No,Active,Debit Card,2025-07-17,Ahmedabad,4.8
C00884,63,Male,Home & Kitchen,Lamp,6940.12,5,No,Active,Credit Card,2025-10-27,Hyderabad,4.5
C00600,31,Female,Books,Technology,1708.41,2,Yes,Active,Debit Card,2025-04-09,Mumbai,3.8
C00419,58,Female,Home & Kitchen,Bedsheet,9503.41,1,Yes,Inactive,Debit Card,2025-01-24,Ahmedabad,4.4
C01105,18,Male,Clothing,Jeans,869.3,1,No,Inactive,Net Banking,2024-01-31,Chennai,4.3
C01317,34,Male,Electronics,Laptop,68718.93,2,Yes,Inactive,Net Banking,2024-12-29,Delhi,4.6
C00643,25,Other,Sports,Football,3329.0,2,No,Inactive,Net Banking,2024-10-04,Chandigarh,3.9
C00144,26,Male,Electronics,Laptop,80468.83,1,Yes,Inactive,Credit Card,2025-11-21,Mumbai,4.1
C01007,50,Male,Electronics,Smartphone,54874.26,4,No,Inactive,UPI,2024-09-02,Chennai,3.4
C00025,56,Male,Books,Fiction,336.69,2,No,Inactive,UPI,2024-11-19,Mumbai,4.4
C00268,18,Female,Clothing,T-Shirt,4522.76,1,No,Active,Wallet,2024-05-24,Chennai,4.6
C00461,40,Female,Electronics,Smartphone,71505.82,2,No,Inactive,Debit Card,2025-12-23,Bengaluru,4.2
C00125,29,Male,Electronics,Speaker,56937.2,1,Yes,Inactive,Debit Card,2024-03-18,Jaipur,3.9
C00968,30,Female,Clothing,Sneakers,3862.37,5,Yes,Active,Net Banking,2024-08-16,Delhi,4.2
C00721,18,Male,Beauty,Shampoo,2370.24,2,No,Active,UPI,2024-09-04,Mumbai,3.2
C01608,22,Male,Home & Kitchen,Coffee Maker,11496.79,2,No,Active,Cash,2025-04-22,Pune,3.7
C00385,42,Female,Books,Comics,1085.51,1,No,Active,UPI,2024-11-14,Mumbai,4.1
C01530,36,Male,Beauty,Shampoo,2645.95,1,Yes,Active,Net Banking,2025-09-26,Jaipur,4.3
C01802,24,Male,Sports,Football,7905.03,3,No,Inactive,Credit Card,2025-10-02,Bengaluru,3.8
C01118,48,Female,Books,Fiction,688.37,3,Yes,Inactive,Debit Card,2024-12-12,Jaipur,3.9
C00022,47,Male,Home & Kitchen,Bedsheet,9194.73,1,Yes,Inactive,UPI,2024-08-27,Bengaluru,3.8
C00722,29,Male,Clothing,Dress,3326.94,3,No,Active,Wallet,2025-07-11,Mumbai,3.3
C00975,39,Female,Clothing,T-Shirt,1153.63,1,No,Inactive,Net Banking,2024-10-27,Delhi,3.8
C00101,29,Female,Clothing,Sneakers,2829.7,1,No,Inactive,Debit Card,2025-03-06,Hyderabad,5.0
C01179,40,Female,Books,Self-Help,887.19,5,No,Inactive,Wallet,2024-04-20,Pune,5.0
C01019,64,Female,Home & Kitchen,Coffee Maker,14497.51,4,No,Inactive,Net Banking,2024-02-25,Pune,5.0
C00969,50,Male,Electronics,Laptop,70160.78,2,Yes,Inactive,Wallet,2025-05-20,Chandigarh,4.2
C00793,51,Female,Clothing,Dress,2489.26,2,No,Inactive,Credit Card,2024-11-18,Chandigarh,5.0
C01913,46,Female,Clothing,Jeans,556.25,1,No,Inactive,UPI,2024-11-21,Mumbai,4.2
C00897,51,Female,Books,Fiction,1559.07,1,Yes,Inactive,Credit Card,2025-07-27,Kolkata,4.8
C00296,41,Male,Electronics,Smartphone,20077.56,4,Yes,Active,UPI,2025-01-08,Bengaluru,4.0
C01696,43,Male,Clothing,Jeans,985.91,3,No,Inactive,Cash,2024-07-04,Chandigarh,5.0
C00867,51,Female,Beauty,Skin Serum,447.44,4,No,Inactive,Wallet,2024-12-20,Bengaluru,4.1
C01049,38,Female,Clothing,Sneakers,332.54,3,No,Inactive,Credit Card,2024-11-03,Chennai,3.6
C01773,58,Female,Clothing,Sneakers,2808.57,2,No,Active,Credit Card,2024-08-07,Kolkata,2.7
C01906,64,Male,Electronics,Laptop,56781.15,1,No,Active,UPI,2024-01-28,Delhi,3.7
C00943,40,Female,Books,Self-Help,272.79,4,Yes,Inactive,Credit Card,2025-02-19,Kolkata,3.1
C01319,53,Male,Clothing,Sneakers,2465.88,1,No,Inactive,Credit Card,2025-01-31,Pune,4.0
C01519,28,Male,Books,Technology,899.94,2,No,Active,Debit Card,2024-11-26,Delhi,2.4
C00046,31,Male,Books,Fiction,546.89,1,No,Inactive,Net Banking,2024-01-07,Jaipur,3.8
C01038,27,Female,Home & Kitchen,Storage Box,10640.66,1,No,Inactive,UPI,2024-07-27,Mumbai,4.2
C01914,25,Female,Beauty,Lipstick,1703.17,5,No,Inactive,UPI,2024-02-09,Chandigarh,4.5
C01049,55,Male,Sports,Running Shoes,6523.05,1,No,Active,UPI,2024-08-12,Delhi,2.8
C01953,36,Female,Electronics,Laptop,6371.54,2,Yes,Active,Credit Card,2025-06-21,Hyderabad,3.3
C01628,58,Female,Books,Fiction,583.98,3,No,Inactive,Debit Card,2025-06-30,Delhi,3.7
C00056,29,Male,Home & Kitchen,Coffee Maker,6206.98,4,Yes,Active,Debit Card,2024-03-16,Bengaluru,4.2
C01830,31,Female,Home & Kitchen,Lamp,4562.04,3,No,Inactive,Net Banking,2025-02-22,Kolkata,5.0
C00523,31,Female,Clothing,Jeans,4480.14,1,Yes,Active,Net Banking,2024-09-27,Bengaluru,
C00166,42,Female,Beauty,Lipstick,1015.3,4,Yes,Inactive,UPI,2025-05-05,Jaipur,3.9
C00436,35,Male,Electronics,Speaker,61159.61,1,No,Inactive,Cash,2025-03-01,Delhi,4.8
C00566,21,Male,Clothing,Sneakers,3989.85,3,No,Inactive,UPI,2025-03-11,Chandigarh,3.2
C01491,30,Female,Home & Kitchen,Storage Box,11990.02,5,No,Inactive,Debit Card,2024-05-28,Mumbai,4.4
C00059,49,Male,Electronics,Headphones,59872.42,1,Yes,Inactive,Credit Card,2025-01-29,Chennai,3.7
C00957,55,Male,Home & Kitchen,Bedsheet,9929.86,1,No,Inactive,Cash,2024-03-11,Jaipur,4.1
C01509,57,Female,Home & Kitchen,Lamp,10088.63,1,Yes,Active,Wallet,2024-03-17,Bengaluru,3.2
C00649,60,Male,Sports,Running Shoes,1584.03,2,Yes,Inactive,Wallet,2024-12-12,Pune,2.9
C01835,20,Female,Beauty,Perfume,3104.21,2,Yes,Inactive,UPI,2024-04-22,Hyderabad,3.7
C00565,38,Male,Electronics,Smartwatch,2382.3,5,Yes,Active,Net Banking,2025-10-03,Bengaluru,4.3
C00692,18,Female,Sports,Running Shoes,928.36,2,Yes,Inactive,Debit Card,2025-03-02,Pune,4.6
C01856,29,Male,Clothing,Sneakers,2809.47,1,Yes,Active,Credit Card,2024-06-12,Hyderabad,4.8
C00616,25,Male,Sports,Football,10171.89,1,No,Inactive,Wallet,2024-05-12,Mumbai,4.0
C00081,49,Female,Clothing,Jeans,4855.07,2,Yes,Inactive,UPI,2025-04-14,Mumbai,4.0
C01775,49,Other,Books,Fiction,1992.83,3,No,Inactive,Debit Card,2025-12-21,Bengaluru,3.3
C00263,47,Male,Electronics,Headphones,48807.83,1,No,Inactive,UPI,2025-05-22,Mumbai,4.4
C00879,22,Male,Clothing,Jacket,2844.25,2,Yes,Inactive,Net Banking,2025-10-21,Mumbai,4.2
C01701,54,Male,Clothing,Jeans,2215.48,3,No,Inactive,UPI,2024-03-14,Chennai,3.4
C01083,64,Male,Sports,Cricket Bat,627.42,1,Yes,Inactive,Credit Card,2025-02-07,Jaipur,3.4
C01897,42,Female,Clothing,Jeans,3375.82,1,No,Inactive,Net Banking,2024-01-17,Kolkata,3.4
C00715,37,Male,Electronics,Speaker,45064.07,2,No,Active,Debit Card,2024-04-25,Ahmedabad,3.3
C01210,26,Male,Clothing,Jeans,4918.11,3,No,Active,Wallet,2025-02-01,Mumbai,3.6
C01687,62,Female,Books,Fiction,707.22,1,No,Active,Debit Card,2024-10-07,Chandigarh,5.0
C00889,45,Female,Clothing,Jeans,4571.46,1,Yes,Active,Credit Card,2025-04-02,Pune,4.5
C01699,26,Female,Electronics,Headphones,34758.2,4,No,Inactive,Wallet,2024-12-15,Delhi,3.8
C00103,28,Male,Sports,Yoga Mat,10783.76,1,Yes,Active,Debit Card,2025-08-21,Mumbai,4.3
C01156,37,Male,Books,Technology,633.28,2,No,Inactive,Debit Card,2025-04-28,Hyderabad,3.8
C01170,56,Male,Beauty,Perfume,414.72,1,No,Active,UPI,2025-04-23,Delhi,4.7
C00732,32,Male,Sports,Yoga Mat,6639.01,1,No,Active,Net Banking,2024-02-28,Ahmedabad,3.3
C01982,56,Female,Electronics,Smartwatch,59596.06,3,Yes,Inactive,Credit Card,2025-07-19,Kolkata,4.6
C01261,55,Female,Books,Self-Help,1972.67,1,Yes,Inactive,Credit Card,2025-02-08,Hyderabad,4.2
C01216,43,Female,Electronics,Headphones,85005.46,2,No,Active,Debit Card,2024-04-26,Bengaluru,4.6
C00670,58,Other,Books,Fiction,685.43,1,No,Active,Debit Card,2025-06-21,Pune,5.0
C00302,54,Male,Sports,Yoga Mat,9710.39,1,No,Active,Credit Card,2025-07-22,Chandigarh,4.5
C00682,61,Male,Beauty,Shampoo,1173.07,1,Yes,Inactive,Wallet,2024-05-22,Bengaluru,4.6
C00904,50,Female,Beauty,Shampoo,609.14,2,No,Inactive,Net Banking,2024-08-09,Pune,3.3
C01945,42,Female,Beauty,Shampoo,522.1,2,No,Inactive,Net Banking,2024-08-28,Chennai,3.2
C01042,26,Female,Electronics,Headphones,21081.26,1,No,Active,Credit Card,2024-08-21,Kolkata,3.3
C01429,30,Male,Sports,Yoga Mat,5711.13,3,No,Inactive,Debit Card,2024-01-24,Pune,4.5
C00273,31,Female,Clothing,T-Shirt,2362.22,1,No,Inactive,Cash,2024-05-31,Pune,4.2
C01285,62,Male,Books,Comics,1611.41,2,No,Inactive,Cash,2025-11-04,Delhi,4.5
C01439,20,Male,Sports,Football,3259.03,1,No,Active,Credit Card,2024-01-18,Bengaluru,4.5
C01960,55,Female,Beauty,Lipstick,2773.49,2,No,Active,Debit Card,2025-12-14,Bengaluru,4.0
C01404,21,Female,Books,Comics,1133.08,1,No,Inactive,Debit Card,2025-01-16,Chandigarh,4.5
C01161,55,Female,Books,Fiction,1001.88,1,Yes,Inactive,Wallet,2024-05-12,Bengaluru,4.7
C00114,55,Female,Clothing,Jeans,2230.17,2,Yes,Inactive,Credit Card,2025-07-07,Mumbai,2.5
C00250,60,Male,Home & Kitchen,Bedsheet,4597.43,2,No,Inactive,Debit Card,2024-02-02,Pune,3.1
C00657,38,Female,Clothing,Jacket,1674.44,1,Yes,Active,Debit Card,2024-03-22,Bengaluru,4.8
C00271,60,Male,Electronics,Smartphone,33347.97,1,Yes,Active,Debit Card,2024-11-30,Mumbai,3.6
C00489,40,Female,Clothing,Dress,498.13,2,No,Active,Debit Card,2024-01-12,Kolkata,4.6
C00984,65,Other,Home & Kitchen,Storage Box,10252.9,2,No,Inactive,UPI,2025-02-25,Ahmedabad,3.9
C00986,24,Female,Beauty,Skin Serum,3754.27,2,No,Inactive,Credit Card,2024-04-13,Jaipur,4.7
C01578,51,Female,Sports,Running Shoes,5918.94,1,Yes,Inactive,Debit Card,2025-06-02,Pune,4.3
C01547,38,Female,Sports,Yoga Mat,3442.06,3,No,Inactive,Credit Card,2024-01-31,Kolkata,4.4
C01461,28,Female,Beauty,Skin Serum,2642.24,2,Yes,Active,Net Banking,2025-01-16,Pune,3.8
C00472,45,Male,Electronics,Smartphone,50763.79,1,No,Active,Credit Card,2024-04-01,Ahmedabad,4.7
C01630,50,Male,Clothing,Dress,4917.77,2,No,Active,Debit Card,2025-04-04,Chandigarh,4.2
C00093,34,Male,Clothing,Sneakers,4525.01,2,No,Inactive,UPI,2025-03-05,Chennai,3.2
C00756,49,Female,Electronics,Smartwatch,10155.43,1,No,Active,Debit Card,2024-05-26,Chandigarh,4.4
C01388,25,Male,Electronics,Headphones,55199.43,2,No,Inactive,Debit Card,2024-12-26,Chennai,2.7
C00776,34,Male,Electronics,Laptop,9885.75,2,Yes,Active,Wallet,2024-09-21,Mumbai,4.2
C01803,50,Female,Clothing,Sneakers,1884.16,3,No,Active,Credit Card,2025-10-09,Hyderabad,3.9
C00660,53,Male,Clothing,Dress,1516.17,3,No,Active,Credit Card,2025-09-14,Chandigarh,3.8
C00532,41,Female,Clothing,Dress,2877.93,2,Yes,Inactive,Credit Card,2024-04-01,Kolkata,4.6
C00847,51,Male,Clothing,Sneakers,3998.75,3,Yes,Active,Credit Card,2024-12-16,Delhi,5.0
C01309,19,Female,Home & Kitchen,Bedsheet,13755.23,2,Yes,Inactive,Credit Card,2025-12-31,Ahmedabad,3.9
C01917,18,Male,Books,Technology,1412.72,3,No,Active,Debit Card,2024-02-06,Kolkata,4.4
C01068,54,Male,Books,Technology,1748.0,3,Yes,Inactive,Net Banking,2025-07-04,Chandigarh,4.0
C00185,22,Male,Electronics,Laptop,68765.99,3,No,Inactive,Credit Card,2024-06-24,Jaipur,4.9
C00613,28,Other,Home & Kitchen,Cookware,13771.64,5,Yes,Active,UPI,2024-09-05,Bengaluru,3.6
C01526,59,Male,Electronics,Smartwatch,35387.76,1,Yes,Active,Credit Card,2024-05-30,Bengaluru,3.2
C01958,39,Male,Beauty,Perfume,2650.82,2,No,Active,UPI,2024-02-11,Delhi,5.0
C00226,23,Female,Clothing,Jeans,1690.82,2,No,Active,Cash,2024-06-16,Delhi,4.0
C01246,36,Female,Clothing,Jeans,4343.25,3,Yes,Inactive,UPI,2025-06-23,Ahmedabad,3.9
C00784,30,Male,Beauty,Shampoo,2398.58,1,No,Inactive,UPI,2025-05-27,Ahmedabad,3.2
C00265,49,Male,Electronics,Laptop,39635.11,3,No,Inactive,UPI,2024-01-19,Jaipur,3.2
C00130,54,Female,Electronics,Headphones,62690.63,3,No,Inactive,Debit Card,2024-07-22,Jaipur,4.1
C00056,18,Male,Books,Business,209.83,4,Yes,Active,Wallet,2024-07-28,Chennai,4.2
C00839,55,Male,Electronics,Headphones,47246.17,5,Yes,Active,UPI,2024-10-01,Mumbai,3.2
C00565,58,Female,Electronics,Headphones,64988.84,1,No,Inactive,UPI,2025-12-09,Hyderabad,4.6
C00373,52,Male,Clothing,Sneakers,3705.58,5,No,Active,Cash,2025-09-09,Jaipur,3.2
C00891,64,Male,Beauty,Skin Serum,378.02,1,Yes,Inactive,Net Banking,2025-07-13,Ahmedabad,3.1
C00903,48,Male,Electronics,Smartwatch,3884.06,1,No,Active,UPI,2025-06-07,Chennai,3.7
C00648,53,Female,Electronics,Headphones,59351.7,2,Yes,Inactive,Wallet,2024-08-13,Delhi,5.0
C01463,22,Female,Beauty,Shampoo,1017.94,3,No,Inactive,Credit Card,2025-01-14,Hyderabad,3.3
C00486,53,Male,Sports,Cricket Bat,482.91,2,No,Inactive,Cash,2024-12-12,Ahmedabad,4.4
C01630,47,Male,Home & Kitchen,Cookware,9413.61,3,No,Active,Credit Card,2024-04-22,Bengaluru,3.4
C00675,58,Female,Home & Kitchen,Lamp,7305.34,3,Yes,Inactive,UPI,2025-09-05,Bengaluru,4.3
C01430,25,Male,Home & Kitchen,Coffee Maker,9492.72,2,No,Inactive,Credit Card,2025-05-25,Hyderabad,4.2
C01885,49,Male,Clothing,Jeans,1481.96,4,No,Inactive,Net Banking,2024-04-12,Mumbai,
C01943,31,Male,Electronics,Laptop,31227.95,1,Yes,Inactive,Credit Card,2024-08-24,Ahmedabad,
C01970,57,Female,Electronics,Headphones,18748.15,1,No,Inactive,Debit Card,2025-09-29,Chandigarh,5.0
C00814,37,Female,Home & Kitchen,Coffee Maker,304.57,2,No,Inactive,UPI,2024-03-20,Kolkata,3.6
C00427,62,Female,Home & Kitchen,Coffee Maker,4701.18,3,No,Inactive,Cash,2025-03-24,Jaipur,3.5
C01089,54,Female,Electronics,Smartphone,45842.81,1,Yes,Inactive,Wallet,2024-01-21,Pune,3.3
C01560,29,Female,Clothing,Jeans,2692.24,1,No,Inactive,UPI,2024-11-23,Ahmedabad,4.6
C01239,65,Female,Beauty,Skin Serum,1619.74,1,No,Active,Wallet,2025-04-23,Pune,4.4
C01933,29,Male,Books,Self-Help,993.04,3,No,Active,Debit Card,2024-03-03,Kolkata,4.0
C01490,39,Female,Home & Kitchen,Cookware,9225.48,1,No,Inactive,Debit Card,2024-08-29,Jaipur,3.2
C00688,52,Male,Clothing,Dress,4691.07,2,No,Active,Credit Card,2024-08-19,Chennai,2.5
C01280,47,Male,Clothing,T-Shirt,1983.54,3,No,Inactive,UPI,2024-04-14,Ahmedabad,4.7
C01888,37,Female,Sports,Running Shoes,5127.75,2,No,Inactive,Net Banking,2025-10-30,Pune,4.0
C01969,39,Female,Home & Kitchen,Bedsheet,1316.04,3,Yes,Active,Debit Card,2024-08-07,Hyderabad,4.3
C01497,39,Male,Sports,Yoga Mat,10637.57,4,No,Active,Credit Card,2025-01-19,Pune,3.3
C01933,23,Male,Home & Kitchen,Lamp,4614.92,2,No,Active,Debit Card,2024-01-19,Kolkata,3.8
C01879,23,Female,Clothing,Sneakers,2736.31,1,No,Active,UPI,2024-08-19,Jaipur,2.4
C00089,57,Female,Clothing,Dress,4758.71,4,No,Inactive,Credit Card,2025-07-27,Pune,4.6
C01832,57,Male,Home & Kitchen,Storage Box,9172.54,2,Yes,Inactive,Debit Card,2024-06-12,Hyderabad,3.5
C00494,19,Female,Clothing,Jeans,4698.44,3,No,Inactive,Cash,2024-11-08,Pune,4.2
C01723,28,Male,Clothing,Dress,3142.28,3,Yes,Active,Wallet,2025-08-11,Hyderabad,3.8
C01986,37,Male,Clothing,T-Shirt,2854.79,4,Yes,Inactive,UPI,2025-05-01,Delhi,5.0
C01986,65,Male,Clothing,T-Shirt,3549.86,4,Yes,Inactive,Debit Card,2024-11-24,Pune,4.9
C01759,44,Female,Books,Comics,1364.6,1,Yes,Inactive,UPI,2025-12-29,Bengaluru,4.4
C01009,50,Female,Clothing,Dress,4445.63,1,No,Inactive,UPI,2025-12-08,Kolkata,5.0
C00879,59,Male,Electronics,Headphones,41962.33,1,No,Active,UPI,2025-08-31,Ahmedabad,4.9
C00987,51,Other,Home & Kitchen,Bedsheet,6414.55,1,No,Active,Credit Card,2025-01-02,Chennai,3.8
C01918,40,Male,Clothing,Jacket,1330.87,1,Yes,Inactive,UPI,2024-03-30,Hyderabad,4.4
C00314,33,Female,Electronics,Laptop,77058.56,1,No,Inactive,Debit Card,2025-02-09,Delhi,4.4
C00774,44,Male,Beauty,Skin Serum,1592.09,1,Yes,Active,Credit Card,2025-12-12,Bengaluru,3.9
C01637,46,Male,Home & Kitchen,Lamp,10857.17,2,No,Inactive,Net Banking,2024-03-04,Ahmedabad,3.9
C01945,59,Female,Clothing,Jeans,4644.06,3,No,Inactive,Net Banking,2025-07-04,Delhi,4.5
C01287,44,Male,Beauty,Shampoo,748.94,3,Yes,Inactive,Credit Card,2024-01-28,Pune,3.1
C00963,46,Female,Beauty,Shampoo,658.07,2,No,Inactive,Debit Card,2024-07-21,Pune,5.0
C00040,39,Male,Home & Kitchen,Lamp,11009.78,2,Yes,Active,UPI,2024-03-15,Chennai,3.5
C01165,57,Female,Clothing,Jeans,2394.45,3,Yes,Inactive,Net Banking,2024-02-17,Hyderabad,4.0
C01327,40,Female,Clothing,Jeans,4785.64,2,No,Inactive,Credit Card,2025-02-27,Mumbai,4.1
C01078,64,Male,Electronics,Smartphone,22433.18,5,No,Active,Cash,2024-12-08,Chandigarh,4.7
C01140,27,Female,Clothing,Jeans,3189.63,2,Yes,Active,Debit Card,2025-01-15,Delhi,3.6
C00770,43,Male,Home & Kitchen,Cookware,3999.07,2,Yes,Inactive,Debit Card,2024-02-14,Chennai,3.9
C01583,29,Male,Books,Business,1635.5,3,No,Inactive,Cash,2024-01-01,Delhi,2.3
C01394,29,Female,Sports,Yoga Mat,4319.52,2,No,Inactive,Debit Card,2025-01-25,Delhi,4.4
C01052,22,Male,Home & Kitchen,Coffee Maker,11578.71,2,Yes,Inactive,Debit Card,2024-11-06,Jaipur,4.0
C01767,47,Female,Electronics,Smartwatch,63539.74,2,No,Active,Debit Card,2024-02-06,Delhi,4.2
C00496,43,Female,Sports,Cricket Bat,6742.11,1,Yes,Inactive,Cash,2024-02-07,Mumbai,4.5
C01504,51,Other,Beauty,Lipstick,2410.37,3,No,Inactive,UPI,2024-04-07,Pune,3.8
C00837,62,Male,Books,Technology,802.84,2,No,Active,Credit Card,2024-09-15,Jaipur,3.3
C01699,22,Female,Home & Kitchen,Coffee Maker,12274.51,2,Yes,Inactive,Cash,2024-10-22,Ahmedabad,2.5
C00633,24,Female,Clothing,Sneakers,2393.58,3,No,Inactive,Credit Card,2024-02-20,Kolkata,4.2
C00788,18,Male,Clothing,T-Shirt,1205.02,2,No,Inactive,Wallet,2024-10-06,Bengaluru,3.2
C00095,29,Female,Electronics,Headphones,9418.06,2,No,Inactive,UPI,2024-07-20,Pune,4.4
C01821,56,Male,Beauty,Lipstick,4681.56,1,No,Inactive,Net Banking,2024-11-11,Jaipur,4.4
C00538,46,Male,Clothing,Dress,2204.81,3,Yes,Inactive,Debit Card,2024-10-11,Ahmedabad,4.1
C00546,28,Female,Books,Technology,1198.56,1,No,Inactive,Debit Card,2025-09-29,Chennai,4.2
C01138,42,Male,Clothing,Jeans,1771.52,1,No,Inactive,Credit Card,2024-10-22,Ahmedabad,3.7
C00951,23,Female,Home & Kitchen,Coffee Maker,1804.56,1,Yes,Active,Debit Card,2025-05-06,Ahmedabad,3.8
C00461,46,Male,Sports,Yoga Mat,10704.02,4,Yes,Inactive,Credit Card,2025-09-01,Mumbai,3.8
C00251,23,Female,Sports,Running Shoes,5580.92,2,No,Inactive,Cash,2024-07-28,Chennai,3.9
C00981,29,Female,Home & Kitchen,Cookware,4105.81,1,Yes,Inactive,Wallet,2025-12-29,Delhi,4.8
C01379,35,Other,Sports,Yoga Mat,1359.84,1,Yes,Inactive,Wallet,2024-10-11,Kolkata,
C01987,21,Female,Beauty,Face Cream,3392.75,5,No,Inactive,Debit Card,2024-09-09,Jaipur,
C00802,18,Other,Books,Business,796.95,2,Yes,Active,Cash,2024-11-19,Delhi,5.0
C01794,39,Female,Beauty,Perfume,3913.6,2,No,Inactive,Credit Card,2024-05-18,Chennai,4.8
C00249,23,Male,Clothing,Jeans,2509.18,1,Yes,Active,Net Banking,2025-05-23,Chennai,3.6
C01224,49,Male,Sports,Dumbbells,2872.67,2,No,Inactive,Credit Card,2025-08-17,Kolkata,3.4
C00887,50,Female,Home & Kitchen,Lamp,14447.48,3,Yes,Inactive,UPI,2025-05-20,Mumbai,4.7
C01053,52,Male,Home & Kitchen,Cookware,6018.88,1,No,Inactive,Debit Card,2024-05-23,Hyderabad,4.0
C00622,25,Male,Sports,Football,4967.17,5,Yes,Inactive,Debit Card,2025-08-19,Kolkata,4.8
C01017,19,Male,Electronics,Smartwatch,27352.66,3,Yes,Active,Cash,2025-09-28,Chandigarh,2.9
C00749,51,Male,Clothing,Sneakers,4159.67,1,Yes,Inactive,UPI,2025-11-18,Bengaluru,4.0
C00173,19,Male,Electronics,Smartphone,26347.63,1,No,Inactive,UPI,2025-02-26,Ahmedabad,4.5
C00710,49,Male,Sports,Dumbbells,7575.34,4,No,Active,Debit Card,2024-05-06,Chandigarh,3.6
C01807,48,Female,Home & Kitchen,Coffee Maker,1942.08,2,Yes,Inactive,Credit Card,2025-08-06,Chandigarh,4.0
C00844,38,Male,Home & Kitchen,Storage Box,4265.49,4,No,Active,UPI,2025-07-08,Kolkata,
C00499,53,Male,Electronics,Laptop,23980.36,1,No,Inactive,Debit Card,2024-06-09,Chennai,2.5
C01482,56,Female,Beauty,Skin Serum,4822.13,3,No,Active,UPI,2024-06-12,Ahmedabad,4.1
C01340,28,Female,Home & Kitchen,Coffee Maker,1400.99,2,No,Active,Cash,2024-01-05,Chennai,4.0
C01246,30,Female,Beauty,Lipstick,1837.42,2,No,Inactive,Net Banking,2025-09-30,Bengaluru,4.0
C00688,45,Male,Electronics,Smartphone,25344.53,3,Yes,Inactive,Cash,2024-07-10,Bengaluru,4.6
C01167,41,Male,Electronics,Smartphone,56520.39,1,Yes,Active,Debit Card,2024-02-27,Jaipur,5.0
C00550,63,Male,Electronics,Headphones,86997.6,4,No,Inactive,UPI,2024-11-05,Mumbai,5.0
C00774,20,Female,Clothing,Jeans,4388.57,1,No,Active,Wallet,2025-05-13,Bengaluru,2.6
C01748,58,Female,Home & Kitchen,Bedsheet,12341.17,3,No,Active,Debit Card,2025-03-03,Jaipur,4.2
C00233,62,Male,Electronics,Headphones,40230.82,1,No,Active,Credit Card,2025-04-01,Hyderabad,3.9
C00750,33,Female,Clothing,Dress,2873.53,3,No,Inactive,Debit Card,2025-10-28,Ahmedabad,
C01247,58,Female,Books,Fiction,1218.72,3,No,Inactive,Debit Card,2025-09-27,Hyderabad,3.7
C00165,61,Female,Clothing,Sneakers,2598.15,2,No,Inactive,UPI,2024-03-31,Pune,4.5
C01290,58,Female,Beauty,Lipstick,2552.16,3,Yes,Inactive,Cash,2024-11-09,Kolkata,3.6
C00365,28,Female,Clothing,T-Shirt,4021.51,2,No,Active,UPI,2024-12-19,Chandigarh,3.8
C00393,31,Male,Home & Kitchen,Coffee Maker,4522.17,2,No,Active,Wallet,2025-01-31,Jaipur,3.8
C00873,58,Male,Clothing,Dress,4785.77,5,No,Inactive,UPI,2025-03-14,Bengaluru,4.2
C01566,55,Male,Electronics,Headphones,9967.13,1,No,Active,UPI,2025-01-28,Ahmedabad,4.8
C00685,27,Female,Clothing,Sneakers,1706.6,2,No,Inactive,Cash,2024-12-22,Mumbai,4.9
C00457,53,Female,Electronics,Laptop,86976.8,2,No,Active,Cash,2024-09-27,Bengaluru,4.2
C01137,61,Other,Clothing,Jacket,573.34,3,Yes,Active,Debit Card,2024-04-08,Chennai,3.5
C00090,27,Male,Home & Kitchen,Cookware,1618.87,3,Yes,Inactive,Credit Card,2024-04-11,Jaipur,4.3
C00021,25,Female,Sports,Dumbbells,11588.6,2,No,Active,Credit Card,2025-02-03,Chandigarh,4.6
C00172,40,Male,Books,Self-Help,1874.45,5,No,Active,Debit Card,2024-02-19,Delhi,
C00172,34,Female,Home & Kitchen,Cookware,8090.2,1,No,Inactive,UPI,2024-05-26,Hyderabad,4.6
C00228,20,Male,Books,Fiction,195.01,1,Yes,Active,Cash,2025-01-08,Hyderabad,3.7
C01082,47,Male,Clothing,Jacket,706.69,2,No,Inactive,UPI,2024-07-27,Hyderabad,5.0
C00224,18,Female,Electronics,Speaker,26850.14,4,No,Inactive,Debit Card,2024-01-19,Hyderabad,3.2
C01102,60,Male,Beauty,Shampoo,577.32,2,No,Active,Wallet,2024-10-29,Ahmedabad,3.8
C00785,31,Male,Beauty,Lipstick,2068.15,4,No,Active,Debit Card,2024-04-11,Chandigarh,3.8
C00328,46,Female,Clothing,Jacket,3701.57,3,No,Active,Net Banking,2025-05-01,Chandigarh,4.1
C00149,48,Female,Beauty,Perfume,889.97,1,No,Active,UPI,2024-09-11,Hyderabad,3.8
C01994,51,Female,Books,Business,354.76,2,No,Active,Wallet,2024-03-14,Ahmedabad,4.2
C00882,65,Male,Books,Self-Help,563.65,3,Yes,Inactive,Credit Card,2024-07-11,Kolkata,3.7
C01433,57,Female,Home & Kitchen,Storage Box,10455.86,1,No,Inactive,Credit Card,2024-10-19,Jaipur,4.2
C00446,55,Male,Electronics,Speaker,34151.3,2,Yes,Inactive,UPI,2025-07-21,Ahmedabad,3.4
C00237,62,Female,Home & Kitchen,Bedsheet,5944.34,1,Yes,Inactive,Debit Card,2024-06-02,Pune,4.2
C01552,54,Male,Clothing,Jacket,3236.87,1,No,Active,Cash,2024-09-07,Kolkata,4.1
C01211,37,Female,Clothing,Dress,1257.52,2,No,Inactive,Debit Card,2024-12-01,Delhi,3.7
C00993,51,Male,Electronics,Smartphone,69673.67,1,Yes,Active,Credit Card,2025-11-11,Mumbai,3.3
C00253,46,Female,Electronics,Smartphone,5659.19,3,No,Inactive,Cash,2025-09-11,Bengaluru,4.6
C01521,33,Male,Home & Kitchen,Storage Box,727.68,1,No,Inactive,Net Banking,2025-09-03,Mumbai,3.3
C00834,35,Male,Home & Kitchen,Coffee Maker,5548.61,4,Yes,Active,Net Banking,2024-10-01,Ahmedabad,4.4
C01271,21,Male,Electronics,Speaker,58842.26,2,Yes,Inactive,Debit Card,2024-11-02,Chennai,4.9
C00216,63,Female,Clothing,T-Shirt,2348.34,5,Yes,Inactive,Credit Card,2025-04-08,Pune,4.1
C00197,35,Other,Clothing,Jacket,2967.28,1,No,Inactive,Credit Card,2025-06-04,Kolkata,3.5
C00443,33,Female,Beauty,Perfume,3523.65,2,No,Active,UPI,2024-09-10,Ahmedabad,
C01257,57,Female,Home & Kitchen,Storage Box,10929.92,3,Yes,Inactive,Debit Card,2025-12-16,Chennai,4.5
C00488,33,Male,Electronics,Smartphone,4447.72,2,No,Active,UPI,2025-12-22,Pune,2.7
C01547,49,Other,Clothing,Jacket,3776.77,1,No,Inactive,Credit Card,2024-06-05,Chandigarh,4.4
C00129,43,Female,Clothing,Jeans,2221.1,2,Yes,Active,Credit Card,2024-11-07,Delhi,3.5
C01359,27,Female,Beauty,Face Cream,4678.84,1,No,Active,Credit Card,2025-02-26,Hyderabad,4.0
C00917,57,Female,Books,Technology,663.63,1,No,Active,Debit Card,2025-05-03,Chennai,3.9
C01201,42,Female,Clothing,Jacket,1977.09,2,No,Inactive,Debit Card,2025-09-30,Chennai,4.0
C01960,31,Female,Clothing,Jeans,4628.93,3,No,Inactive,UPI,2025-09-26,Hyderabad,5.0
C00404,23,Male,Sports,Football,10116.3,3,No,Inactive,Credit Card,2024-10-03,Delhi,3.7
C01800,40,Male,Beauty,Skin Serum,3220.03,1,No,Active,Debit Card,2024-04-02,Chennai,4.9
C01464,46,Female,Home & Kitchen,Storage Box,9605.54,5,Yes,Active,UPI,2024-12-04,Mumbai,3.3
C00211,60,Female,Home & Kitchen,Storage Box,10175.19,1,No,Active,Credit Card,2024-08-13,Kolkata,3.5
C00460,19,Other,Home & Kitchen,Cookware,6424.26,2,Yes,Active,UPI,2024-03-01,Bengaluru,4.7
C00971,54,Female,Clothing,Sneakers,769.23,1,No,Active,Cash,2025-09-03,Delhi,3.3
C01241,33,Male,Home & Kitchen,Bedsheet,5564.47,2,Yes,Inactive,Debit Card,2025-06-10,Mumbai,4.4
C01724,21,Female,Books,Self-Help,1052.83,1,Yes,Active,Debit Card,2025-10-01,Delhi,4.0
C01548,28,Male,Electronics,Headphones,78513.51,1,No,Active,UPI,2025-10-05,Delhi,4.0
C01538,57,Male,Sports,Cricket Bat,3358.33,2,No,Inactive,Debit Card,2025-11-30,Kolkata,4.2
C01483,43,Female,Clothing,Sneakers,1506.03,4,Yes,Inactive,Credit Card,2025-06-19,Bengaluru,4.8
C00265,26,Male,Books,Business,874.92,3,No,Inactive,Wallet,2024-03-19,Hyderabad,4.8
C00095,43,Male,Electronics,Laptop,6620.02,1,Yes,Inactive,UPI,2025-03-04,Ahmedabad,3.7
C01295,52,Male,Books,Technology,243.25,4,No,Inactive,Debit Card,2025-03-11,Chandigarh,3.7
C01196,51,Female,Electronics,Speaker,18144.15,4,Yes,Active,UPI,2025-07-30,Ahmedabad,
C00453,47,Female,Beauty,Face Cream,4421.57,1,No,Inactive,UPI,2025-09-08,Chandigarh,5.0
C01467,32,Male,Sports,Running Shoes,7550.06,1,No,Active,Net Banking,2025-05-23,Delhi,3.6
C01506,24,Male,Electronics,Smartphone,57714.25,3,No,Active,UPI,2024-02-26,Hyderabad,4.5
C01706,42,Male,Sports,Dumbbells,9429.24,4,No,Inactive,Credit Card,2025-11-05,Hyderabad,2.8
C01943,43,Female,Clothing,T-Shirt,436.99,4,Yes,Active,UPI,2025-10-16,Chandigarh,
C01993,24,Female,Beauty,Skin Serum,2724.8,1,Yes,Inactive,Cash,2024-05-29,Pune,2.8
C01888,31,Female,Sports,Yoga Mat,9167.58,2,Yes,Inactive,UPI,2024-03-18,Bengaluru,3.2
C00399,25,Female,Books,Comics,308.79,1,No,Inactive,Credit Card,2024-06-24,Ahmedabad,4.3
C01842,63,Female,Clothing,T-Shirt,3491.17,4,No,Inactive,Debit Card,2025-10-06,Chandigarh,3.9
C01036,44,Female,Clothing,Sneakers,1037.92,1,No,Inactive,Debit Card,2025-11-17,Pune,4.0
C00125,28,Male,Sports,Yoga Mat,11408.27,2,No,Active,UPI,2024-10-09,Hyderabad,
C01944,38,Female,Books,Technology,1629.28,5,No,Inactive,UPI,2024-05-20,Ahmedabad,4.0
C00421,58,Female,Books,Fiction,666.61,2,No,Inactive,Debit Card,2024-07-05,Hyderabad,4.4
C00062,62,Female,Clothing,T-Shirt,2329.9,1,Yes,Active,UPI,2024-10-27,Chandigarh,4.4
C01649,52,Male,Electronics,Smartphone,81246.18,1,Yes,Active,Debit Card,2025-07-28,Chennai,4.8
C01404,61,Male,Beauty,Shampoo,1115.02,4,Yes,Active,Credit Card,2025-07-05,Jaipur,4.0
C01580,26,Other,Electronics,Speaker,6395.17,1,No,Inactive,UPI,2024-11-21,Jaipur,3.8
C01354,35,Male,Beauty,Skin Serum,2627.32,1,No,Inactive,Debit Card,2025-09-03,Delhi,5.0
C00462,44,Male,Sports,Football,8182.39,2,Yes,Inactive,UPI,2024-06-28,Bengaluru,4.4
C01949,26,Male,Beauty,Perfume,4283.08,4,No,Active,Debit Card,2025-08-06,Kolkata,4.7
C00697,42,Female,Home & Kitchen,Storage Box,4323.72,3,Yes,Active,Wallet,2025-11-11,Chennai,3.9
C00596,35,Female,Electronics,Smartphone,43347.65,5,No,Inactive,Wallet,2025-02-02,Jaipur,3.6
C00201,29,Male,Home & Kitchen,Coffee Maker,2405.02,1,No,Inactive,Debit Card,2024-02-12,Ahmedabad,4.4
C00187,19,Female,Clothing,Jacket,405.66,1,No,Inactive,Credit Card,2025-09-05,Bengaluru,3.4
C00641,57,Female,Books,Comics,1919.87,1,Yes,Active,UPI,2025-03-18,Mumbai,3.1
C01135,31,Other,Clothing,T-Shirt,3892.37,5,No,Inactive,Debit Card,2024-06-29,Kolkata,4.2
C00848,46,Male,Home & Kitchen,Cookware,1986.89,1,No,Inactive,UPI,2024-07-12,Delhi,4.6
C01027,28,Male,Beauty,Shampoo,1307.7,3,No,Inactive,UPI,2025-09-14,Chandigarh,3.6
C01824,63,Male,Beauty,Lipstick,4076.14,2,No,Inactive,Credit Card,2024-11-03,Hyderabad,3.3
C00912,65,Female,Home & Kitchen,Storage Box,2462.28,1,No,Inactive,UPI,2024-12-11,Mumbai,4.6
C00906,26,Female,Beauty,Lipstick,1968.56,1,No,Active,UPI,2025-06-15,Kolkata,4.1
C00019,59,Other,Clothing,Sneakers,4545.0,2,No,Inactive,UPI,2025-03-15,Pune,3.1
C01270,18,Female,Books,Self-Help,1108.27,1,Yes,Inactive,Debit Card,2025-07-24,Jaipur,2.3
C00836,62,Male,Clothing,Sneakers,732.48,4,No,Active,Wallet,2025-01-12,Mumbai,4.4
C01661,40,Female,Sports,Football,7870.13,2,No,Inactive,Credit Card,2025-04-05,Delhi,4.4
C01506,30,Female,Home & Kitchen,Lamp,9934.03,1,Yes,Inactive,Cash,2024-08-31,Ahmedabad,3.0
C01241,34,Male,Books,Self-Help,600.09,4,No,Inactive,UPI,2025-05-13,Ahmedabad,4.2
C01017,44,Female,Books,Technology,898.92,4,No,Inactive,Debit Card,2024-04-12,Jaipur,4.0
C00672,57,Male,Clothing,Sneakers,4348.78,3,Yes,Inactive,Wallet,2024-09-21,Ahmedabad,2.6
C00534,19,Female,Home & Kitchen,Bedsheet,1130.89,1,No,Inactive,Net Banking,2024-07-10,Jaipur,5.0
C00025,59,Male,Clothing,Jeans,4193.83,4,Yes,Active,Wallet,2025-06-18,Jaipur,3.2
C01004,60,Female,Sports,Yoga Mat,5809.26,1,Yes,Active,Debit Card,2024-04-20,Chandigarh,3.7
C01691,51,Other,Beauty,Face Cream,1929.09,1,No,Inactive,UPI,2025-03-16,Pune,4.2
C00877,55,Female,Clothing,T-Shirt,2190.03,1,No,Inactive,Credit Card,2025-08-31,Mumbai,4.7
C01611,58,Female,Home & Kitchen,Lamp,2870.52,1,Yes,Inactive,Credit Card,2025-07-31,Chandigarh,4.8
C00943,45,Female,Clothing,T-Shirt,852.33,2,No,Inactive,Debit Card,2025-05-18,Jaipur,4.4
C00920,35,Female,Beauty,Face Cream,3317.52,2,No,Active,Debit Card,2024-02-26,Delhi,4.5
C00490,21,Female,Beauty,Lipstick,4458.3,2,No,Active,Credit Card,2024-01-17,Delhi,4.2
C01244,49,Male,Books,Self-Help,830.0,3,No,Inactive,Credit Card,2025-12-09,Jaipur,4.4
C01333,29,Female,Beauty,Skin Serum,1163.37,1,Yes,Inactive,Credit Card,2025-11-11,Bengaluru,5.0
C00456,45,Male,Clothing,T-Shirt,2367.57,1,Yes,Active,Net Banking,2024-12-02,Ahmedabad,3.6
C00231,20,Female,Books,Fiction,223.59,2,No,Active,Wallet,2025-08-19,Bengaluru,5.0
C01020,55,Female,Electronics,Smartphone,34160.48,1,No,Inactive,Credit Card,2025-12-17,Bengaluru,3.5
C00349,34,Male,Home & Kitchen,Coffee Maker,6357.3,3,No,Active,UPI,2024-06-01,Delhi,3.5
C01994,37,Female,Clothing,Jacket,3694.19,1,No,Active,Net Banking,2024-08-15,Kolkata,5.0
C01727,34,Female,Books,Business,1092.8,3,No,Active,Debit Card,2024-08-28,Pune,4.1
C01206,44,Female,Clothing,T-Shirt,3620.3,2,Yes,Inactive,Cash,2025-11-15,Ahmedabad,3.7
C00489,37,Male,Beauty,Perfume,3650.9,2,Yes,Active,Debit Card,2024-02-09,Bengaluru,5.0
C01824,41,Male,Home & Kitchen,Storage Box,9348.73,4,No,Active,Wallet,2025-12-18,Chennai,2.4
C01586,35,Male,Home & Kitchen,Lamp,10287.93,1,Yes,Active,UPI,2024-08-08,Delhi,3.8
C01247,31,Male,Home & Kitchen,Storage Box,12386.4,2,No,Active,UPI,2024-07-09,Hyderabad,2.4
C01805,65,Other,Books,Technology,1225.27,3,No,Inactive,Debit Card,2025-10-13,Ahmedabad,3.7
C01041,39,Male,Clothing,Jacket,3917.98,1,No,Inactive,Wallet,2024-03-14,Pune,3.9
C01213,19,Female,Clothing,Jacket,3920.29,2,Yes,Inactive,Net Banking,2024-02-11,Hyderabad,5.0
C01024,34,Male,Home & Kitchen,Cookware,12593.91,1,No,Inactive,UPI,2024-02-04,Delhi,4.4
C00625,24,Female,Beauty,Shampoo,2397.1,5,No,Active,Debit Card,2024-12-30,Chandigarh,2.9
C00442,56,Female,Electronics,Smartphone,58461.82,2,No,Inactive,Credit Card,2025-06-05,Delhi,3.6
C00996,30,Male,Home & Kitchen,Cookware,9976.1,1,No,Active,Debit Card,2024-07-19,Chennai,4.1
C00584,39,Female,Electronics,Headphones,35900.03,1,No,Inactive,Debit Card,2024-11-06,Chandigarh,3.1
C01482,59,Male,Sports,Cricket Bat,9229.53,2,Yes,Inactive,Net Banking,2024-02-18,Hyderabad,4.3
C01412,61,Male,Books,Business,612.3,1,No,Active,Wallet,2024-11-10,Mumbai,4.8
C01414,25,Male,Sports,Football,10198.63,1,No,Active,Wallet,2025-01-01,Mumbai,4.5
C01017,65,Female,Clothing,Dress,1262.46,4,No,Inactive,Wallet,2025-05-10,Pune,4.8
C01141,53,Male,Electronics,Laptop,70237.13,3,No,Inactive,UPI,2024-12-27,Chennai,5.0
C01811,50,Female,Clothing,Dress,1939.85,2,No,Inactive,Credit Card,2025-01-27,Delhi,4.4
C01038,39,Male,Clothing,Jacket,2275.85,1,No,Inactive,Debit Card,2025-03-23,Delhi,2.5
C00817,55,Male,Books,Self-Help,1752.65,2,No,Inactive,Debit Card,2024-11-26,Hyderabad,4.4
C01777,53,Male,Electronics,Speaker,8354.38,2,No,Inactive,Net Banking,2024-03-27,Kolkata,3.4
C01460,47,Male,Sports,Dumbbells,4953.13,1,No,Active,Cash,2025-10-31,Chennai,4.5
C00622,24,Female,Home & Kitchen,Bedsheet,11897.42,1,No,Inactive,Net Banking,2025-01-22,Hyderabad,3.1
C01443,27,Male,Sports,Running Shoes,10273.24,1,No,Inactive,Cash,2024-07-19,Jaipur,3.4
C01802,26,Male,Clothing,Jeans,3473.11,1,Yes,Active,Net Banking,2025-06-09,Pune,2.5
C00631,60,Female,Beauty,Shampoo,2528.28,4,No,Inactive,Credit Card,2025-06-08,Bengaluru,4.8
C00036,62,Male,Electronics,Smartphone,29850.91,1,No,Active,UPI,2025-06-05,Mumbai,4.0
C01243,54,Male,Home & Kitchen,Cookware,13058.45,4,No,Inactive,Debit Card,2024-10-03,Hyderabad,3.9
C00526,31,Female,Clothing,Jacket,1714.73,4,No,Inactive,Cash,2025-09-16,Pune,3.7
C00525,48,Male,Clothing,Dress,3951.34,2,Yes,Active,Cash,2025-01-26,Chandigarh,4.3
C00217,57,Male,Sports,Yoga Mat,2339.94,1,Yes,Inactive,Debit Card,2024-04-20,Pune,4.3
C00940,52,Female,Electronics,Smartwatch,8111.18,4,No,Active,Credit Card,2024-03-25,Jaipur,3.8
C01773,60,Male,Books,Technology,983.35,2,No,Inactive,UPI,2024-06-20,Hyderabad,3.7
C00016,57,Male,Clothing,Jeans,4370.75,4,Yes,Inactive,Wallet,2025-03-05,Bengaluru,3.3
C00003,34,Male,Electronics,Headphones,21236.56,1,No,Inactive,Wallet,2025-04-13,Chennai,3.5
C01650,50,Male,Clothing,T-Shirt,868.69,1,Yes,Active,Credit Card,2024-12-08,Kolkata,2.9
C00930,39,Female,Clothing,Jeans,350.54,2,No,Active,UPI,2025-11-12,Kolkata,3.7
C01869,36,Male,Clothing,Sneakers,2006.48,3,Yes,Inactive,UPI,2024-03-21,Jaipur,4.4
C01974,54,Male,Beauty,Lipstick,1295.42,4,No,Inactive,Debit Card,2025-02-22,Delhi,3.9
C01690,34,Male,Home & Kitchen,Lamp,1166.82,1,No,Inactive,Credit Card,2024-05-04,Bengaluru,4.9
C01133,58,Male,Clothing,Sneakers,1543.45,3,No,Inactive,Debit Card,2025-10-18,Delhi,3.8
C01220,19,Male,Sports,Football,5984.39,3,Yes,Inactive,UPI,2025-09-01,Pune,3.3
C00242,40,Male,Books,Fiction,1051.36,2,Yes,Active,Debit Card,2024-10-26,Hyderabad,3.8
C00139,23,Female,Electronics,Headphones,80994.59,2,Yes,Inactive,Debit Card,2025-07-21,Pune,3.2
C00296,24,Male,Books,Comics,272.91,1,No,Inactive,Debit Card,2024-01-16,Mumbai,4.1
C00799,46,Female,Sports,Dumbbells,7545.12,2,No,Active,UPI,2024-05-28,Delhi,4.8
C01873,29,Female,Sports,Yoga Mat,4825.12,3,No,Active,Debit Card,2024-03-06,Pune,5.0
C00232,36,Female,Electronics,Laptop,61518.1,1,Yes,Inactive,Credit Card,2024-03-01,Chennai,4.2
C01658,19,Female,Electronics,Smartwatch,43607.42,2,No,Inactive,Cash,2025-09-19,Chandigarh,5.0
C00147,62,Male,Home & Kitchen,Bedsheet,7949.83,4,Yes,Inactive,Debit Card,2025-07-11,Bengaluru,4.1
C01846,53,Male,Beauty,Face Cream,1042.18,2,Yes,Inactive,Debit Card,2024-05-06,Jaipur,4.1
C01687,54,Female,Beauty,Lipstick,1916.63,1,No,Active,Credit Card,2025-07-04,Chandigarh,3.8
C00759,57,Other,Beauty,Shampoo,1435.15,2,Yes,Inactive,Debit Card,2024-09-27,Hyderabad,2.1
C00121,44,Other,Home & Kitchen,Storage Box,12396.04,1,Yes,Inactive,UPI,2025-06-15,Delhi,4.7
C00364,33,Female,Beauty,Shampoo,3123.1,1,No,Inactive,Wallet,2025-10-22,Pune,4.4
C01713,32,Female,Sports,Yoga Mat,920.24,3,No,Inactive,Net Banking,2024-01-18,Kolkata,3.1
C00581,64,Male,Beauty,Shampoo,937.38,2,No,Active,UPI,2024-06-01,Hyderabad,4.5
C00073,59,Female,Sports,Cricket Bat,2648.62,3,No,Active,Cash,2025-11-02,Ahmedabad,5.0
C00358,46,Female,Sports,Yoga Mat,4164.84,3,No,Inactive,Cash,2024-10-10,Jaipur,5.0
C01968,32,Male,Clothing,Sneakers,1569.33,5,No,Active,UPI,2024-03-14,Ahmedabad,3.3
C00256,51,Female,Books,Comics,1565.16,2,No,Active,Net Banking,2025-10-13,Bengaluru,4.4
C00083,19,Female,Beauty,Skin Serum,2565.62,2,No,Inactive,Credit Card,2024-12-07,Chandigarh,
C00820,63,Female,Clothing,Dress,4169.52,2,No,Inactive,Debit Card,2025-12-13,Kolkata,3.8
C00136,35,Female,Electronics,Speaker,15006.62,2,No,Active,Credit Card,2025-12-21,Chandigarh,4.3
C01165,40,Female,Beauty,Lipstick,1258.27,1,No,Inactive,UPI,2024-08-22,Bengaluru,3.6
C01190,64,Female,Books,Business,625.95,3,Yes,Active,UPI,2025-10-17,Kolkata,4.4
C00990,40,Female,Electronics,Smartwatch,62390.75,1,No,Active,Wallet,2025-06-27,Jaipur,4.5
C00892,45,Male,Clothing,Jeans,1703.59,4,Yes,Active,Credit Card,2025-07-24,Ahmedabad,4.1
C01460,34,Female,Home & Kitchen,Coffee Maker,905.29,3,No,Active,Debit Card,2025-01-26,Mumbai,4.2
C01568,50,Female,Sports,Football,3541.79,2,No,Inactive,Cash,2024-02-15,Mumbai,4.1
C01158,48,Female,Home & Kitchen,Cookware,11755.85,1,No,Active,Wallet,2025-03-06,Kolkata,4.7
C00893,30,Female,Beauty,Face Cream,2624.34,1,No,Active,Wallet,2024-06-26,Pune,4.4
C01066,42,Male,Books,Fiction,1727.55,2,No,Inactive,UPI,2024-07-31,Chandigarh,4.0
C01043,30,Female,Home & Kitchen,Coffee Maker,12840.71,1,Yes,Inactive,Credit Card,2025-03-12,Ahmedabad,4.0
C00857,40,Male,Beauty,Lipstick,3021.61,2,No,Active,Net Banking,2025-08-27,Jaipur,3.3
C01562,42,Other,Clothing,Sneakers,2437.09,3,No,Inactive,UPI,2024-03-18,Ahmedabad,4.4
C01650,51,Female,Home & Kitchen,Coffee Maker,11648.3,5,Yes,Inactive,Credit Card,2025-12-25,Pune,4.0
C01700,43,Male,Books,Technology,1227.41,2,No,Active,Credit Card,2024-02-28,Delhi,3.6
C01462,60,Female,Home & Kitchen,Bedsheet,9730.01,1,Yes,Inactive,UPI,2024-12-20,Jaipur,3.0
C01529,25,Female,Sports,Dumbbells,7594.73,1,No,Inactive,Credit Card,2025-05-24,Jaipur,2.9
C01168,45,Female,Sports,Cricket Bat,11630.88,4,Yes,Active,Cash,2025-10-28,Kolkata,3.3
C00646,43,Female,Books,Technology,1024.29,3,No,Active,Cash,2024-11-07,Jaipur,3.8
C01757,20,Male,Clothing,Dress,4075.77,1,No,Inactive,Net Banking,2025-03-24,Ahmedabad,4.7
C00929,31,Male,Home & Kitchen,Coffee Maker,4377.33,2,No,Inactive,Cash,2025-02-18,Chandigarh,5.0
C00752,46,Female,Books,Technology,1244.2,1,No,Active,UPI,2024-06-13,Kolkata,3.4
C01100,63,Male,Beauty,Lipstick,1432.83,3,Yes,Inactive,Cash,2025-10-27,Delhi,3.2
C00159,25,Female,Clothing,Jeans,1467.16,1,Yes,Active,Debit Card,2025-06-28,Delhi,5.0
C00181,48,Male,Beauty,Skin Serum,1501.37,2,No,Inactive,Debit Card,2024-02-16,Delhi,4.0
C00263,23,Female,Home & Kitchen,Lamp,10780.71,1,No,Inactive,Credit Card,2024-09-24,Chandigarh,4.7
C01196,36,Female,Beauty,Shampoo,2115.9,2,No,Active,Net Banking,2025-02-24,Hyderabad,3.7
C00494,18,Male,Electronics,Laptop,37633.76,4,No,Inactive,UPI,2024-11-30,Ahmedabad,5.0
C01103,19,Female,Home & Kitchen,Coffee Maker,10594.67,1,Yes,Inactive,Cash,2025-01-20,Mumbai,3.6
C00075,36,Female,Clothing,Sneakers,4477.31,3,No,Inactive,Credit Card,2025-05-22,Pune,3.7
C01311,31,Male,Home & Kitchen,Bedsheet,412.57,4,Yes,Inactive,UPI,2025-11-26,Jaipur,3.9
C01491,44,Female,Books,Self-Help,1674.7,2,No,Inactive,Cash,2024-05-10,Mumbai,3.4
C01585,33,Other,Clothing,T-Shirt,4800.7,4,Yes,Active,Wallet,2025-11-26,Chennai,4.0
C00955,21,Female,Electronics,Speaker,23832.74,5,No,Inactive,Debit Card,2024-07-17,Ahmedabad,4.8
C00848,43,Male,Home & Kitchen,Storage Box,8590.31,5,No,Active,UPI,2024-07-09,Mumbai,3.1
C00083,38,Female,Books,Business,1954.92,1,No,Active,UPI,2024-10-13,Bengaluru,3.4
C00165,19,Male,Beauty,Lipstick,1302.33,1,Yes,Inactive,Cash,2025-06-18,Delhi,4.0
C00752,45,Male,Home & Kitchen,Lamp,2877.48,1,No,Active,Cash,2024-04-28,Delhi,3.6
C00612,36,Male,Books,Business,1333.57,1,No,Inactive,Debit Card,2025-07-10,Jaipur,5.0
C00199,36,Male,Books,Self-Help,1913.8,3,No,Active,Credit Card,2025-11-19,Pune,3.7
C01508,30,Male,Home & Kitchen,Coffee Maker,10131.11,1,Yes,Inactive,Net Banking,2024-08-22,Bengaluru,4.3
C00278,34,Male,Books,Fiction,1696.2,1,No,Inactive,UPI,2024-02-07,Chandigarh,4.2
C01877,36,Female,Electronics,Smartwatch,64605.19,1,No,Active,UPI,2024-05-18,Mumbai,4.5
C00364,23,Female,Sports,Cricket Bat,11079.75,1,No,Active,Net Banking,2024-02-09,Pune,4.4
C00769,35,Male,Electronics,Laptop,35031.14,2,No,Inactive,Credit Card,2025-12-16,Kolkata,4.4
C00273,42,Female,Sports,Football,2396.99,1,No,Active,Credit Card,2024-08-23,Pune,4.0
C01588,41,Male,Electronics,Headphones,72715.04,2,No,Inactive,UPI,2024-03-02,Delhi,3.6
C00459,30,Male,Home & Kitchen,Cookware,12092.69,2,Yes,Inactive,UPI,2024-12-08,Mumbai,4.5
C00856,49,Female,Home & Kitchen,Lamp,4380.44,2,No,Active,Net Banking,2025-05-27,Ahmedabad,4.1
C01761,21,Other,Sports,Cricket Bat,1511.09,4,Yes,Active,Net Banking,2025-08-19,Jaipur,3.6
C00299,55,Male,Home & Kitchen,Storage Box,11249.11,1,No,Inactive,Credit Card,2024-12-12,Chandigarh,4.4
C00957,26,Female,Sports,Running Shoes,3475.06,3,No,Inactive,Credit Card,2024-04-25,Kolkata,
C01779,31,Female,Sports,Football,4108.5,5,Yes,Active,Credit Card,2025-10-02,Chandigarh,4.7
C01669,61,Male,Beauty,Perfume,1749.79,2,No,Active,UPI,2025-01-25,Ahmedabad,4.5
C00006,34,Male,Home & Kitchen,Cookware,11758.46,2,Yes,Inactive,UPI,2024-06-28,Mumbai,3.5
C01236,44,Male,Electronics,Laptop,68729.45,1,No,Active,Debit Card,2024-04-14,Ahmedabad,5.0
C01623,56,Female,Books,Self-Help,173.86,1,Yes,Active,Net Banking,2024-10-21,Ahmedabad,4.4
C01792,41,Female,Home & Kitchen,Storage Box,10973.96,1,Yes,Inactive,Credit Card,2025-01-30,Mumbai,2.6
C01534,50,Male,Electronics,Laptop,27584.69,3,No,Active,Debit Card,2025-03-19,Delhi,4.3
C01018,41,Female,Beauty,Shampoo,1367.86,3,No,Inactive,Debit Card,2025-12-30,Chandigarh,2.5
C00748,47,Male,Clothing,Sneakers,3788.21,1,Yes,Active,Wallet,2024-12-05,Hyderabad,3.2
C01078,28,Female,Clothing,Jeans,3704.08,2,No,Active,Wallet,2024-08-26,Chandigarh,3.4
C00574,33,Female,Beauty,Perfume,4030.49,1,No,Active,Wallet,2024-04-26,Pune,5.0
C01223,30,Female,Books,Self-Help,1437.78,1,Yes,Inactive,Debit Card,2024-11-05,Delhi,4.0
C00560,19,Male,Clothing,T-Shirt,3353.57,1,No,Inactive,UPI,2025-05-28,Chennai,3.5
C00877,21,Male,Electronics,Smartwatch,6138.27,1,No,Active,Debit Card,2025-11-06,Hyderabad,3.7
C00859,43,Male,Home & Kitchen,Cookware,2157.44,1,No,Active,Cash,2025-06-19,Chennai,3.8
C00344,39,Male,Sports,Yoga Mat,10706.91,4,No,Active,UPI,2024-04-18,Kolkata,4.2
C00814,24,Male,Electronics,Smartwatch,76942.68,1,Yes,Active,Debit Card,2025-09-16,Mumbai,3.2
C00984,30,Male,Books,Self-Help,833.2,2,No,Active,Net Banking,2024-05-28,Bengaluru,5.0
C01167,27,Female,Beauty,Skin Serum,4828.24,1,Yes,Inactive,Net Banking,2025-04-05,Jaipur,3.0
C01249,55,Female,Beauty,Lipstick,3209.03,5,No,Active,Cash,2024-07-13,Bengaluru,4.7
C01186,36,Male,Home & Kitchen,Bedsheet,7299.52,2,No,Inactive,Cash,2025-04-28,Mumbai,4.2
C00610,35,Male,Sports,Dumbbells,9924.38,2,No,Inactive,UPI,2024-10-13,Jaipur,2.9
C00227,35,Male,Clothing,Sneakers,4638.32,2,No,Inactive,Wallet,2024-03-24,Chandigarh,3.3
C01450,23,Female,Electronics,Laptop,62001.85,2,No,Inactive,Debit Card,2025-05-02,Mumbai,3.7
C01629,31,Male,Books,Technology,789.13,3,Yes,Inactive,Debit Card,2025-04-25,Ahmedabad,5.0
C00848,25,Male,Sports,Football,7977.96,1,No,Inactive,Cash,2025-01-30,Ahmedabad,3.9
C01476,61,Male,Beauty,Perfume,763.17,1,Yes,Inactive,Credit Card,2024-07-08,Chennai,5.0
C01032,62,Male,Home & Kitchen,Coffee Maker,10771.75,2,No,Inactive,Net Banking,2025-07-20,Mumbai,4.0
C00051,56,Male,Clothing,Sneakers,2114.52,1,No,Inactive,Credit Card,2025-02-22,Mumbai,4.6
C01292,18,Female,Electronics,Smartphone,47044.29,2,No,Active,Cash,2025-10-19,Bengaluru,4.3
C00139,35,Female,Electronics,Speaker,28974.61,1,No,Inactive,Cash,2025-07-25,Kolkata,3.0
C00274,39,Other,Books,Business,360.28,3,No,Inactive,UPI,2025-06-05,Jaipur,
C01930,22,Female,Beauty,Face Cream,2488.33,1,No,Inactive,Debit Card,2024-09-13,Chandigarh,3.6
C00142,36,Female,Beauty,Lipstick,987.57,2,Yes,Inactive,UPI,2025-12-16,Jaipur,3.6
C01083,36,Female,Sports,Dumbbells,11755.78,1,No,Inactive,Cash,2025-10-16,Chennai,4.1
C01788,46,Female,Beauty,Face Cream,4867.12,1,Yes,Active,Debit Card,2024-01-17,Kolkata,3.0
C01400,41,Female,Electronics,Headphones,79930.15,1,Yes,Inactive,UPI,2025-11-02,Jaipur,3.4
C00055,65,Male,Beauty,Face Cream,4443.57,2,No,Active,Debit Card,2024-10-22,Chandigarh,3.4
C00218,46,Male,Clothing,Dress,338.4,1,No,Active,UPI,2024-01-04,Jaipur,5.0
C01690,27,Male,Clothing,Dress,3005.15,1,No,Active,UPI,2024-03-31,Pune,4.4
C01464,49,Male,Clothing,Jeans,3526.25,2,Yes,Active,Credit Card,2024-11-23,Mumbai,3.8
C01187,58,Female,Electronics,Smartphone,14420.94,5,No,Inactive,Debit Card,2025-02-26,Delhi,3.9
C01450,47,Male,Clothing,Jeans,3444.67,1,Yes,Inactive,Debit Card,2025-07-14,Hyderabad,2.9
C00350,62,Female,Sports,Yoga Mat,1212.61,2,Yes,Inactive,Credit Card,2024-12-09,Pune,3.2
C01953,48,Female,Home & Kitchen,Storage Box,3562.02,1,Yes,Inactive,Credit Card,2025-09-24,Chandigarh,2.7
C00974,42,Male,Clothing,T-Shirt,926.98,1,Yes,Active,Cash,2025-04-29,Chennai,3.7
C01206,53,Other,Clothing,Sneakers,1688.38,1,Yes,Inactive,Debit Card,2025-08-24,Chandigarh,3.6
C00321,32,Female,Electronics,Headphones,12297.99,1,Yes,Active,UPI,2024-01-20,Delhi,4.4
C00850,54,Female,Clothing,T-Shirt,615.71,4,No,Inactive,Credit Card,2025-03-05,Bengaluru,2.8
C01411,26,Female,Sports,Cricket Bat,9238.65,1,No,Inactive,UPI,2025-07-26,Hyderabad,4.9
C01634,62,Male,Electronics,Smartwatch,65387.11,3,No,Inactive,Credit Card,2025-07-11,Chennai,3.8
C00558,47,Male,Clothing,T-Shirt,3642.89,2,No,Active,Debit Card,2025-01-18,Chennai,5.0
C01655,38,Female,Sports,Running Shoes,8157.34,1,Yes,Inactive,UPI,2025-06-08,Chennai,4.6
C01902,24,Female,Beauty,Lipstick,1430.51,3,No,Inactive,Credit Card,2025-12-30,Delhi,3.8
C01709,65,Female,Beauty,Perfume,4681.52,1,No,Active,Wallet,2025-07-22,Jaipur,3.8
C00666,61,Female,Electronics,Laptop,62054.18,2,Yes,Inactive,Credit Card,2024-02-18,Pune,3.6
C01552,26,Female,Home & Kitchen,Cookware,6346.9,2,No,Inactive,Debit Card,2024-05-14,Hyderabad,3.8
C00629,61,Male,Home & Kitchen,Bedsheet,14881.02,1,No,Active,UPI,2024-10-21,Chandigarh,4.1
C01995,57,Female,Home & Kitchen,Lamp,7283.5,1,Yes,Active,Credit Card,2024-03-15,Chennai,3.7
C01811,58,Male,Clothing,Sneakers,3289.85,4,Yes,Inactive,UPI,2025-01-17,Hyderabad,3.5
C00732,26,Female,Home & Kitchen,Lamp,14877.81,4,Yes,Inactive,Cash,2025-06-07,Chandigarh,4.1
C00802,58,Male,Clothing,Sneakers,3421.37,3,No,Inactive,UPI,2024-10-28,Chandigarh,3.6
C01036,54,Female,Home & Kitchen,Storage Box,12370.94,1,Yes,Inactive,Credit Card,2024-10-09,Jaipur,4.1
C01841,21,Male,Clothing,Jeans,3847.84,4,No,Active,UPI,2025-01-09,Pune,4.2
C01051,48,Male,Home & Kitchen,Coffee Maker,9549.64,4,Yes,Active,Debit Card,2024-09-30,Hyderabad,3.8
C01481,41,Male,Beauty,Perfume,2193.74,1,Yes,Inactive,Cash,2024-01-17,Chandigarh,4.5
C01084,37,Female,Clothing,Sneakers,4687.58,2,No,Active,Credit Card,2024-12-14,Mumbai,4.3
C01185,52,Female,Home & Kitchen,Lamp,12794.33,1,Yes,Inactive,Net Banking,2025-04-03,Jaipur,4.6
C01344,19,Male,Books,Comics,1901.61,2,No,Inactive,Cash,2024-01-21,Chennai,3.3
C00172,24,Female,Clothing,Sneakers,2332.32,2,No,Inactive,UPI,2025-04-12,Delhi,3.4
C01063,29,Male,Clothing,Sneakers,4261.23,2,No,Inactive,Credit Card,2024-08-28,Hyderabad,3.7
C01172,42,Male,Clothing,Jeans,3388.11,2,No,Inactive,Debit Card,2024-03-02,Hyderabad,3.7
C00653,58,Female,Clothing,Jeans,2108.78,2,Yes,Inactive,Debit Card,2025-04-14,Chennai,4.0
C00654,28,Female,Sports,Dumbbells,5733.77,4,No,Inactive,Credit Card,2024-08-09,Jaipur,4.1
C00082,34,Female,Books,Self-Help,1238.65,1,No,Inactive,Net Banking,2024-12-04,Bengaluru,4.1
C00016,27,Female,Electronics,Headphones,17607.68,3,Yes,Inactive,Credit Card,2025-03-04,Hyderabad,5.0
C00188,37,Female,Clothing,T-Shirt,1559.06,2,Yes,Inactive,UPI,2025-01-12,Chennai,3.5
C01138,54,Female,Clothing,Sneakers,1057.91,2,Yes,Inactive,Debit Card,2024-03-09,Delhi,5.0
C00721,52,Male,Clothing,Jacket,4159.55,1,No,Inactive,UPI,2024-09-16,Jaipur,3.5
C01904,25,Male,Beauty,Skin Serum,2755.18,3,No,Active,Debit Card,2024-09-07,Delhi,4.2
C01873,60,Male,Clothing,Jeans,3730.39,2,No,Active,Debit Card,2025-09-02,Jaipur,3.4
C01131,57,Male,Home & Kitchen,Bedsheet,7216.87,1,No,Inactive,Cash,2025-11-20,Hyderabad,3.6
C00499,43,Male,Sports,Dumbbells,9140.87,1,No,Inactive,UPI,2024-12-03,Delhi,4.5
C00227,55,Female,Beauty,Lipstick,3346.06,4,Yes,Inactive,Wallet,2024-06-30,Pune,4.7
C01891,21,Male,Books,Comics,627.25,3,No,Inactive,Credit Card,2025-12-01,Kolkata,5.0
C01530,63,Female,Electronics,Smartphone,82944.74,2,No,Active,Cash,2024-11-07,Mumbai,5.0
C01649,38,Female,Electronics,Speaker,31662.52,2,No,Inactive,UPI,2024-02-17,Pune,5.0
C01437,57,Male,Sports,Cricket Bat,9633.48,4,Yes,Active,Cash,2024-12-20,Delhi,4.2
C01556,33,Female,Home & Kitchen,Storage Box,4391.25,3,Yes,Inactive,Cash,2025-06-07,Kolkata,3.6
C00426,43,Female,Clothing,Dress,377.64,1,No,Active,Debit Card,2025-01-01,Jaipur,4.5
C00109,29,Female,Beauty,Skin Serum,1398.12,2,No,Inactive,Net Banking,2025-03-24,Jaipur,4.3
C00370,21,Female,Sports,Dumbbells,3134.63,5,No,Inactive,Net Banking,2025-11-25,Chennai,5.0
C00329,40,Male,Sports,Football,3755.59,4,No,Inactive,Debit Card,2024-12-14,Bengaluru,3.9
C00190,27,Male,Clothing,Sneakers,2988.82,1,No,Active,Cash,2024-01-15,Pune,3.6
C01185,61,Male,Electronics,Smartwatch,71666.55,2,Yes,Inactive,Debit Card,2025-08-11,Delhi,5.0
C01170,57,Male,Sports,Cricket Bat,4470.09,3,Yes,Active,Cash,2024-05-21,Chandigarh,3.0
C01933,38,Female,Beauty,Perfume,589.03,1,No,Active,UPI,2024-02-25,Delhi,4.1
C00618,19,Female,Electronics,Headphones,18026.33,2,Yes,Inactive,UPI,2024-04-08,Hyderabad,3.7
C01500,43,Female,Books,Business,716.25,1,No,Inactive,Cash,2024-11-15,Bengaluru,3.2
C01878,58,Female,Clothing,Jeans,4808.0,2,Yes,Inactive,Debit Card,2025-04-18,Kolkata,3.9
C00415,23,Male,Clothing,Jeans,1833.34,2,No,Active,UPI,2024-04-13,Chandigarh,4.6
C00851,44,Male,Beauty,Face Cream,1021.72,4,Yes,Active,UPI,2024-01-11,Pune,5.0
C01785,41,Male,Books,Technology,859.89,1,Yes,Inactive,Debit Card,2024-07-19,Pune,3.6
C01908,54,Female,Electronics,Speaker,45759.56,1,No,Inactive,Debit Card,2025-10-09,Jaipur,4.3
C00785,37,Female,Home & Kitchen,Cookware,3516.8,2,No,Inactive,UPI,2024-01-03,Chennai,4.7
C01953,26,Female,Electronics,Smartwatch,58612.89,1,No,Inactive,Debit Card,2024-06-02,Chennai,4.3
C01387,23,Male,Sports,Running Shoes,8250.45,3,Yes,Inactive,Cash,2024-08-15,Pune,5.0
C00956,46,Female,Clothing,Jeans,4021.75,2,No,Inactive,Debit Card,2025-10-18,Kolkata,3.7
C00772,18,Female,Clothing,Jeans,3604.81,3,No,Inactive,Debit Card,2025-04-15,Mumbai,4.4
C00468,49,Male,Books,Comics,1977.02,3,No,Active,Wallet,2025-08-10,Bengaluru,4.2
C00045,61,Female,Sports,Cricket Bat,10456.15,3,No,Inactive,Debit Card,2024-04-30,Kolkata,3.9
C01953,59,Female,Clothing,Jacket,3762.11,2,Yes,Inactive,Debit Card,2024-03-06,Hyderabad,3.5
C00593,60,Female,Electronics,Smartphone,54726.64,3,No,Inactive,Debit Card,2025-11-14,Kolkata,4.7
C01438,30,Male,Electronics,Laptop,49978.83,1,Yes,Active,UPI,2025-12-12,Delhi,3.3
C01551,27,Female,Home & Kitchen,Bedsheet,9831.3,4,Yes,Active,UPI,2025-01-31,Bengaluru,3.1
C00718,59,Female,Beauty,Perfume,2045.5,2,No,Inactive,Credit Card,2024-11-15,Pune,3.9
C01888,27,Female,Clothing,Dress,1111.22,4,Yes,Active,Wallet,2024-11-30,Delhi,3.3
C00739,35,Male,Electronics,Speaker,4228.24,1,No,Inactive,Credit Card,2025-08-04,Mumbai,4.3
C00516,58,Female,Clothing,Sneakers,1385.76,1,No,Inactive,Credit Card,2025-02-25,Jaipur,4.2
C00854,49,Female,Beauty,Perfume,1345.56,1,Yes,Inactive,UPI,2024-06-10,Bengaluru,5.0
C00995,40,Female,Clothing,Jeans,802.81,1,No,Active,Net Banking,2024-12-29,Mumbai,2.8
C00685,50,Female,Clothing,T-Shirt,510.13,3,No,Inactive,Debit Card,2025-01-11,Kolkata,4.1
C01490,53,Female,Clothing,T-Shirt,4261.02,2,No,Active,Credit Card,2025-04-17,Delhi,4.0
C00308,30,Female,Clothing,Jeans,1280.8,1,No,Inactive,UPI,2025-01-12,Bengaluru,4.2
C01622,59,Male,Clothing,Sneakers,1500.05,2,Yes,Inactive,Cash,2024-11-25,Ahmedabad,4.8
C00514,49,Female,Books,Business,619.06,1,No,Active,Debit Card,2025-07-06,Ahmedabad,3.4
C00664,31,Female,Sports,Cricket Bat,7682.39,1,No,Inactive,Cash,2025-06-30,Chennai,4.0
C01137,60,Female,Clothing,Jacket,1347.32,3,Yes,Active,Debit Card,2025-07-02,Mumbai,4.8
C01790,32,Female,Books,Fiction,1346.83,1,Yes,Inactive,UPI,2024-01-23,Chennai,3.6
C00039,49,Female,Sports,Football,3059.48,3,No,Inactive,Debit Card,2024-01-03,Ahmedabad,3.6
C00302,53,Female,Clothing,Dress,1760.16,1,No,Active,Debit Card,2025-07-19,Pune,4.1
C00763,30,Male,Electronics,Smartwatch,31703.12,1,No,Active,Credit Card,2025-02-21,Bengaluru,3.4
C00821,38,Male,Electronics,Speaker,66727.3,2,No,Inactive,Wallet,2024-05-29,Delhi,3.3
C00972,43,Female,Home & Kitchen,Cookware,6762.37,1,No,Inactive,Net Banking,2024-04-04,Bengaluru,4.2
C01490,53,Female,Electronics,Headphones,69104.05,1,No,Inactive,Net Banking,2025-03-20,Kolkata,4.2
C01934,36,Male,Sports,Cricket Bat,4534.67,1,No,Inactive,Debit Card,2025-03-25,Kolkata,5.0
C01941,45,Male,Clothing,Dress,4643.95,1,No,Active,Wallet,2025-08-04,Mumbai,4.7
C01214,24,Male,Home & Kitchen,Storage Box,13303.79,3,No,Inactive,Wallet,2024-09-12,Ahmedabad,3.8
C01580,35,Female,Beauty,Lipstick,3265.17,1,No,Inactive,Cash,2024-11-21,Delhi,5.0
C01119,65,Female,Clothing,Sneakers,4942.17,1,Yes,Inactive,Debit Card,2025-06-14,Pune,4.4
C01300,54,Female,Books,Business,1444.39,5,No,Inactive,Credit Card,2024-04-19,Ahmedabad,4.6
C00718,37,Male,Home & Kitchen,Storage Box,3891.75,3,No,Inactive,Credit Card,2024-05-04,Pune,3.8
C00411,25,Male,Sports,Yoga Mat,3651.97,5,No,Active,Credit Card,2025-02-21,Hyderabad,4.5
C01310,58,Female,Home & Kitchen,Coffee Maker,12894.12,1,Yes,Inactive,UPI,2025-08-20,Jaipur,3.5
C00219,47,Male,Electronics,Speaker,20078.85,1,No,Active,Cash,2025-04-18,Mumbai,3.3
C01168,19,Other,Books,Technology,1953.05,1,No,Inactive,Net Banking,2025-07-01,Chennai,4.7
C01065,21,Male,Clothing,Dress,1227.3,3,No,Active,Credit Card,2024-09-27,Kolkata,3.7
C01744,21,Female,Electronics,Speaker,79964.58,1,No,Inactive,UPI,2024-01-26,Bengaluru,4.3
C01544,58,Female,Beauty,Lipstick,661.98,4,No,Inactive,Net Banking,2024-01-06,Hyderabad,4.1
C00661,38,Male,Beauty,Face Cream,1716.77,1,Yes,Inactive,Credit Card,2025-04-13,Chennai,4.8
C00481,44,Female,Books,Fiction,1011.33,4,Yes,Inactive,Debit Card,2024-09-13,Jaipur,3.3
C01610,61,Male,Electronics,Smartphone,52624.32,1,No,Inactive,Cash,2024-02-23,Jaipur,4.5
C00361,50,Female,Books,Fiction,1347.02,2,No,Inactive,Debit Card,2024-06-27,Jaipur,4.0
C01151,22,Male,Beauty,Face Cream,2620.15,1,No,Inactive,Wallet,2024-09-13,Hyderabad,3.9
C00086,39,Male,Beauty,Skin Serum,3222.59,3,No,Inactive,UPI,2025-07-30,Bengaluru,3.2
C01971,23,Female,Beauty,Perfume,1067.58,1,No,Inactive,Cash,2025-04-24,Chandigarh,4.5
C00233,41,Female,Home & Kitchen,Bedsheet,7389.49,2,No,Active,UPI,2025-03-26,Hyderabad,3.7
C00152,41,Female,Electronics,Smartwatch,62006.14,4,No,Inactive,Credit Card,2025-02-18,Jaipur,2.5
C00985,65,Male,Books,Fiction,1759.0,1,No,Inactive,Debit Card,2024-11-15,Chennai,5.0
C01885,34,Male,Electronics,Speaker,79517.06,1,No,Inactive,UPI,2025-08-26,Jaipur,3.5
C01134,23,Male,Clothing,T-Shirt,1660.45,2,No,Inactive,Debit Card,2024-08-10,Hyderabad,3.8
C00914,19,Male,Books,Business,295.43,2,No,Inactive,Debit Card,2024-02-26,Jaipur,4.7
C00517,37,Male,Clothing,Dress,1642.17,5,No,Inactive,Credit Card,2024-12-18,Ahmedabad,4.3
C00844,54,Male,Beauty,Perfume,2441.77,1,No,Inactive,Debit Card,2024-05-08,Jaipur,4.0
C00415,38,Female,Electronics,Speaker,3875.76,2,Yes,Inactive,UPI,2025-07-27,Pune,4.0
C01954,26,Female,Sports,Football,1089.3,1,No,Active,Wallet,2025-06-28,Mumbai,5.0
C00281,25,Male,Electronics,Laptop,13217.45,5,No,Inactive,UPI,2024-03-04,Chandigarh,3.7
C00772,18,Female,Home & Kitchen,Storage Box,638.34,2,No,Inactive,Debit Card,2025-11-30,Delhi,4.2
C01944,36,Male,Home & Kitchen,Cookware,7183.38,2,No,Inactive,Credit Card,2025-01-14,Chandigarh,4.5
C01465,34,Female,Books,Self-Help,485.51,1,No,Inactive,UPI,2024-07-19,Ahmedabad,4.5
C01535,18,Male,Electronics,Speaker,82776.02,1,No,Inactive,UPI,2024-06-07,Pune,4.3
C00128,60,Male,Electronics,Laptop,80120.45,2,Yes,Inactive,Wallet,2024-07-14,Delhi,2.8
C01392,37,Male,Sports,Cricket Bat,11884.54,3,No,Inactive,UPI,2024-07-02,Ahmedabad,4.7
C01688,25,Female,Sports,Yoga Mat,11770.39,3,No,Active,Debit Card,2024-09-18,Hyderabad,3.5
C00209,54,Female,Beauty,Skin Serum,4380.34,1,Yes,Inactive,Credit Card,2025-07-07,Hyderabad,4.4
C00942,34,Female,Home & Kitchen,Bedsheet,9917.44,1,No,Inactive,UPI,2025-03-30,Pune,3.3
C00036,56,Male,Electronics,Smartphone,30486.8,2,No,Inactive,Credit Card,2024-04-17,Jaipur,4.1
C00647,41,Female,Sports,Yoga Mat,5978.08,3,Yes,Active,Wallet,2025-05-25,Hyderabad,3.7
C00529,63,Male,Clothing,T-Shirt,4903.37,1,No,Active,Credit Card,2025-02-16,Bengaluru,4.8
C00447,56,Male,Sports,Dumbbells,10620.71,2,Yes,Inactive,UPI,2024-01-10,Kolkata,4.1
C01699,55,Other,Electronics,Headphones,7494.88,1,No,Active,UPI,2024-10-25,Chennai,4.6
C00195,23,Female,Electronics,Smartwatch,25392.9,2,Yes,Active,UPI,2025-01-04,Chandigarh,3.2
C01296,33,Female,Clothing,Dress,2927.13,2,No,Active,UPI,2025-05-27,Hyderabad,4.0
C01629,24,Other,Home & Kitchen,Coffee Maker,12557.82,1,No,Active,Debit Card,2025-02-24,Hyderabad,4.2
C00552,53,Male,Electronics,Speaker,55295.65,5,No,Active,Credit Card,2025-05-08,Hyderabad,4.6
C00165,19,Male,Home & Kitchen,Bedsheet,4738.29,2,No,Active,Credit Card,2024-08-24,Delhi,3.6
C01727,48,Male,Sports,Running Shoes,6801.49,2,No,Active,UPI,2024-09-29,Bengaluru,3.5
C01752,45,Female,Home & Kitchen,Cookware,10536.11,2,No,Inactive,Debit Card,2025-07-16,Delhi,4.9
C01987,34,Male,Clothing,Sneakers,1981.01,1,No,Inactive,Credit Card,2024-02-07,Bengaluru,4.2
C01227,43,Male,Electronics,Smartwatch,6569.39,1,Yes,Inactive,Cash,2025-03-30,Chennai,3.1
C00194,64,Female,Sports,Dumbbells,7303.25,1,No,Active,UPI,2024-09-07,Mumbai,4.6
C00013,45,Female,Sports,Dumbbells,7605.88,1,Yes,Active,Debit Card,2025-07-09,Chennai,3.8
C01558,53,Other,Sports,Running Shoes,6873.2,2,Yes,Inactive,Debit Card,2024-02-13,Ahmedabad,4.6
C01821,65,Female,Clothing,Jacket,4235.82,3,No,Inactive,Debit Card,2025-05-08,Chandigarh,3.5
C00464,34,Male,Home & Kitchen,Cookware,11060.85,1,Yes,Inactive,UPI,2024-09-22,Delhi,4.0
C00345,23,Male,Sports,Cricket Bat,5890.34,1,No,Active,Wallet,2024-06-14,Bengaluru,3.7
C00959,64,Female,Electronics,Laptop,30811.02,1,No,Active,Debit Card,2025-11-11,Mumbai,4.8
C00777,61,Male,Home & Kitchen,Bedsheet,2698.44,2,No,Active,Debit Card,2024-12-03,Delhi,3.0
C01621,35,Female,Beauty,Face Cream,2432.6,4,No,Inactive,Credit Card,2024-02-27,Jaipur,4.2
C00524,24,Male,Electronics,Smartwatch,84990.87,3,No,Active,Debit Card,2025-08-26,Mumbai,4.5
C01950,43,Female,Books,Business,1305.96,1,No,Inactive,Wallet,2024-04-24,Bengaluru,4.7
C00488,49,Female,Sports,Yoga Mat,11337.95,3,Yes,Active,UPI,2025-04-05,Jaipur,3.7
C01822,52,Male,Electronics,Smartwatch,48227.12,1,No,Inactive,Net Banking,2025-12-02,Bengaluru,3.0
C00329,55,Female,Clothing,Jeans,745.39,3,No,Inactive,UPI,2025-10-31,Hyderabad,3.8
C00730,41,Female,Clothing,Jeans,340.61,2,No,Active,Wallet,2025-05-29,Delhi,3.7
C00190,26,Female,Books,Fiction,217.8,1,No,Active,Net Banking,2025-10-30,Kolkata,4.8
C01821,19,Male,Beauty,Lipstick,1905.19,3,Yes,Active,UPI,2024-03-19,Ahmedabad,3.4
C00791,35,Male,Sports,Cricket Bat,10016.3,4,No,Inactive,UPI,2024-02-05,Delhi,3.3
C01778,20,Female,Beauty,Lipstick,3346.97,1,No,Inactive,Credit Card,2024-12-20,Bengaluru,5.0
C01880,59,Male,Clothing,Sneakers,1123.97,3,No,Active,Credit Card,2024-02-04,Hyderabad,4.3
C00647,65,Male,Beauty,Face Cream,3383.0,3,No,Inactive,UPI,2025-12-22,Kolkata,4.5
C00363,27,Other,Electronics,Laptop,43544.23,1,Yes,Inactive,UPI,2024-12-03,Delhi,3.8
C01915,37,Female,Home & Kitchen,Bedsheet,908.93,2,No,Active,Net Banking,2025-07-29,Delhi,4.9
C00951,55,Male,Electronics,Speaker,25671.86,3,Yes,Active,Credit Card,2024-03-10,Delhi,5.0
C00460,18,Male,Home & Kitchen,Storage Box,4161.1,2,No,Inactive,Debit Card,2024-01-09,Chandigarh,3.5
C00226,38,Female,Electronics,Speaker,54922.61,1,Yes,Active,UPI,2025-06-29,Delhi,4.3
C01435,60,Female,Sports,Running Shoes,8337.54,1,No,Active,UPI,2024-03-23,Mumbai,3.9
C01117,57,Female,Books,Technology,1342.34,3,No,Inactive,Debit Card,2025-06-30,Jaipur,4.8
C00231,62,Female,Beauty,Shampoo,723.57,1,Yes,Active,Debit Card,2024-07-03,Hyderabad,3.2
C00497,23,Male,Sports,Cricket Bat,8799.18,2,Yes,Active,Net Banking,2025-08-11,Mumbai,3.9
C01774,18,Female,Clothing,Jeans,3841.68,1,No,Active,UPI,2025-01-12,Ahmedabad,4.3
C00841,55,Female,Electronics,Smartwatch,18916.07,2,No,Inactive,UPI,2025-02-10,Bengaluru,2.8
C01352,18,Female,Books,Business,821.45,2,Yes,Active,UPI,2025-02-20,Bengaluru,5.0
C01109,57,Female,Electronics,Headphones,29747.0,1,No,Inactive,Credit Card,2024-05-08,Chandigarh,4.6
C01238,60,Male,Clothing,Jacket,465.15,1,No,Inactive,Cash,2025-12-07,Kolkata,3.3
C00001,58,Male,Clothing,T-Shirt,2705.98,1,Yes,Active,Debit Card,2025-11-15,Chandigarh,4.7
C01469,42,Other,Books,Comics,807.88,3,No,Active,Wallet,2025-06-16,Chandigarh,5.0
C00312,35,Male,Electronics,Smartwatch,88515.16,1,Yes,Inactive,UPI,2025-11-30,Chandigarh,4.8
C00582,27,Female,Beauty,Face Cream,245.67,1,No,Inactive,Debit Card,2024-05-29,Chennai,3.6
C00287,48,Other,Sports,Running Shoes,5656.84,1,Yes,Active,Net Banking,2025-11-01,Ahmedabad,4.1
C00406,41,Male,Books,Technology,853.13,5,Yes,Active,Net Banking,2024-10-06,Mumbai,4.4
C01284,59,Male,Home & Kitchen,Storage Box,4137.84,5,No,Inactive,Cash,2025-10-29,Delhi,4.3
C00646,52,Male,Beauty,Lipstick,1584.35,4,No,Inactive,Net Banking,2024-05-03,Pune,4.3
C01659,23,Female,Home & Kitchen,Lamp,7266.23,1,Yes,Inactive,Credit Card,2024-04-10,Chennai,5.0
C00897,48,Female,Clothing,Sneakers,2106.73,1,No,Inactive,UPI,2025-05-21,Chennai,3.1
C01538,48,Other,Sports,Running Shoes,2930.77,5,No,Active,Debit Card,2024-10-06,Pune,4.8
C01048,18,Male,Sports,Football,1154.03,1,No,Inactive,Net Banking,2025-03-03,Jaipur,3.6
C01873,32,Female,Clothing,Jeans,3897.91,1,Yes,Active,Cash,2025-11-14,Pune,3.1
C01746,41,Female,Clothing,Jeans,4032.62,2,No,Inactive,Debit Card,2024-05-03,Kolkata,5.0
C01916,30,Male,Books,Business,1155.6,1,No,Inactive,Credit Card,2025-10-30,Pune,3.6
C01399,21,Female,Beauty,Skin Serum,4352.38,2,No,Active,UPI,2025-10-03,Pune,3.1
C01983,48,Female,Home & Kitchen,Cookware,14431.61,3,No,Inactive,Debit Card,2024-05-25,Chandigarh,5.0
C01781,29,Male,Electronics,Laptop,65206.51,4,Yes,Active,UPI,2024-11-02,Chandigarh,3.2
C00321,43,Male,Beauty,Lipstick,1309.94,4,No,Inactive,Credit Card,2024-10-22,Delhi,4.2
C01492,44,Male,Home & Kitchen,Lamp,2672.97,2,Yes,Inactive,Credit Card,2024-10-11,Ahmedabad,3.7
C00483,20,Male,Sports,Football,6322.38,2,No,Inactive,Credit Card,2025-11-12,Mumbai,5.0
C00179,51,Female,Beauty,Skin Serum,2759.51,2,Yes,Inactive,Cash,2025-12-02,Hyderabad,3.7
C00663,33,Male,Electronics,Smartwatch,6050.0,2,No,Active,Debit Card,2025-03-13,Chandigarh,2.9
C01871,62,Female,Electronics,Headphones,59765.14,5,Yes,Active,Cash,2025-02-21,Ahmedabad,3.7
C00799,34,Female,Sports,Dumbbells,11510.48,1,No,Inactive,Credit Card,2024-03-19,Chandigarh,3.8
C01301,38,Male,Home & Kitchen,Coffee Maker,4081.03,1,No,Inactive,UPI,2024-08-08,Ahmedabad,3.4
C01826,31,Male,Clothing,Dress,1732.28,2,No,Inactive,UPI,2024-02-26,Kolkata,5.0
C00367,32,Female,Sports,Dumbbells,3135.7,1,No,Active,Debit Card,2024-10-02,Pune,4.0
C00796,27,Female,Clothing,T-Shirt,3908.66,2,Yes,Active,Credit Card,2025-02-27,Jaipur,4.0
C01678,19,Male,Clothing,Sneakers,3749.25,1,No,Inactive,Debit Card,2024-03-28,Delhi,3.8
C01326,36,Female,Books,Self-Help,725.87,1,No,Active,Credit Card,2024-11-26,Ahmedabad,5.0
C01459,44,Female,Clothing,Dress,1444.92,2,No,Active,Net Banking,2024-08-09,Bengaluru,4.1
C01073,51,Female,Clothing,Dress,2966.77,2,Yes,Inactive,Credit Card,2024-01-11,Kolkata,5.0
C01772,34,Male,Books,Business,1203.16,1,Yes,Active,Debit Card,2024-10-25,Ahmedabad,4.1
C01172,19,Male,Beauty,Face Cream,3419.2,1,No,Inactive,Credit Card,2024-02-15,Bengaluru,3.1
C00332,29,Male,Clothing,Jeans,4981.51,3,Yes,Active,Debit Card,2024-07-19,Jaipur,
C00475,32,Female,Beauty,Skin Serum,520.89,1,No,Inactive,Credit Card,2025-08-26,Pune,4.4
C00849,25,Female,Sports,Yoga Mat,6085.03,2,Yes,Active,UPI,2024-01-30,Ahmedabad,3.8
C01807,37,Female,Home & Kitchen,Lamp,12896.32,4,Yes,Inactive,Debit Card,2025-05-06,Hyderabad,4.1
C01256,57,Other,Home & Kitchen,Storage Box,9619.79,5,Yes,Active,Debit Card,2025-12-18,Chennai,4.2
C00806,19,Male,Electronics,Smartphone,66832.0,1,No,Active,Debit Card,2024-09-09,Delhi,3.5
C00450,42,Female,Books,Technology,320.43,1,No,Active,Debit Card,2025-12-30,Mumbai,4.8
C00059,25,Male,Clothing,T-Shirt,723.85,2,No,Inactive,UPI,2025-02-17,Pune,3.6
C01364,62,Male,Electronics,Laptop,25018.05,1,No,Active,Credit Card,2024-08-12,Chandigarh,3.8
C01542,31,Female,Books,Comics,729.35,1,No,Inactive,Credit Card,2025-12-24,Mumbai,2.7
C00832,44,Male,Sports,Yoga Mat,11724.62,2,No,Inactive,Credit Card,2024-06-17,Pune,3.6
C01194,36,Female,Electronics,Smartwatch,80161.64,2,No,Inactive,UPI,2024-02-07,Chandigarh,3.8
C01440,62,Male,Beauty,Shampoo,3747.98,3,No,Inactive,Debit Card,2024-04-08,Ahmedabad,3.8
C00662,40,Female,Clothing,Dress,2921.22,1,Yes,Active,UPI,2024-06-10,Jaipur,3.4
C01307,24,Male,Electronics,Laptop,70625.95,1,No,Active,Wallet,2025-11-17,Delhi,4.0
C01327,61,Male,Sports,Running Shoes,1248.67,3,Yes,Inactive,Credit Card,2025-10-30,Mumbai,4.4
C01606,58,Male,Home & Kitchen,Bedsheet,2740.1,4,Yes,Inactive,Debit Card,2025-05-04,Chennai,4.0
C01068,43,Male,Home & Kitchen,Lamp,9525.97,3,No,Active,Debit Card,2024-12-17,Jaipur,3.6
C00690,65,Male,Clothing,Sneakers,3892.01,1,Yes,Active,Debit Card,2025-03-16,Pune,5.0
C00662,61,Male,Clothing,Dress,2251.83,5,Yes,Inactive,Credit Card,2024-11-08,Chandigarh,4.4
C01014,53,Male,Home & Kitchen,Cookware,1601.24,3,No,Inactive,Credit Card,2024-12-09,Pune,3.8
C01932,44,Female,Clothing,T-Shirt,971.83,3,No,Inactive,Credit Card,2024-09-12,Jaipur,4.1
C01781,27,Female,Clothing,Jacket,2166.29,2,Yes,Inactive,Debit Card,2025-05-02,Jaipur,4.1
C01782,43,Female,Electronics,Laptop,11561.46,4,No,Inactive,Wallet,2024-07-12,Kolkata,4.6
C01675,60,Female,Clothing,T-Shirt,2630.59,2,Yes,Active,Credit Card,2024-06-19,Kolkata,4.3
C01720,37,Male,Beauty,Shampoo,3027.33,3,Yes,Inactive,Credit Card,2024-02-06,Delhi,3.9
C00187,56,Female,Sports,Dumbbells,1238.46,2,No,Inactive,UPI,2025-06-15,Mumbai,4.4
C00837,21,Male,Sports,Yoga Mat,11449.09,1,No,Active,UPI,2024-05-14,Bengaluru,4.1
C01343,35,Male,Electronics,Speaker,7386.08,2,No,Inactive,Debit Card,2024-06-12,Chandigarh,3.2
C00199,62,Female,Clothing,T-Shirt,1638.38,4,No,Inactive,Debit Card,2025-08-20,Kolkata,3.2
C00868,37,Female,Clothing,Jeans,3423.24,1,No,Inactive,Net Banking,2024-10-14,Delhi,4.7
C01581,42,Female,Home & Kitchen,Bedsheet,1468.46,3,No,Inactive,Debit Card,2024-05-20,Bengaluru,3.2
C01800,63,Female,Electronics,Laptop,10274.3,3,Yes,Inactive,Credit Card,2025-03-07,Kolkata,4.3
C01408,53,Other,Clothing,Jeans,3339.41,1,No,Inactive,Net Banking,2025-04-24,Mumbai,3.8
C01647,28,Male,Electronics,Smartphone,10018.7,1,No,Active,Cash,2025-08-21,Bengaluru,3.8
C00546,60,Male,Home & Kitchen,Cookware,5523.06,2,Yes,Inactive,Debit Card,2025-04-21,Chennai,4.2
C00936,23,Female,Electronics,Laptop,71812.04,2,Yes,Inactive,UPI,2024-10-09,Ahmedabad,4.6
C00822,18,Male,Clothing,T-Shirt,563.89,1,Yes,Active,Credit Card,2024-07-29,Bengaluru,3.0
C01018,65,Other,Clothing,Sneakers,1258.01,5,No,Inactive,Cash,2024-03-18,Chennai,4.1
C01851,45,Female,Beauty,Perfume,4720.74,1,Yes,Inactive,UPI,2024-10-14,Bengaluru,4.3
C00618,45,Female,Sports,Football,2229.01,1,Yes,Inactive,UPI,2025-11-11,Ahmedabad,3.7
C00885,39,Male,Electronics,Smartphone,73758.44,4,No,Inactive,Wallet,2024-07-28,Mumbai,3.5
C00592,36,Male,Electronics,Headphones,85501.85,1,Yes,Inactive,UPI,2024-08-22,Mumbai,5.0
C01510,43,Male,Sports,Dumbbells,8545.96,2,No,Active,Credit Card,2024-02-20,Delhi,3.2
C01374,56,Female,Beauty,Shampoo,1545.8,4,No,Active,Wallet,2025-02-02,Hyderabad,5.0
C01460,60,Male,Electronics,Laptop,20895.15,2,No,Active,UPI,2025-09-28,Jaipur,3.2
C01034,49,Female,Clothing,Jeans,530.57,3,Yes,Inactive,Wallet,2024-03-25,Jaipur,4.3
C01684,29,Female,Clothing,Dress,1230.1,1,No,Inactive,Debit Card,2024-12-11,Jaipur,4.6
C01250,63,Female,Sports,Dumbbells,2453.16,2,Yes,Inactive,Cash,2024-08-18,Ahmedabad,4.9
C00132,50,Male,Sports,Cricket Bat,6463.34,1,No,Active,Debit Card,2024-12-20,Bengaluru,4.2
C01212,29,Male,Beauty,Lipstick,4108.26,3,Yes,Inactive,Debit Card,2025-08-02,Chennai,5.0
C01167,65,Male,Electronics,Smartwatch,14036.81,3,No,Inactive,Wallet,2025-05-22,Chandigarh,3.9
C00569,40,Female,Clothing,Jacket,4106.19,2,Yes,Inactive,Debit Card,2024-09-25,Jaipur,2.9
C01951,30,Female,Home & Kitchen,Storage Box,8710.64,3,No,Active,UPI,2024-11-16,Bengaluru,4.8
C00828,61,Female,Beauty,Perfume,4490.16,1,Yes,Active,UPI,2025-06-17,Chennai,4.2
C01212,26,Other,Sports,Running Shoes,11340.69,3,No,Inactive,UPI,2025-06-03,Kolkata,3.7
C01392,30,Female,Clothing,T-Shirt,2878.1,2,No,Inactive,Debit Card,2024-05-24,Chandigarh,3.9
C01005,29,Male,Electronics,Headphones,85372.64,2,No,Active,UPI,2025-04-01,Chennai,4.7
C01097,48,Male,Beauty,Lipstick,2568.23,1,Yes,Inactive,Debit Card,2025-03-07,Chennai,3.7
C01027,58,Female,Home & Kitchen,Lamp,3870.27,2,Yes,Inactive,UPI,2025-12-09,Pune,4.9
C00126,65,Male,Electronics,Smartphone,87918.56,3,Yes,Inactive,Credit Card,2024-12-30,Kolkata,3.8
C01756,21,Other,Beauty,Lipstick,4276.64,4,No,Inactive,UPI,2024-07-28,Delhi,5.0
C01191,47,Male,Electronics,Smartwatch,58757.58,4,Yes,Active,Debit Card,2024-09-01,Ahmedabad,3.9
C01135,40,Male,Electronics,Laptop,85172.26,1,No,Inactive,Cash,2025-02-24,Delhi,3.5
C00465,32,Male,Books,Fiction,235.48,1,Yes,Active,UPI,2024-04-27,Chennai,3.8
C00817,49,Female,Sports,Yoga Mat,6939.78,4,No,Active,Credit Card,2025-12-02,Ahmedabad,3.7
C01685,23,Female,Beauty,Face Cream,1786.41,2,Yes,Active,Debit Card,2024-04-16,Chennai,3.5
C00899,59,Male,Electronics,Headphones,67732.69,1,Yes,Inactive,UPI,2024-07-13,Chandigarh,3.3
C00994,53,Male,Books,Fiction,531.68,1,No,Inactive,Debit Card,2025-11-28,Pune,2.8
C01474,33,Male,Electronics,Speaker,9518.34,3,Yes,Active,Net Banking,2025-03-28,Kolkata,4.3
C01077,23,Female,Electronics,Headphones,26814.23,4,No,Inactive,Cash,2025-06-10,Kolkata,3.4
C00208,30,Female,Beauty,Shampoo,1684.18,2,No,Active,Debit Card,2025-05-24,Ahmedabad,3.7
C01157,18,Female,Home & Kitchen,Storage Box,5344.95,1,No,Active,Net Banking,2025-01-08,Chennai,3.2
C00017,20,Female,Sports,Yoga Mat,6052.74,2,No,Active,Cash,2025-09-30,Mumbai,3.7
C00959,65,Male,Beauty,Shampoo,1730.56,2,Yes,Inactive,Credit Card,2024-12-03,Kolkata,3.6
C01268,24,Female,Clothing,Jacket,1649.47,1,Yes,Inactive,UPI,2025-12-18,Hyderabad,3.2
C01757,23,Male,Sports,Yoga Mat,4320.49,2,Yes,Active,UPI,2024-01-25,Ahmedabad,4.3
C01035,43,Female,Sports,Dumbbells,7874.28,1,Yes,Active,Debit Card,2024-01-17,Pune,4.0
C01313,49,Male,Beauty,Perfume,3516.31,1,No,Active,UPI,2024-05-20,Ahmedabad,4.2
C01973,55,Female,Beauty,Lipstick,3164.48,2,Yes,Inactive,UPI,2024-02-11,Chennai,4.0
C00674,42,Male,Electronics,Smartphone,37913.99,5,No,Active,Credit Card,2024-12-28,Bengaluru,2.9
C01154,39,Male,Books,Business,196.26,2,Yes,Inactive,Cash,2025-01-09,Pune,5.0
C00610,56,Male,Sports,Football,5187.5,3,No,Active,UPI,2024-05-01,Hyderabad,4.1
C01688,65,Female,Sports,Yoga Mat,9068.5,1,No,Inactive,Credit Card,2025-01-29,Kolkata,4.5
C01124,50,Male,Sports,Yoga Mat,552.89,1,Yes,Inactive,Cash,2024-11-14,Delhi,3.8
C00883,46,Other,Clothing,T-Shirt,881.0,1,Yes,Active,Debit Card,2024-08-18,Mumbai,4.8
C01265,39,Male,Clothing,Sneakers,4880.94,5,No,Inactive,Credit Card,2024-01-28,Bengaluru,5.0
C01115,52,Other,Clothing,Jacket,2545.2,1,Yes,Active,UPI,2025-07-31,Chandigarh,3.3
C00187,54,Male,Clothing,Dress,2864.04,2,No,Inactive,Debit Card,2024-02-21,Chandigarh,3.8
C01688,46,Male,Home & Kitchen,Storage Box,8227.05,1,Yes,Inactive,UPI,2025-12-18,Jaipur,4.0
C00029,63,Male,Clothing,Jacket,2617.48,1,Yes,Active,Net Banking,2025-01-22,Mumbai,4.3
C01025,50,Male,Beauty,Lipstick,1700.4,1,No,Inactive,Debit Card,2025-07-09,Chennai,4.2
C00464,19,Male,Beauty,Perfume,4781.11,1,Yes,Inactive,UPI,2024-07-02,Kolkata,5.0
C01979,61,Female,Books,Technology,840.4,4,No,Active,Credit Card,2024-10-16,Chennai,4.0
C01644,36,Male,Sports,Cricket Bat,6121.3,3,No,Inactive,Credit Card,2025-11-13,Mumbai,4.2
C00592,53,Male,Electronics,Headphones,20877.39,5,Yes,Inactive,UPI,2024-08-17,Pune,3.9
C00921,24,Male,Electronics,Smartphone,5500.02,1,Yes,Inactive,UPI,2025-12-04,Bengaluru,3.5
C00990,37,Male,Sports,Dumbbells,5925.58,5,Yes,Active,Debit Card,2025-01-04,Jaipur,4.3
C00471,19,Female,Electronics,Smartphone,52021.78,4,Yes,Active,Debit Card,2025-06-10,Delhi,2.8
C00164,54,Male,Clothing,T-Shirt,4914.9,3,No,Active,Cash,2025-03-30,Jaipur,3.0
C01449,23,Male,Electronics,Laptop,25221.47,3,Yes,Inactive,Debit Card,2024-03-19,Delhi,3.9
C00775,64,Female,Beauty,Perfume,3407.42,5,No,Inactive,Cash,2024-11-13,Pune,4.9
C00505,18,Female,Sports,Cricket Bat,9193.57,1,No,Inactive,Cash,2025-02-13,Jaipur,3.2
C00573,32,Female,Beauty,Skin Serum,365.54,3,Yes,Inactive,Cash,2025-02-15,Jaipur,2.8
C00210,47,Male,Clothing,Dress,3121.69,4,No,Active,UPI,2025-01-03,Mumbai,2.7
C00778,28,Male,Beauty,Shampoo,3229.68,1,Yes,Inactive,Cash,2025-09-08,Chandigarh,4.6
C00923,41,Female,Beauty,Shampoo,2833.72,2,No,Inactive,UPI,2025-09-28,Bengaluru,5.0
C00124,48,Male,Clothing,T-Shirt,1319.14,4,No,Inactive,UPI,2024-10-09,Jaipur,3.9
C01349,52,Male,Sports,Running Shoes,8979.44,3,No,Inactive,Credit Card,2024-06-20,Ahmedabad,3.8
C00700,28,Male,Sports,Football,2085.98,1,Yes,Inactive,Wallet,2024-02-06,Bengaluru,4.7
C01089,64,Female,Home & Kitchen,Lamp,6893.4,2,No,Inactive,Debit Card,2024-05-22,Hyderabad,3.9
C01372,59,Female,Beauty,Shampoo,1224.26,2,No,Inactive,Net Banking,2024-11-17,Pune,3.3
C01879,24,Female,Electronics,Headphones,84373.15,3,No,Inactive,Net Banking,2024-07-14,Jaipur,5.0
C01034,20,Male,Electronics,Speaker,81818.95,3,Yes,Inactive,Net Banking,2024-05-21,Chandigarh,3.6
C01189,29,Female,Clothing,Jeans,3440.89,3,Yes,Inactive,UPI,2024-07-23,Chandigarh,4.8
C01295,31,Female,Books,Business,1340.71,1,No,Inactive,Credit Card,2025-09-09,Kolkata,3.9
C01533,41,Male,Clothing,Jacket,1761.86,1,No,Inactive,UPI,2025-01-05,Bengaluru,4.8
C00596,38,Male,Beauty,Skin Serum,1793.04,3,Yes,Active,Credit Card,2024-07-23,Mumbai,4.5
C01512,45,Male,Home & Kitchen,Lamp,812.31,1,No,Inactive,UPI,2024-10-30,Chandigarh,3.8
C00484,24,Female,Electronics,Smartphone,74674.84,2,Yes,Inactive,Credit Card,2024-05-20,Pune,3.8
C01110,37,Male,Electronics,Smartwatch,75679.27,4,No,Inactive,UPI,2024-08-12,Hyderabad,4.3
C00107,29,Female,Sports,Yoga Mat,3653.89,2,No,Inactive,Debit Card,2025-08-19,Delhi,4.2
C01284,25,Female,Home & Kitchen,Lamp,12401.95,1,No,Inactive,Credit Card,2025-06-08,Pune,4.0
C00780,54,Male,Sports,Yoga Mat,1548.86,4,Yes,Active,Debit Card,2024-01-08,Kolkata,4.2
C00414,50,Female,Books,Self-Help,1628.54,1,Yes,Active,Wallet,2024-09-04,Mumbai,4.0
C01453,35,Male,Beauty,Skin Serum,3785.12,3,No,Inactive,Debit Card,2024-02-26,Ahmedabad,4.1
C00658,63,Female,Home & Kitchen,Storage Box,13990.56,3,Yes,Inactive,UPI,2024-10-10,Hyderabad,4.2
C01917,18,Male,Clothing,Jeans,1591.18,4,No,Inactive,Cash,2025-02-21,Jaipur,5.0
C01476,24,Female,Clothing,T-Shirt,4685.61,3,Yes,Active,Credit Card,2025-07-28,Chandigarh,3.7
C00001,39,Male,Books,Comics,811.78,3,No,Active,UPI,2025-11-13,Bengaluru,4.0
C01016,58,Male,Beauty,Perfume,1610.7,3,No,Active,Debit Card,2025-03-05,Ahmedabad,4.0
C01553,41,Male,Electronics,Smartwatch,22387.38,1,Yes,Active,UPI,2025-10-20,Mumbai,3.8
C01849,57,Male,Beauty,Shampoo,4754.28,1,No,Active,Wallet,2024-05-20,Ahmedabad,3.5
C01371,59,Male,Electronics,Smartwatch,9238.19,2,No,Inactive,UPI,2024-03-27,Bengaluru,4.4
C00808,35,Female,Clothing,T-Shirt,952.39,1,No,Inactive,Credit Card,2025-09-06,Bengaluru,4.0
C00338,30,Male,Sports,Running Shoes,8444.6,2,No,Inactive,UPI,2024-02-14,Jaipur,3.4
C00574,53,Female,Electronics,Laptop,33666.05,1,No,Inactive,Wallet,2025-11-22,Chennai,5.0
C01645,53,Female,Home & Kitchen,Bedsheet,4112.12,1,Yes,Inactive,Net Banking,2024-02-22,Delhi,4.2
C01055,59,Male,Beauty,Skin Serum,4958.27,1,No,Inactive,Cash,2024-09-02,Kolkata,5.0
C00781,63,Male,Beauty,Skin Serum,3394.03,3,No,Active,Cash,2025-04-20,Delhi,5.0
C00301,25,Male,Books,Business,1938.62,3,Yes,Inactive,Cash,2025-10-31,Jaipur,3.8
C01811,62,Male,Clothing,Jeans,1338.56,2,No,Inactive,Cash,2025-09-02,Mumbai,4.8
C00727,49,Female,Beauty,Skin Serum,4889.49,3,No,Inactive,Debit Card,2024-09-01,Pune,4.0
C01944,36,Male,Clothing,Sneakers,356.58,4,Yes,Active,Cash,2025-01-29,Hyderabad,3.9
C00571,54,Male,Electronics,Laptop,32314.66,1,No,Inactive,Net Banking,2025-02-09,Bengaluru,3.6
C01311,21,Female,Sports,Yoga Mat,3465.45,5,Yes,Inactive,UPI,2024-01-10,Chennai,4.0
C00608,35,Male,Clothing,T-Shirt,682.96,3,Yes,Active,Debit Card,2025-10-10,Ahmedabad,3.3
C01634,58,Female,Sports,Dumbbells,7725.16,1,No,Active,UPI,2025-03-21,Chandigarh,4.0
C01244,29,Male,Books,Self-Help,948.0,3,No,Inactive,Credit Card,2024-01-11,Delhi,4.2
C00662,31,Male,Electronics,Headphones,1720.31,3,No,Active,UPI,2024-07-14,Chennai,3.1
C00901,56,Female,Beauty,Shampoo,3504.17,3,Yes,Inactive,Credit Card,2024-06-24,Ahmedabad,5.0
C00232,20,Male,Clothing,Jeans,1185.36,2,Yes,Active,Debit Card,2024-05-05,Chandigarh,3.5
C00986,45,Female,Clothing,Sneakers,3671.13,1,No,Inactive,Debit Card,2024-07-26,Bengaluru,3.6
C01077,25,Male,Electronics,Speaker,82511.81,1,No,Active,Credit Card,2025-01-15,Chennai,4.7
C00019,63,Male,Electronics,Laptop,87421.34,2,Yes,Inactive,UPI,2025-08-04,Delhi,4.8
C00764,34,Female,Clothing,Jacket,1858.41,5,Yes,Inactive,Cash,2024-02-27,Delhi,2.2
C00733,44,Female,Home & Kitchen,Storage Box,4862.33,3,No,Active,Wallet,2025-06-11,Chandigarh,4.8
C01155,35,Female,Home & Kitchen,Cookware,8694.62,1,Yes,Active,Debit Card,2024-03-24,Chandigarh,3.3
C00137,25,Female,Home & Kitchen,Lamp,5157.37,3,Yes,Active,Net Banking,2025-09-15,Chennai,2.5
C01031,65,Female,Home & Kitchen,Lamp,8521.97,3,Yes,Inactive,Wallet,2025-12-02,Pune,3.4
C00249,22,Male,Clothing,Sneakers,3587.14,2,No,Inactive,Net Banking,2024-09-11,Chennai,4.1
C00071,19,Male,Electronics,Speaker,75370.95,1,No,Inactive,UPI,2025-03-31,Jaipur,3.4
C00764,46,Male,Books,Fiction,858.01,1,Yes,Inactive,UPI,2024-08-12,Ahmedabad,3.3
C00166,52,Female,Clothing,Sneakers,3230.25,3,No,Active,Credit Card,2024-10-07,Ahmedabad,4.0
C00931,32,Female,Beauty,Perfume,2611.0,1,Yes,Active,UPI,2024-08-22,Jaipur,3.8
C00573,64,Female,Electronics,Laptop,13172.65,2,Yes,Inactive,Credit Card,2025-10-28,Hyderabad,5.0
C01204,58,Female,Sports,Running Shoes,3343.04,2,No,Active,UPI,2025-12-09,Hyderabad,3.9
C01285,41,Male,Clothing,Jacket,3666.14,1,No,Active,Net Banking,2025-05-16,Ahmedabad,3.5
C01210,37,Male,Clothing,T-Shirt,2862.87,4,No,Active,UPI,2025-05-20,Delhi,3.7
C01637,40,Female,Sports,Yoga Mat,2607.7,1,Yes,Inactive,Wallet,2025-09-16,Jaipur,4.9
C00929,23,Male,Sports,Running Shoes,11859.52,1,No,Inactive,Credit Card,2024-02-25,Jaipur,3.1
C00720,42,Female,Sports,Cricket Bat,9096.2,1,Yes,Active,UPI,2025-11-27,Kolkata,4.8
C00206,21,Male,Beauty,Lipstick,483.35,3,No,Active,Cash,2024-07-14,Pune,4.4
C00451,22,Female,Home & Kitchen,Cookware,11028.62,2,No,Inactive,Wallet,2024-11-13,Chandigarh,4.4
C00489,22,Female,Books,Fiction,1932.76,4,Yes,Inactive,Net Banking,2024-05-16,Delhi,3.6
C01049,27,Female,Home & Kitchen,Cookware,11243.31,2,Yes,Inactive,Debit Card,2024-06-09,Kolkata,2.8
C01722,62,Female,Beauty,Lipstick,2367.44,1,Yes,Inactive,UPI,2024-12-28,Delhi,3.1
C01364,26,Female,Electronics,Laptop,33112.45,5,No,Inactive,Credit Card,2024-12-27,Mumbai,4.2
C01368,56,Female,Electronics,Laptop,13643.91,1,No,Active,UPI,2024-10-06,Chandigarh,3.9
C01636,46,Female,Beauty,Skin Serum,2999.9,4,Yes,Active,Debit Card,2024-06-01,Pune,3.5
C00110,31,Male,Beauty,Skin Serum,1214.16,2,No,Inactive,Wallet,2025-01-24,Chennai,3.8
C00526,54,Male,Electronics,Laptop,8519.87,3,No,Active,Debit Card,2025-02-20,Jaipur,3.4
C01130,50,Female,Home & Kitchen,Coffee Maker,12132.53,2,No,Inactive,Cash,2025-02-12,Kolkata,4.7
C01807,28,Male,Electronics,Speaker,5096.58,4,No,Active,Credit Card,2024-08-31,Kolkata,2.9
C01044,33,Male,Clothing,Jeans,4551.75,1,Yes,Active,Debit Card,2024-12-30,Hyderabad,3.9
C00455,57,Female,Electronics,Laptop,6495.92,4,No,Inactive,Cash,2024-11-21,Chandigarh,4.4
C01824,59,Male,Home & Kitchen,Coffee Maker,13744.21,1,Yes,Active,Debit Card,2024-03-13,Chandigarh,3.6
C00179,44,Male,Beauty,Skin Serum,255.93,5,No,Active,UPI,2025-04-08,Ahmedabad,4.5
C00361,56,Female,Clothing,Jacket,475.53,4,Yes,Active,UPI,2024-12-13,Chennai,2.8
C01541,47,Female,Sports,Dumbbells,3857.72,1,Yes,Active,UPI,2024-05-10,Mumbai,3.5
C01818,21,Male,Electronics,Smartphone,57824.82,1,No,Active,Credit Card,2024-06-25,Chandigarh,4.8
C00625,40,Female,Home & Kitchen,Storage Box,2894.91,1,Yes,Active,UPI,2025-10-20,Chandigarh,3.6
C01495,41,Male,Electronics,Smartphone,66119.84,1,No,Active,UPI,2024-02-19,Jaipur,3.8
C00083,34,Female,Home & Kitchen,Lamp,9646.94,1,No,Inactive,Credit Card,2024-08-27,Bengaluru,4.0
C01425,56,Male,Clothing,Dress,4045.75,2,No,Active,Credit Card,2025-11-20,Chennai,3.6
C01857,46,Female,Books,Self-Help,720.81,3,No,Inactive,UPI,2025-09-09,Ahmedabad,3.7
C00578,43,Female,Electronics,Smartphone,61254.15,1,No,Active,UPI,2025-05-27,Jaipur,3.5
C01595,28,Other,Clothing,T-Shirt,671.46,2,No,Active,Credit Card,2024-12-22,Chandigarh,3.8
C01073,19,Female,Electronics,Smartphone,17722.95,1,Yes,Active,Wallet,2024-11-11,Delhi,4.9
C00285,38,Male,Clothing,Sneakers,1227.46,1,No,Inactive,UPI,2024-09-18,Kolkata,3.8
C00656,37,Male,Electronics,Speaker,71067.07,5,No,Active,Debit Card,2025-09-07,Kolkata,3.4
C01020,64,Male,Home & Kitchen,Coffee Maker,4274.45,3,No,Inactive,Credit Card,2024-07-05,Chandigarh,3.5
C01275,45,Male,Books,Comics,491.56,2,Yes,Active,UPI,2025-12-26,Kolkata,4.6
C00801,35,Female,Electronics,Headphones,16650.37,4,No,Inactive,Net Banking,2025-09-28,Chandigarh,4.7
C00672,58,Female,Clothing,T-Shirt,1128.6,2,Yes,Inactive,Net Banking,2024-05-21,Kolkata,3.0
C00374,22,Female,Books,Fiction,831.99,3,Yes,Active,Credit Card,2025-01-01,Chandigarh,4.6
C01414,52,Male,Sports,Football,5295.98,3,Yes,Inactive,UPI,2025-02-23,Mumbai,4.5
C00175,60,Female,Home & Kitchen,Cookware,9165.2,3,Yes,Inactive,Credit Card,2025-10-25,Ahmedabad,3.6
C00917,25,Male,Beauty,Skin Serum,1411.59,2,No,Inactive,Debit Card,2025-08-21,Pune,4.0
C00599,25,Male,Books,Business,1923.36,3,No,Inactive,Debit Card,2025-04-18,Mumbai,3.8
C01901,37,Female,Books,Technology,1295.76,2,No,Inactive,Credit Card,2024-12-21,Ahmedabad,4.3
C00731,45,Male,Home & Kitchen,Cookware,9300.65,2,No,Active,Cash,2024-09-29,Ahmedabad,4.8
C00239,35,Female,Clothing,Dress,4583.19,1,No,Active,Debit Card,2024-06-08,Pune,3.9
C01402,41,Male,Home & Kitchen,Storage Box,9729.95,2,No,Inactive,Cash,2024-09-25,Delhi,5.0
C01379,25,Male,Sports,Cricket Bat,2424.05,3,Yes,Inactive,Debit Card,2025-11-19,Kolkata,3.7
C01224,23,Female,Books,Technology,1642.09,3,Yes,Inactive,Debit Card,2024-08-09,Delhi,4.1
C01960,52,Female,Clothing,Jacket,1688.27,3,Yes,Inactive,Cash,2025-09-07,Bengaluru,3.5
C01128,21,Female,Beauty,Skin Serum,1496.32,1,No,Inactive,UPI,2025-12-28,Hyderabad,4.3
C00137,39,Other,Clothing,Dress,366.36,2,Yes,Active,Credit Card,2025-10-24,Bengaluru,4.8
C01178,61,Male,Sports,Cricket Bat,1800.68,2,No,Active,Credit Card,2024-04-23,Ahmedabad,3.9
C01039,57,Female,Clothing,Jeans,3210.63,1,No,Inactive,Net Banking,2025-11-13,Kolkata,3.4
C01487,37,Female,Home & Kitchen,Bedsheet,12274.31,1,No,Inactive,Debit Card,2025-03-27,Kolkata,3.4
C01419,20,Male,Beauty,Perfume,4094.26,1,Yes,Active,Net Banking,2024-12-25,Chennai,4.0
C00170,43,Male,Home & Kitchen,Bedsheet,4578.34,1,No,Inactive,Credit Card,2025-02-06,Hyderabad,4.4
C00421,52,Female,Sports,Football,5376.66,4,No,Inactive,Wallet,2024-09-02,Jaipur,4.5
C00235,53,Female,Sports,Dumbbells,9702.96,3,No,Inactive,Wallet,2025-06-02,Bengaluru,5.0
C01158,52,Female,Clothing,Jacket,1871.33,2,No,Active,UPI,2024-09-08,Pune,3.6
C00505,20,Female,Books,Comics,1782.96,1,Yes,Active,Credit Card,2024-06-06,Delhi,4.0
C00228,55,Female,Electronics,Laptop,19087.06,1,Yes,Inactive,UPI,2025-02-22,Jaipur,4.4
C01964,62,Male,Sports,Football,1890.33,3,No,Inactive,Credit Card,2024-09-14,Bengaluru,4.7
C01131,36,Female,Clothing,Jacket,2294.06,2,Yes,Inactive,Debit Card,2024-04-24,Chennai,4.5
C01824,23,Male,Electronics,Headphones,40392.64,2,Yes,Active,Cash,2025-01-22,Bengaluru,4.0
C01683,63,Female,Home & Kitchen,Storage Box,4206.5,4,No,Inactive,Credit Card,2025-08-22,Delhi,2.3
C00931,32,Female,Sports,Dumbbells,7393.28,2,Yes,Inactive,UPI,2024-08-11,Mumbai,3.8
C01807,21,Female,Clothing,Jacket,4795.7,2,No,Active,Cash,2024-12-27,Pune,2.5
C00956,56,Female,Electronics,Speaker,21878.31,2,No,Inactive,Debit Card,2024-11-22,Mumbai,4.3
C00355,31,Male,Beauty,Face Cream,3198.01,3,No,Active,UPI,2024-03-19,Jaipur,4.7
C00143,50,Male,Beauty,Face Cream,2201.88,1,Yes,Active,UPI,2025-12-11,Pune,3.2
C00064,23,Male,Home & Kitchen,Storage Box,6595.9,1,No,Inactive,Credit Card,2024-12-04,Bengaluru,3.8
C01530,24,Male,Electronics,Smartwatch,29463.88,3,No,Active,Credit Card,2024-04-27,Chandigarh,5.0
C00542,63,Male,Clothing,Jacket,4272.5,3,No,Inactive,UPI,2025-11-19,Mumbai,2.9
C01351,37,Female,Books,Business,730.2,3,No,Inactive,Net Banking,2024-06-05,Mumbai,5.0
C01063,21,Other,Beauty,Face Cream,4243.76,3,Yes,Inactive,Debit Card,2024-01-29,Hyderabad,3.5
C00125,31,Female,Electronics,Smartwatch,53057.29,1,No,Active,UPI,2025-06-02,Delhi,3.4
C00098,40,Male,Clothing,T-Shirt,2163.59,2,Yes,Inactive,Net Banking,2024-11-11,Bengaluru,2.5
C00768,43,Female,Electronics,Laptop,16310.07,1,Yes,Inactive,Net Banking,2024-09-03,Mumbai,4.6
C00714,45,Female,Beauty,Perfume,3921.43,2,No,Active,Debit Card,2024-06-01,Ahmedabad,3.7
C01414,22,Male,Home & Kitchen,Coffee Maker,4825.41,5,Yes,Inactive,Debit Card,2025-11-01,Bengaluru,3.9
C00129,34,Female,Electronics,Headphones,32366.89,1,Yes,Inactive,Wallet,2025-01-22,Jaipur,3.8
C01713,47,Male,Clothing,Dress,4985.72,3,No,Inactive,Net Banking,2024-03-03,Hyderabad,4.3
C00740,32,Male,Electronics,Laptop,14120.72,2,Yes,Active,Debit Card,2024-10-03,Mumbai,4.7
C00442,55,Female,Sports,Cricket Bat,10349.33,3,Yes,Inactive,UPI,2025-10-28,Delhi,4.1
C00327,61,Male,Beauty,Face Cream,2443.01,1,No,Inactive,UPI,2024-03-27,Jaipur,4.0
C01172,65,Other,Beauty,Lipstick,1555.24,2,No,Inactive,Credit Card,2024-08-14,Jaipur,3.9
C01664,37,Male,Clothing,Sneakers,2441.87,2,No,Inactive,Cash,2024-03-07,Delhi,3.2
C01333,31,Female,Clothing,Jeans,1720.78,5,No,Active,Debit Card,2025-01-16,Hyderabad,3.7
C00468,62,Other,Books,Fiction,890.31,1,No,Inactive,Debit Card,2025-01-23,Pune,4.0
C01879,27,Female,Home & Kitchen,Bedsheet,14879.98,1,Yes,Inactive,Wallet,2025-07-29,Jaipur,4.5
C00335,46,Male,Clothing,Sneakers,2293.33,1,No,Inactive,Cash,2025-04-28,Jaipur,4.8
C01242,39,Female,Electronics,Headphones,88619.89,3,Yes,Inactive,Debit Card,2025-07-15,Jaipur,3.5
C00919,49,Male,Electronics,Smartphone,69605.66,1,Yes,Inactive,Debit Card,2024-08-16,Mumbai,4.6
C00847,20,Other,Home & Kitchen,Storage Box,5116.79,1,Yes,Inactive,Wallet,2024-07-07,Mumbai,3.5
C00429,22,Female,Electronics,Smartphone,30142.35,3,Yes,Inactive,Net Banking,2025-10-19,Chennai,5.0
C00386,51,Male,Clothing,Dress,3264.66,1,Yes,Inactive,Net Banking,2025-01-05,Bengaluru,3.0
C00033,64,Male,Clothing,Sneakers,4103.91,1,No,Active,Credit Card,2025-11-25,Mumbai,4.5
C01632,56,Female,Sports,Dumbbells,10831.67,2,No,Inactive,Credit Card,2025-09-09,Ahmedabad,3.7
C01823,46,Male,Sports,Running Shoes,6785.64,1,No,Inactive,UPI,2025-10-30,Chennai,4.4
C01064,30,Male,Electronics,Smartwatch,55779.72,2,Yes,Inactive,Debit Card,2025-04-18,Delhi,3.9
C00262,43,Female,Electronics,Smartwatch,70641.67,1,No,Inactive,UPI,2024-08-14,Jaipur,4.0
C01258,56,Female,Beauty,Perfume,621.4,4,No,Active,Cash,2025-11-11,Mumbai,3.7
C00471,27,Male,Books,Comics,1751.31,3,Yes,Inactive,Cash,2025-12-17,Kolkata,3.2
C01953,36,Female,Beauty,Lipstick,1334.89,3,No,Inactive,Debit Card,2024-01-26,Kolkata,3.8
C01766,25,Male,Electronics,Smartphone,78606.25,1,Yes,Active,Debit Card,2025-01-31,Chennai,4.6
C01195,35,Female,Electronics,Smartphone,6010.06,1,No,Active,Credit Card,2024-06-10,Hyderabad,3.3
C01744,52,Female,Clothing,Jeans,4258.74,5,Yes,Inactive,Credit Card,2024-09-11,Delhi,3.7
C00483,43,Male,Clothing,T-Shirt,1797.95,1,Yes,Inactive,Net Banking,2025-03-16,Jaipur,4.0
C00482,56,Female,Electronics,Smartphone,53046.4,4,No,Active,Wallet,2025-09-03,Chennai,4.8
C01133,27,Male,Beauty,Lipstick,4565.78,1,No,Inactive,Credit Card,2024-03-05,Chennai,4.3
C01386,57,Female,Clothing,T-Shirt,997.55,4,No,Inactive,Cash,2024-12-04,Delhi,3.8
C00536,52,Male,Home & Kitchen,Lamp,7056.81,4,No,Inactive,Credit Card,2024-06-05,Jaipur,
C01042,35,Female,Home & Kitchen,Storage Box,11189.06,2,Yes,Inactive,Net Banking,2024-01-03,Mumbai,5.0
C00546,59,Female,Home & Kitchen,Cookware,11490.28,5,Yes,Inactive,Net Banking,2024-06-16,Chennai,4.0
C01977,32,Male,Home & Kitchen,Storage Box,11538.55,1,No,Active,Wallet,2025-03-26,Hyderabad,4.2
C01141,61,Male,Clothing,Sneakers,749.25,1,Yes,Inactive,Net Banking,2024-02-29,Hyderabad,4.0
C00898,19,Female,Clothing,T-Shirt,1632.67,3,No,Active,UPI,2024-07-05,Delhi,2.5
C00693,27,Male,Home & Kitchen,Coffee Maker,6275.5,2,Yes,Inactive,Credit Card,2024-09-22,Hyderabad,3.2
C01277,62,Male,Sports,Cricket Bat,5960.04,1,No,Inactive,Credit Card,2025-03-08,Mumbai,3.2
C00840,32,Female,Clothing,T-Shirt,492.67,1,No,Inactive,UPI,2025-03-29,Kolkata,4.6
C01106,44,Female,Beauty,Perfume,3471.69,1,No,Active,Cash,2024-01-11,Chandigarh,4.6
C01342,52,Male,Clothing,Jacket,2658.27,2,No,Inactive,UPI,2024-12-18,Jaipur,4.6
C01749,58,Male,Home & Kitchen,Cookware,1994.59,2,Yes,Inactive,Credit Card,2024-07-29,Ahmedabad,4.7
C01206,44,Female,Electronics,Smartwatch,73776.03,3,Yes,Inactive,Credit Card,2024-05-24,Chennai,3.4
C00669,49,Male,Sports,Running Shoes,2980.46,1,Yes,Active,UPI,2024-03-04,Pune,4.2
C01465,57,Male,Clothing,T-Shirt,432.22,1,Yes,Inactive,Debit Card,2025-01-29,Chennai,3.0
C01785,49,Female,Home & Kitchen,Storage Box,1834.76,2,No,Active,Debit Card,2025-02-01,Hyderabad,4.6
C00675,35,Male,Books,Self-Help,367.22,1,Yes,Active,Debit Card,2024-04-07,Ahmedabad,4.2
C01096,18,Male,Books,Fiction,742.76,2,No,Inactive,Wallet,2024-08-12,Bengaluru,3.4
C01355,48,Female,Sports,Dumbbells,11087.02,2,No,Active,Wallet,2025-08-05,Ahmedabad,3.9
C00116,27,Male,Electronics,Smartphone,3140.85,1,Yes,Active,UPI,2025-12-23,Chandigarh,5.0
C00633,58,Male,Electronics,Smartphone,19803.02,3,Yes,Active,UPI,2024-02-24,Jaipur,4.3
C00881,47,Male,Home & Kitchen,Storage Box,12392.77,4,Yes,Active,Cash,2025-07-16,Hyderabad,2.7
C00309,49,Other,Home & Kitchen,Lamp,12402.74,3,No,Inactive,Debit Card,2024-04-02,Bengaluru,3.4
C01938,21,Male,Books,Business,1663.29,3,Yes,Active,Debit Card,2025-06-14,Pune,3.9
C01405,29,Female,Electronics,Smartphone,17980.33,4,Yes,Active,UPI,2025-09-16,Mumbai,3.6
C01850,40,Male,Electronics,Headphones,3962.99,2,No,Inactive,UPI,2025-03-26,Bengaluru,4.7
C01106,21,Male,Books,Business,680.47,3,Yes,Active,UPI,2024-02-20,Ahmedabad,4.2
C01750,45,Male,Sports,Dumbbells,4196.41,1,No,Inactive,Credit Card,2025-08-17,Mumbai,5.0
C00615,41,Female,Beauty,Perfume,223.08,2,Yes,Inactive,Credit Card,2025-06-28,Ahmedabad,2.6
C01161,61,Male,Books,Self-Help,1316.98,1,No,Inactive,UPI,2024-01-06,Chandigarh,4.7
C01075,20,Female,Beauty,Perfume,2569.04,1,No,Active,Cash,2025-11-22,Mumbai,4.0
C01852,58,Female,Beauty,Skin Serum,3812.8,1,No,Inactive,UPI,2024-12-09,Chandigarh,4.6
C00763,58,Female,Home & Kitchen,Coffee Maker,5185.78,1,No,Inactive,Net Banking,2025-12-13,Mumbai,3.1
C01807,55,Female,Beauty,Perfume,971.6,1,Yes,Active,UPI,2024-09-28,Chandigarh,3.9
C00151,61,Male,Electronics,Smartwatch,24047.04,2,No,Inactive,UPI,2024-09-21,Mumbai,3.0
C00015,60,Other,Beauty,Lipstick,4328.89,4,Yes,Inactive,Credit Card,2024-11-22,Delhi,3.8
C01228,47,Male,Clothing,Dress,889.95,2,No,Inactive,Cash,2025-06-18,Pune,3.8
C01390,24,Female,Books,Business,543.52,3,No,Active,UPI,2025-09-13,Hyderabad,4.1
C01179,57,Female,Clothing,Jacket,1622.07,2,Yes,Inactive,Credit Card,2025-08-10,Pune,4.3
C00584,31,Female,Sports,Dumbbells,6578.58,3,No,Active,Credit Card,2024-08-18,Kolkata,4.1
C00818,38,Female,Clothing,T-Shirt,1634.61,1,Yes,Inactive,Cash,2025-02-02,Hyderabad,3.6
C01699,38,Female,Electronics,Headphones,46941.17,4,No,Inactive,Net Banking,2025-12-06,Kolkata,3.7
C00171,33,Female,Clothing,Dress,4264.36,1,No,Inactive,Debit Card,2025-12-09,Bengaluru,3.3
C01822,31,Female,Sports,Cricket Bat,2762.38,1,No,Active,Debit Card,2024-01-01,Jaipur,4.2
C01945,62,Female,Sports,Yoga Mat,2362.28,2,No,Inactive,Credit Card,2024-10-29,Delhi,4.8
C01744,63,Female,Beauty,Skin Serum,3683.38,2,No,Inactive,Credit Card,2025-08-07,Jaipur,3.2
C01229,59,Female,Electronics,Headphones,11133.87,1,Yes,Active,Credit Card,2025-02-27,Bengaluru,4.3
C00124,32,Male,Electronics,Headphones,75815.17,1,No,Inactive,Credit Card,2024-04-13,Hyderabad,3.8
C01438,22,Male,Home & Kitchen,Lamp,9048.16,2,No,Inactive,Net Banking,2024-05-19,Jaipur,4.4
C01682,33,Male,Home & Kitchen,Storage Box,10136.4,3,Yes,Inactive,Debit Card,2025-10-19,Kolkata,5.0
C00217,22,Male,Clothing,Jeans,2441.12,2,No,Inactive,Debit Card,2025-03-12,Kolkata,4.1
C01120,53,Male,Books,Self-Help,354.04,1,Yes,Inactive,Credit Card,2024-02-19,Pune,4.0
C01413,55,Female,Clothing,Sneakers,2327.66,5,No,Active,Credit Card,2025-04-16,Chennai,3.7
C01990,63,Male,Electronics,Headphones,32742.92,1,No,Inactive,Net Banking,2024-04-22,Hyderabad,4.3
C01595,22,Female,Electronics,Headphones,1461.29,2,No,Inactive,Wallet,2024-06-05,Chandigarh,3.3
C01178,34,Female,Home & Kitchen,Bedsheet,3815.58,1,Yes,Inactive,Credit Card,2024-03-16,Chennai,3.2
C01297,45,Other,Electronics,Headphones,19804.65,1,Yes,Active,UPI,2025-06-18,Jaipur,4.1
C01828,63,Female,Electronics,Smartphone,5634.48,1,Yes,Inactive,Cash,2025-06-08,Hyderabad,5.0
C00528,55,Female,Beauty,Face Cream,667.26,1,No,Inactive,Debit Card,2025-08-22,Bengaluru,
C00509,38,Female,Beauty,Shampoo,1641.9,2,No,Active,Credit Card,2024-01-16,Bengaluru,3.5
C00113,45,Other,Books,Comics,181.22,1,No,Inactive,Net Banking,2025-09-12,Delhi,4.2
C00928,21,Male,Sports,Football,10045.98,4,Yes,Active,Net Banking,2024-01-29,Bengaluru,3.1
C00494,19,Male,Electronics,Smartphone,65787.66,3,Yes,Inactive,Debit Card,2024-02-23,Ahmedabad,3.3
C01257,46,Female,Electronics,Smartwatch,4913.46,1,Yes,Inactive,UPI,2025-01-18,Kolkata,4.3
C00345,48,Female,Beauty,Lipstick,2749.86,4,No,Inactive,Wallet,2024-06-29,Chandigarh,3.6
C01697,18,Male,Clothing,Jacket,3111.52,2,No,Inactive,UPI,2025-10-25,Pune,3.7
C01230,63,Male,Books,Self-Help,700.09,1,No,Active,Debit Card,2025-02-01,Mumbai,2.9
C01148,59,Male,Clothing,T-Shirt,2660.6,1,No,Inactive,Wallet,2024-03-11,Ahmedabad,4.3
C01289,31,Female,Home & Kitchen,Storage Box,12788.97,1,No,Inactive,Credit Card,2025-10-14,Hyderabad,5.0
C01876,60,Female,Home & Kitchen,Coffee Maker,14095.25,1,No,Inactive,Debit Card,2024-04-20,Bengaluru,2.4
C00134,21,Female,Electronics,Smartwatch,12216.88,1,No,Inactive,UPI,2025-07-22,Chennai,3.0
C00666,35,Male,Books,Technology,198.29,1,Yes,Inactive,Debit Card,2025-12-27,Kolkata,4.2
C00624,58,Male,Beauty,Face Cream,2326.79,2,Yes,Active,UPI,2024-07-25,Pune,4.5
C01445,45,Male,Electronics,Smartphone,88214.43,1,No,Active,Net Banking,2025-02-02,Kolkata,4.1
C01151,34,Female,Clothing,Jacket,2797.19,1,No,Active,Credit Card,2024-10-06,Kolkata,3.5
C01174,59,Female,Sports,Running Shoes,9530.8,2,No,Inactive,Cash,2025-11-24,Chennai,4.1
C00346,21,Female,Sports,Cricket Bat,2895.11,1,Yes,Inactive,Cash,2024-11-24,Chennai,2.8
C01595,25,Female,Electronics,Smartphone,54176.48,1,Yes,Active,Credit Card,2025-06-30,Pune,3.8
C00054,47,Male,Sports,Football,2970.68,1,No,Active,Credit Card,2024-02-22,Kolkata,3.2
C00685,58,Female,Sports,Running Shoes,541.8,1,Yes,Active,Net Banking,2024-07-20,Chandigarh,2.8
C00832,57,Female,Sports,Football,730.66,1,No,Inactive,Wallet,2025-08-23,Mumbai,3.6
C00790,33,Other,Electronics,Smartphone,55561.83,2,No,Inactive,UPI,2025-10-27,Chennai,5.0
C01696,46,Female,Books,Technology,1817.02,1,No,Inactive,Net Banking,2025-04-22,Hyderabad,4.3
C01825,27,Male,Electronics,Speaker,9118.97,4,Yes,Inactive,Net Banking,2024-09-30,Chennai,3.9
C01494,56,Female,Home & Kitchen,Bedsheet,14772.57,3,No,Inactive,UPI,2025-10-27,Ahmedabad,3.7
C00076,29,Female,Books,Self-Help,879.36,3,No,Active,Wallet,2024-07-30,Jaipur,2.9
C00541,64,Female,Clothing,Sneakers,2994.01,2,No,Inactive,Credit Card,2024-03-17,Mumbai,3.3
C01133,30,Male,Clothing,Jacket,3095.68,2,No,Inactive,Cash,2025-02-28,Chandigarh,3.1
C00019,38,Female,Electronics,Speaker,54298.59,1,No,Inactive,Debit Card,2024-06-15,Jaipur,4.8
C01504,28,Male,Clothing,Sneakers,3123.91,2,Yes,Inactive,Credit Card,2024-08-19,Chandigarh,4.5
C00868,58,Male,Books,Technology,1932.65,4,Yes,Inactive,Debit Card,2024-01-06,Kolkata,3.3
C01913,18,Other,Clothing,Sneakers,1505.72,4,No,Active,Cash,2024-12-25,Pune,3.9
C01290,24,Female,Clothing,T-Shirt,987.64,1,No,Active,Debit Card,2024-06-17,Mumbai,3.7
C01242,33,Female,Beauty,Shampoo,395.25,1,Yes,Active,Credit Card,2025-07-23,Pune,3.8
C00307,29,Female,Beauty,Face Cream,580.15,4,No,Active,Wallet,2024-08-10,Chennai,3.6
C01683,56,Male,Electronics,Laptop,82585.33,4,No,Inactive,Debit Card,2024-12-07,Ahmedabad,3.3
C01063,48,Male,Electronics,Smartwatch,8707.65,2,Yes,Inactive,UPI,2024-07-15,Chandigarh,4.5
C01231,18,Female,Electronics,Headphones,56835.14,3,Yes,Active,UPI,2024-07-14,Chennai,3.1
C00040,30,Male,Electronics,Headphones,84692.12,1,No,Inactive,Debit Card,2025-08-03,Bengaluru,3.5
C00114,47,Male,Home & Kitchen,Bedsheet,12714.83,3,No,Inactive,Debit Card,2024-12-29,Mumbai,5.0
C01366,62,Female,Clothing,Jacket,1273.02,3,Yes,Inactive,Debit Card,2024-03-12,Mumbai,4.4
C00154,40,Female,Beauty,Perfume,2126.33,2,No,Inactive,Wallet,2024-09-08,Delhi,4.0
C00733,33,Female,Beauty,Face Cream,1252.75,1,No,Active,Credit Card,2024-03-04,Jaipur,3.5
C01783,51,Male,Home & Kitchen,Lamp,4354.11,1,No,Active,Cash,2025-05-21,Chennai,3.3
C00656,41,Female,Beauty,Face Cream,4255.1,1,Yes,Active,UPI,2024-01-02,Chandigarh,4.4
C00237,30,Female,Clothing,Jeans,652.63,3,No,Inactive,Net Banking,2024-05-31,Kolkata,4.3
C01136,56,Female,Electronics,Headphones,16870.28,1,No,Inactive,Debit Card,2025-08-20,Chandigarh,4.1
C00357,50,Male,Books,Self-Help,1708.26,2,Yes,Active,Credit Card,2024-07-20,Chennai,3.3
C01900,32,Male,Electronics,Smartwatch,15374.69,1,No,Inactive,Credit Card,2024-10-03,Mumbai,3.8
C00551,56,Female,Clothing,T-Shirt,4980.39,5,No,Inactive,Debit Card,2024-04-21,Chennai,4.0
C01091,24,Male,Home & Kitchen,Bedsheet,12984.08,1,Yes,Active,Debit Card,2024-05-18,Pune,4.6
C00011,48,Female,Home & Kitchen,Bedsheet,12122.69,2,No,Inactive,Cash,2025-09-03,Jaipur,5.0
C00422,25,Female,Clothing,Jeans,2150.91,1,No,Inactive,UPI,2025-11-30,Kolkata,4.1
C01322,61,Male,Clothing,T-Shirt,2303.99,2,No,Active,UPI,2024-04-30,Mumbai,4.0
C00924,39,Male,Electronics,Headphones,79514.38,2,No,Active,Cash,2024-06-29,Delhi,3.6
C01444,40,Female,Home & Kitchen,Bedsheet,7354.77,1,No,Active,UPI,2024-06-01,Ahmedabad,3.2
C00296,62,Female,Sports,Football,8593.66,1,No,Inactive,UPI,2024-03-31,Mumbai,3.1
C00881,20,Female,Electronics,Headphones,81267.52,1,No,Active,Credit Card,2024-08-14,Bengaluru,4.9
C01789,31,Male,Sports,Yoga Mat,5109.93,1,No,Active,Debit Card,2024-12-17,Ahmedabad,4.2
C01892,51,Other,Clothing,Dress,3751.38,1,Yes,Inactive,Credit Card,2024-08-23,Chennai,4.1
C00192,48,Male,Home & Kitchen,Storage Box,2287.24,2,No,Inactive,Debit Card,2024-08-26,Pune,3.8
C00076,31,Male,Beauty,Lipstick,2716.46,3,No,Inactive,Cash,2025-02-15,Chennai,3.1
C01572,48,Male,Home & Kitchen,Bedsheet,2718.1,1,No,Inactive,Debit Card,2025-01-06,Ahmedabad,3.2
C01837,53,Male,Home & Kitchen,Cookware,562.01,1,Yes,Active,Debit Card,2025-08-03,Jaipur,3.8
C01582,65,Female,Electronics,Smartphone,3023.98,4,No,Active,Cash,2025-03-10,Pune,3.8
C00856,60,Male,Books,Technology,1124.43,2,No,Inactive,Credit Card,2025-06-26,Hyderabad,3.7
C01652,53,Other,Clothing,T-Shirt,1252.67,2,Yes,Inactive,Debit Card,2025-08-21,Chennai,4.1
C01995,38,Male,Home & Kitchen,Coffee Maker,1735.22,3,No,Active,UPI,2025-02-20,Chennai,4.6
C01817,58,Male,Clothing,T-Shirt,1366.31,3,No,Inactive,Credit Card,2025-03-26,Bengaluru,3.5
C00950,27,Male,Beauty,Skin Serum,4564.29,1,No,Active,Credit Card,2025-09-14,Pune,3.7
C01936,51,Female,Electronics,Headphones,28525.33,1,Yes,Inactive,Cash,2025-08-17,Ahmedabad,3.8
C00303,40,Male,Beauty,Lipstick,722.75,1,Yes,Active,Cash,2024-12-01,Hyderabad,3.4
C01114,38,Male,Sports,Dumbbells,11496.12,1,Yes,Inactive,Cash,2024-11-27,Delhi,4.5
C01034,36,Male,Clothing,T-Shirt,370.59,2,No,Inactive,UPI,2024-03-27,Kolkata,4.0
C00195,44,Male,Clothing,Jeans,980.63,5,No,Inactive,UPI,2025-12-31,Delhi,3.6
C00521,40,Male,Beauty,Face Cream,315.47,1,No,Active,UPI,2024-09-03,Hyderabad,4.2
C00720,49,Female,Books,Self-Help,658.55,3,Yes,Inactive,UPI,2025-06-16,Pune,3.9
C00337,41,Male,Books,Comics,1821.84,5,Yes,Inactive,Debit Card,2024-07-27,Ahmedabad,3.6
C00952,19,Male,Beauty,Face Cream,1184.53,3,No,Inactive,Debit Card,2024-04-27,Delhi,3.4
C01355,50,Female,Electronics,Smartwatch,60595.54,2,Yes,Active,Debit Card,2024-07-06,Pune,3.9
C00618,23,Male,Books,Fiction,1491.79,1,No,Active,Cash,2025-04-15,Kolkata,4.4
C01023,34,Female,Sports,Dumbbells,1020.48,1,Yes,Inactive,Credit Card,2025-07-09,Jaipur,3.4
C00073,50,Male,Electronics,Headphones,86210.2,1,No,Active,Cash,2025-07-07,Pune,4.2
C01874,38,Female,Clothing,Jacket,4557.31,1,Yes,Active,Debit Card,2025-09-11,Ahmedabad,4.8
C01925,36,Female,Beauty,Skin Serum,2093.34,1,No,Active,UPI,2024-10-11,Mumbai,4.4
C01653,23,Female,Beauty,Skin Serum,1949.02,2,No,Active,Wallet,2024-10-19,Chennai,3.7
C00004,65,Male,Home & Kitchen,Cookware,2693.89,1,No,Inactive,Debit Card,2024-04-11,Delhi,3.6
C01463,29,Female,Beauty,Shampoo,3707.03,1,No,Active,Credit Card,2025-05-01,Delhi,5.0
C01944,61,Female,Sports,Cricket Bat,10693.05,2,No,Active,Cash,2024-04-29,Bengaluru,3.1
C01695,31,Male,Beauty,Lipstick,427.07,2,Yes,Active,UPI,2025-02-18,Jaipur,4.0
C00137,33,Female,Books,Business,297.21,1,No,Active,Cash,2025-09-09,Chandigarh,3.8
C00194,19,Male,Sports,Yoga Mat,5828.7,3,Yes,Inactive,Wallet,2024-09-30,Ahmedabad,5.0
C00906,34,Female,Beauty,Lipstick,3618.4,5,No,Inactive,UPI,2024-06-08,Chennai,5.0
C01133,42,Male,Beauty,Shampoo,423.21,1,Yes,Inactive,Credit Card,2025-10-05,Delhi,4.0
C01217,43,Male,Home & Kitchen,Bedsheet,7601.31,2,No,Active,Debit Card,2025-07-15,Chandigarh,2.6
C01351,18,Male,Books,Self-Help,430.03,2,Yes,Inactive,Debit Card,2025-07-05,Bengaluru,4.4
C00028,31,Male,Clothing,Jeans,4864.35,3,No,Inactive,Wallet,2025-11-19,Kolkata,3.8
C00785,55,Female,Clothing,Jeans,1603.1,2,No,Inactive,UPI,2024-06-08,Jaipur,3.8
C01376,55,Female,Beauty,Shampoo,4185.55,3,No,Inactive,Debit Card,2025-11-28,Chandigarh,4.2
C00448,65,Female,Electronics,Speaker,7682.3,3,No,Active,Net Banking,2025-01-28,Kolkata,4.3
C00716,21,Male,Clothing,Dress,4075.55,2,Yes,Active,Credit Card,2024-04-04,Delhi,5.0
C01126,60,Female,Electronics,Smartwatch,89808.09,1,Yes,Inactive,Debit Card,2025-02-15,Jaipur,3.8
C00194,57,Male,Books,Business,1260.24,3,Yes,Active,Credit Card,2025-02-04,Hyderabad,4.5
C01232,28,Male,Electronics,Smartphone,15217.62,3,Yes,Inactive,UPI,2025-12-08,Kolkata,3.5
C00582,42,Female,Books,Self-Help,1498.57,5,No,Active,UPI,2025-03-27,Mumbai,4.0
C01915,28,Male,Sports,Dumbbells,7979.42,2,No,Inactive,UPI,2024-11-28,Delhi,4.3
C01656,46,Male,Sports,Yoga Mat,7837.3,3,No,Active,UPI,2025-04-26,Ahmedabad,5.0
C01214,53,Female,Electronics,Smartphone,29769.18,5,Yes,Inactive,Cash,2024-08-01,Bengaluru,4.0
C01034,27,Female,Home & Kitchen,Cookware,11859.19,1,Yes,Inactive,UPI,2025-02-25,Chennai,4.5
C01769,30,Female,Beauty,Perfume,4978.31,3,Yes,Inactive,Debit Card,2024-10-30,Delhi,4.4
C01750,52,Male,Home & Kitchen,Cookware,372.27,2,No,Inactive,Credit Card,2024-08-22,Hyderabad,3.6
C01037,20,Female,Beauty,Lipstick,1136.1,5,No,Inactive,Credit Card,2025-07-15,Mumbai,3.8
C01608,45,Female,Beauty,Skin Serum,2117.64,1,No,Inactive,Net Banking,2024-08-21,Bengaluru,3.3
C00174,53,Female,Clothing,Dress,1141.72,2,Yes,Active,Credit Card,2025-02-20,Delhi,4.2
C01082,50,Female,Beauty,Skin Serum,789.88,1,No,Active,Debit Card,2024-07-06,Bengaluru,4.6
C00531,52,Male,Books,Business,542.88,1,Yes,Active,UPI,2024-03-14,Hyderabad,5.0
C01866,20,Male,Sports,Dumbbells,8474.09,1,Yes,Inactive,Net Banking,2025-08-17,Chennai,3.6
C01899,62,Male,Clothing,Jacket,3992.29,2,No,Inactive,Debit Card,2025-06-03,Delhi,3.5
C01474,36,Female,Clothing,Sneakers,2426.19,2,No,Active,Credit Card,2025-05-23,Kolkata,4.5
C00508,62,Female,Clothing,Sneakers,3975.42,4,No,Inactive,Debit Card,2025-04-28,Kolkata,2.9
C00392,29,Female,Beauty,Lipstick,472.1,2,Yes,Inactive,UPI,2025-03-29,Kolkata,3.8
C01293,58,Female,Sports,Yoga Mat,9194.97,3,No,Active,UPI,2024-03-06,Hyderabad,3.5
C01458,28,Male,Home & Kitchen,Storage Box,13986.37,3,No,Inactive,Wallet,2024-12-20,Chandigarh,4.4
C00165,54,Other,Clothing,Jeans,4473.44,2,No,Inactive,Net Banking,2025-09-20,Mumbai,3.8
C00079,41,Male,Clothing,Dress,1710.23,1,No,Inactive,Cash,2024-09-29,Ahmedabad,3.8
C01591,19,Female,Books,Comics,1594.23,1,Yes,Active,Cash,2024-11-21,Ahmedabad,4.1
C01707,65,Male,Books,Self-Help,768.01,2,No,Inactive,UPI,2024-05-01,Jaipur,4.4
C00503,37,Male,Electronics,Speaker,5316.13,4,Yes,Inactive,Credit Card,2025-11-30,Chandigarh,4.0
C00481,33,Male,Clothing,T-Shirt,4236.32,3,No,Inactive,Cash,2025-01-13,Kolkata,5.0
C01864,31,Male,Sports,Football,5856.53,1,No,Inactive,UPI,2025-08-31,Pune,4.9
C01699,40,Female,Beauty,Perfume,1303.54,2,Yes,Active,Cash,2024-03-23,Pune,3.8
C00099,65,Male,Electronics,Headphones,16077.37,2,Yes,Inactive,Credit Card,2024-06-07,Bengaluru,4.8
C01155,32,Male,Home & Kitchen,Lamp,13172.85,1,No,Inactive,Net Banking,2025-02-06,Chandigarh,4.3
C00045,40,Female,Clothing,Dress,4384.87,5,Yes,Active,Credit Card,2024-04-17,Chandigarh,2.6
C01633,52,Female,Electronics,Smartphone,54326.24,4,Yes,Inactive,Credit Card,2024-02-14,Bengaluru,5.0
C00664,24,Male,Clothing,Sneakers,4989.31,4,Yes,Inactive,Credit Card,2024-08-16,Jaipur,3.5
C00392,18,Male,Electronics,Headphones,49540.45,3,No,Active,UPI,2025-12-25,Mumbai,3.3
C00836,39,Male,Sports,Football,10675.1,4,No,Active,Cash,2025-10-10,Jaipur,2.2
C01068,57,Female,Books,Technology,1579.35,5,No,Inactive,Wallet,2024-04-23,Hyderabad,4.4
C01423,20,Male,Home & Kitchen,Bedsheet,5189.95,1,No,Active,Credit Card,2025-12-20,Jaipur,3.9
C00875,30,Female,Beauty,Perfume,1972.67,2,No,Inactive,UPI,2024-04-25,Bengaluru,4.7
C01819,21,Male,Home & Kitchen,Lamp,7542.31,3,No,Inactive,Credit Card,2024-08-06,Ahmedabad,3.2
C01215,44,Male,Clothing,Jeans,3947.45,1,Yes,Active,Debit Card,2025-12-05,Mumbai,3.9
C00693,36,Female,Sports,Cricket Bat,3653.07,3,No,Active,Debit Card,2024-06-01,Bengaluru,5.0
C00040,50,Male,Beauty,Lipstick,4483.98,3,No,Active,Debit Card,2025-02-02,Mumbai,3.7
C00224,61,Female,Clothing,Dress,433.78,1,No,Active,Debit Card,2025-06-12,Mumbai,4.1
C01996,59,Female,Beauty,Lipstick,2555.7,2,No,Active,UPI,2025-06-15,Ahmedabad,4.0
C00891,18,Female,Clothing,Jeans,1955.26,2,Yes,Inactive,UPI,2025-11-11,Pune,3.9
C01724,22,Male,Electronics,Smartphone,68786.49,2,No,Active,UPI,2024-02-09,Mumbai,3.9
C01516,57,Male,Books,Self-Help,979.71,3,No,Inactive,Credit Card,2025-09-21,Chennai,5.0
C01348,26,Male,Beauty,Lipstick,684.08,1,No,Inactive,UPI,2025-09-23,Delhi,4.1
C00122,25,Male,Beauty,Skin Serum,1867.86,2,Yes,Inactive,Wallet,2024-01-06,Delhi,3.6
C01380,53,Male,Clothing,Jacket,1335.02,3,Yes,Inactive,Credit Card,2024-11-27,Chandigarh,3.1
C01238,42,Male,Clothing,Jacket,2309.78,1,No,Inactive,Debit Card,2025-10-18,Chennai,4.2
C00649,44,Female,Electronics,Smartwatch,23307.17,2,Yes,Active,Debit Card,2025-11-10,Delhi,5.0
C01817,54,Female,Home & Kitchen,Storage Box,10103.14,1,No,Active,Credit Card,2024-05-07,Jaipur,3.8
C00213,42,Male,Sports,Running Shoes,8825.84,1,No,Inactive,Credit Card,2024-04-22,Kolkata,3.7
C00846,28,Male,Beauty,Shampoo,1126.9,1,No,Active,Wallet,2025-04-16,Jaipur,3.6
C00405,61,Male,Electronics,Laptop,66252.81,2,Yes,Active,Net Banking,2025-06-11,Bengaluru,4.0
C01750,25,Male,Clothing,T-Shirt,4020.51,1,Yes,Active,Net Banking,2024-04-23,Jaipur,3.8
C01853,39,Female,Sports,Cricket Bat,2357.5,2,No,Active,UPI,2025-04-29,Ahmedabad,3.6
C00242,34,Male,Sports,Dumbbells,11234.67,2,No,Inactive,Debit Card,2024-08-21,Kolkata,4.2
C00415,57,Female,Sports,Cricket Bat,9102.45,1,Yes,Active,Credit Card,2025-10-15,Kolkata,3.7
C01881,65,Female,Home & Kitchen,Storage Box,10141.98,1,No,Inactive,Cash,2024-11-25,Bengaluru,5.0
C01949,36,Female,Sports,Cricket Bat,2160.08,1,No,Inactive,Debit Card,2024-10-01,Bengaluru,4.2
C01137,32,Male,Home & Kitchen,Bedsheet,5683.08,4,No,Inactive,Credit Card,2024-02-19,Delhi,3.8
C01755,65,Male,Sports,Cricket Bat,9231.15,2,Yes,Active,Credit Card,2025-04-12,Bengaluru,4.0
C00842,35,Male,Electronics,Smartwatch,80407.42,1,Yes,Inactive,Net Banking,2024-05-22,Kolkata,4.5
C01694,44,Male,Home & Kitchen,Coffee Maker,10930.21,2,No,Inactive,Debit Card,2025-09-06,Chennai,4.5
C01541,62,Female,Beauty,Perfume,3088.13,2,No,Inactive,Debit Card,2025-04-19,Jaipur,3.0
C01128,22,Female,Home & Kitchen,Cookware,7430.07,1,No,Inactive,Net Banking,2024-05-04,Hyderabad,4.0
C00020,58,Male,Electronics,Smartphone,85077.34,1,Yes,Inactive,Wallet,2025-04-16,Kolkata,4.8
C01819,48,Female,Home & Kitchen,Coffee Maker,2100.15,5,No,Inactive,Credit Card,2025-09-16,Chennai,4.6
C01848,37,Female,Home & Kitchen,Coffee Maker,524.12,1,Yes,Active,Wallet,2025-05-12,Hyderabad,
C01442,65,Female,Books,Self-Help,575.14,3,Yes,Inactive,UPI,2024-10-18,Hyderabad,4.1
C00628,61,Male,Beauty,Lipstick,2503.43,2,No,Active,Net Banking,2024-11-08,Hyderabad,4.3
C00982,19,Female,Books,Self-Help,1828.36,2,No,Inactive,Credit Card,2024-05-10,Chandigarh,3.3
C01315,58,Female,Books,Fiction,410.6,2,No,Active,Cash,2024-10-30,Pune,3.8
C01636,21,Female,Electronics,Smartwatch,66232.2,5,No,Inactive,Wallet,2025-05-21,Hyderabad,4.1
C00136,44,Female,Books,Technology,386.23,2,No,Inactive,Wallet,2024-02-16,Chennai,4.2
C00340,18,Male,Beauty,Shampoo,789.97,2,No,Inactive,Cash,2024-02-29,Delhi,3.0
C01083,44,Female,Clothing,Sneakers,600.98,2,No,Inactive,UPI,2025-07-25,Kolkata,4.7
C00836,29,Male,Home & Kitchen,Cookware,11916.49,1,No,Inactive,Net Banking,2025-06-17,Chandigarh,4.5
C01253,18,Male,Electronics,Smartphone,76910.57,1,No,Inactive,Credit Card,2025-08-30,Ahmedabad,3.2
C01584,56,Female,Beauty,Perfume,716.04,1,No,Active,Cash,2025-11-07,Delhi,4.4
C01171,35,Male,Home & Kitchen,Bedsheet,9268.84,1,No,Inactive,UPI,2025-01-18,Jaipur,4.4
C01473,59,Male,Home & Kitchen,Lamp,4341.42,2,No,Inactive,Cash,2024-08-05,Chandigarh,4.4
C00390,51,Male,Beauty,Lipstick,1941.83,3,Yes,Inactive,Wallet,2025-02-05,Chennai,4.7
C00440,55,Female,Clothing,Dress,4370.96,1,Yes,Inactive,Credit Card,2024-07-30,Mumbai,3.4
C00523,41,Male,Home & Kitchen,Bedsheet,2658.38,1,Yes,Inactive,Wallet,2025-04-07,Jaipur,3.9
C00751,19,Female,Electronics,Smartwatch,71500.65,4,No,Inactive,Cash,2024-12-27,Ahmedabad,3.8
C01859,40,Male,Clothing,Jeans,2932.32,1,No,Active,Wallet,2025-12-21,Mumbai,3.6
C01383,60,Female,Home & Kitchen,Cookware,5954.36,1,No,Inactive,UPI,2025-09-15,Chennai,4.2
C01297,20,Female,Electronics,Laptop,89172.11,1,No,Inactive,Debit Card,2025-06-04,Jaipur,2.5
C01365,65,Male,Home & Kitchen,Storage Box,13842.58,4,No,Active,Debit Card,2025-02-26,Chennai,4.6
C01553,36,Female,Books,Comics,760.95,1,No,Inactive,Debit Card,2024-08-24,Delhi,4.3
C00265,23,Male,Electronics,Laptop,40605.89,1,No,Active,Credit Card,2024-03-17,Delhi,3.1
C00480,61,Female,Home & Kitchen,Coffee Maker,13720.6,2,No,Inactive,Wallet,2024-03-13,Jaipur,4.3
C00027,60,Male,Beauty,Skin Serum,1909.78,2,Yes,Inactive,Cash,2025-11-22,Hyderabad,4.0
C00412,28,Female,Electronics,Headphones,59003.08,3,Yes,Active,Cash,2025-01-06,Jaipur,5.0
C00637,34,Male,Home & Kitchen,Bedsheet,9487.39,1,No,Active,Debit Card,2025-11-19,Chandigarh,4.0
C01164,19,Male,Sports,Dumbbells,6059.94,2,No,Inactive,Debit Card,2024-08-02,Hyderabad,4.5
C01837,33,Male,Clothing,T-Shirt,3862.46,3,No,Inactive,Credit Card,2024-04-01,Kolkata,2.6
C01427,29,Male,Electronics,Smartwatch,84701.39,1,Yes,Active,Wallet,2024-05-23,Delhi,4.5
C00886,61,Female,Sports,Cricket Bat,10779.0,2,No,Active,Wallet,2025-12-14,Ahmedabad,4.9
C01063,19,Female,Books,Self-Help,261.62,1,No,Inactive,Wallet,2024-10-27,Delhi,4.2
C00792,42,Female,Clothing,T-Shirt,4612.95,2,Yes,Active,Credit Card,2024-08-06,Chandigarh,4.9
C01835,39,Female,Clothing,T-Shirt,3565.37,3,No,Inactive,Cash,2024-07-25,Delhi,4.9
C00625,45,Male,Home & Kitchen,Lamp,6262.21,3,No,Inactive,UPI,2025-06-10,Pune,4.0
C00686,22,Female,Books,Business,1771.64,3,Yes,Active,UPI,2025-10-27,Bengaluru,4.2
C01293,50,Male,Electronics,Laptop,3156.88,1,No,Inactive,Debit Card,2024-07-11,Chennai,3.4
C00661,51,Male,Beauty,Shampoo,2296.76,1,No,Inactive,Net Banking,2024-12-06,Bengaluru,4.4
C00172,58,Male,Books,Comics,1552.44,1,No,Inactive,Credit Card,2024-07-18,Chennai,3.9
C00850,36,Female,Books,Business,885.05,3,Yes,Active,Cash,2024-11-22,Hyderabad,3.5
C00056,34,Female,Clothing,Dress,3991.58,1,No,Active,Debit Card,2025-04-10,Chennai,4.1
C01042,62,Male,Home & Kitchen,Storage Box,3921.44,2,No,Inactive,Net Banking,2024-03-19,Mumbai,3.3
C00598,31,Male,Sports,Football,8941.5,5,Yes,Inactive,Net Banking,2024-01-11,Jaipur,3.0
C00620,31,Male,Beauty,Perfume,2858.82,1,Yes,Inactive,Debit Card,2025-03-03,Kolkata,3.9
C00638,62,Female,Clothing,Jeans,3102.7,1,No,Inactive,Cash,2025-07-28,Mumbai,5.0
C00393,33,Female,Beauty,Shampoo,1669.11,3,No,Inactive,Wallet,2025-02-28,Chennai,3.9
C00253,61,Male,Clothing,Sneakers,3574.85,1,No,Active,Net Banking,2025-08-21,Mumbai,4.0
C01119,61,Male,Beauty,Face Cream,3236.36,1,No,Inactive,UPI,2024-02-24,Chennai,4.5
C00943,52,Male,Clothing,Jeans,4654.38,1,No,Inactive,UPI,2024-02-27,Chennai,4.3
C01671,29,Female,Beauty,Shampoo,1585.91,1,No,Active,Debit Card,2024-10-20,Bengaluru,2.4
C00328,52,Male,Sports,Yoga Mat,3622.89,1,Yes,Active,UPI,2024-10-19,Chandigarh,4.6
C01231,22,Male,Sports,Cricket Bat,7500.55,2,No,Inactive,Credit Card,2025-07-07,Kolkata,4.3
C01139,63,Male,Electronics,Laptop,83864.91,1,No,Inactive,Credit Card,2024-12-25,Delhi,
C00945,32,Male,Electronics,Speaker,32352.75,2,No,Active,Wallet,2024-09-20,Delhi,4.8
C01992,20,Female,Clothing,Jacket,2776.16,1,No,Inactive,UPI,2024-02-25,Jaipur,3.6
C00776,52,Female,Electronics,Laptop,48360.35,3,No,Inactive,Wallet,2024-10-20,Hyderabad,4.3
C00459,31,Male,Home & Kitchen,Bedsheet,1605.29,3,Yes,Inactive,UPI,2024-10-19,Kolkata,4.4
C00920,20,Male,Home & Kitchen,Lamp,13402.45,3,No,Inactive,UPI,2024-07-09,Kolkata,5.0
C01299,46,Female,Home & Kitchen,Coffee Maker,9792.52,1,No,Inactive,UPI,2025-10-20,Pune,4.6
C00570,56,Male,Sports,Cricket Bat,622.42,1,No,Inactive,Wallet,2024-10-08,Kolkata,3.9
C00127,58,Female,Electronics,Smartphone,16090.74,2,No,Active,Debit Card,2024-12-28,Ahmedabad,4.3
C00915,50,Female,Beauty,Face Cream,4155.09,4,No,Inactive,Cash,2024-02-24,Delhi,3.6
C01204,46,Female,Clothing,T-Shirt,3943.02,2,No,Inactive,UPI,2024-09-20,Hyderabad,4.1
C01859,61,Female,Books,Comics,1240.79,1,Yes,Inactive,Debit Card,2024-01-04,Ahmedabad,5.0
C00135,30,Other,Sports,Dumbbells,10960.61,2,Yes,Inactive,UPI,2025-01-23,Mumbai,3.9
C01158,28,Female,Books,Technology,847.48,1,Yes,Inactive,Debit Card,2025-12-26,Jaipur,5.0
C01723,43,Female,Clothing,Dress,2121.21,3,Yes,Inactive,UPI,2024-11-16,Bengaluru,4.1
C01005,27,Female,Clothing,Jacket,1433.23,2,No,Inactive,UPI,2024-04-11,Chennai,4.0
C01778,54,Female,Home & Kitchen,Bedsheet,12273.9,1,Yes,Inactive,Debit Card,2024-07-12,Bengaluru,4.0
C00118,54,Female,Books,Comics,240.7,1,No,Active,Cash,2025-08-08,Pune,4.6
C01969,30,Female,Electronics,Laptop,9213.74,1,No,Active,Debit Card,2025-10-07,Hyderabad,5.0
C01662,21,Male,Electronics,Headphones,75474.69,1,No,Inactive,Net Banking,2024-06-16,Jaipur,3.5
C00023,35,Female,Beauty,Skin Serum,3434.23,1,No,Active,Net Banking,2024-08-05,Ahmedabad,4.1
C01635,31,Male,Clothing,Dress,1396.75,1,Yes,Inactive,Credit Card,2025-09-06,Kolkata,4.0
C01383,40,Female,Clothing,Sneakers,813.47,1,No,Active,Net Banking,2024-09-28,Kolkata,3.0
C00971,36,Male,Electronics,Headphones,9644.2,3,Yes,Inactive,Net Banking,2024-12-02,Pune,4.1
C00177,45,Female,Home & Kitchen,Lamp,11586.2,2,No,Inactive,Credit Card,2025-02-11,Hyderabad,3.2
C01945,21,Male,Home & Kitchen,Bedsheet,2084.44,1,No,Active,UPI,2025-02-10,Pune,4.5
C00147,24,Male,Beauty,Lipstick,3378.07,2,Yes,Inactive,UPI,2025-03-21,Mumbai,4.3
C01828,62,Female,Electronics,Smartwatch,34451.28,1,Yes,Active,Net Banking,2024-08-26,Mumbai,4.9
C00321,33,Male,Electronics,Smartwatch,88900.91,3,No,Inactive,Credit Card,2024-09-07,Delhi,4.3
C01144,52,Female,Beauty,Face Cream,4764.73,1,Yes,Inactive,Debit Card,2025-12-05,Chandigarh,5.0
C00653,54,Male,Electronics,Smartphone,11727.93,1,No,Active,Credit Card,2024-07-25,Chennai,4.4
C01128,43,Female,Clothing,Sneakers,899.7,2,Yes,Inactive,UPI,2024-09-30,Mumbai,3.4
C00183,56,Female,Books,Technology,360.99,2,Yes,Inactive,Net Banking,2025-10-16,Jaipur,4.0
C01236,63,Male,Clothing,Dress,3819.87,5,Yes,Inactive,Cash,2025-08-13,Delhi,3.1
C01962,58,Male,Home & Kitchen,Lamp,5406.31,4,No,Inactive,Wallet,2025-05-25,Mumbai,4.6
C00386,26,Female,Clothing,Jeans,2405.58,2,No,Inactive,UPI,2024-11-26,Delhi,3.7
C00457,61,Female,Beauty,Face Cream,1523.31,4,No,Inactive,Wallet,2024-07-02,Ahmedabad,3.9
C00810,33,Male,Clothing,Jacket,4972.29,3,No,Inactive,Debit Card,2024-06-10,Ahmedabad,4.9
C00388,29,Male,Electronics,Smartphone,63747.53,3,No,Active,UPI,2025-05-01,Chandigarh,4.4
C01777,27,Male,Electronics,Headphones,14311.55,3,No,Active,UPI,2024-09-08,Kolkata,3.9
C00449,54,Male,Electronics,Speaker,19102.24,1,Yes,Inactive,Debit Card,2024-10-30,Delhi,4.7
C00667,46,Male,Books,Technology,1534.42,2,No,Inactive,UPI,2024-04-03,Pune,4.1
C00235,26,Female,Clothing,Sneakers,2728.45,1,Yes,Inactive,Cash,2025-07-30,Kolkata,4.8
C01528,52,Female,Sports,Cricket Bat,6612.66,2,No,Inactive,Net Banking,2024-01-22,Bengaluru,4.6
C01280,62,Male,Clothing,T-Shirt,4113.98,1,Yes,Inactive,UPI,2024-02-15,Chandigarh,3.6
C00273,65,Male,Clothing,Jeans,4667.4,1,No,Inactive,UPI,2025-01-17,Bengaluru,4.9
C00704,30,Male,Clothing,T-Shirt,2451.41,1,Yes,Inactive,Debit Card,2024-11-21,Pune,3.0
C00816,34,Female,Beauty,Skin Serum,1823.71,1,No,Active,Debit Card,2025-03-04,Ahmedabad,3.9
C01997,53,Female,Beauty,Lipstick,1956.83,4,No,Inactive,Net Banking,2025-02-16,Pune,5.0
C00217,24,Male,Clothing,Sneakers,4156.87,2,No,Inactive,Credit Card,2025-05-16,Jaipur,4.9
C01918,21,Male,Clothing,T-Shirt,2429.36,1,No,Inactive,Credit Card,2024-05-31,Chandigarh,3.4
C00025,40,Female,Beauty,Face Cream,4086.72,4,Yes,Inactive,Credit Card,2025-07-18,Mumbai,4.4
C01835,30,Female,Books,Comics,1671.85,2,No,Active,Credit Card,2025-12-15,Bengaluru,3.3
C01067,27,Male,Clothing,Jacket,439.41,3,No,Inactive,Credit Card,2024-11-16,Pune,3.5
C00936,33,Female,Clothing,Jeans,3430.39,2,No,Inactive,UPI,2024-10-05,Mumbai,3.5
C01646,35,Female,Clothing,Dress,1623.32,1,No,Inactive,Credit Card,2024-01-30,Mumbai,3.3
C00227,46,Male,Home & Kitchen,Cookware,12362.08,2,No,Active,UPI,2025-03-01,Bengaluru,4.7
C01623,65,Male,Clothing,Jeans,3857.57,2,No,Inactive,Debit Card,2024-01-13,Pune,4.2
C01216,47,Female,Books,Technology,150.92,3,Yes,Inactive,Debit Card,2024-12-19,Delhi,2.9
C01444,38,Female,Clothing,T-Shirt,1477.17,3,No,Active,Credit Card,2025-11-27,Hyderabad,4.6
C01726,30,Female,Beauty,Perfume,1791.89,1,Yes,Active,Debit Card,2025-06-08,Jaipur,3.3
C00546,27,Female,Home & Kitchen,Cookware,4884.81,5,No,Active,Credit Card,2024-04-14,Delhi,4.6
C00318,33,Male,Beauty,Lipstick,278.53,1,Yes,Inactive,UPI,2025-10-14,Pune,2.6
C01574,26,Male,Electronics,Laptop,58991.25,5,No,Inactive,Debit Card,2024-10-10,Chennai,3.4
C00720,20,Male,Books,Fiction,1126.43,2,No,Inactive,Credit Card,2025-02-01,Delhi,3.1
C00937,42,Female,Sports,Football,8068.52,2,Yes,Inactive,Credit Card,2024-11-18,Chandigarh,4.7
C00404,34,Male,Books,Fiction,817.58,2,Yes,Inactive,UPI,2024-08-07,Chennai,4.2
C00942,18,Female,Home & Kitchen,Storage Box,9161.39,3,No,Inactive,Credit Card,2024-11-16,Ahmedabad,4.2
C01646,54,Female,Electronics,Headphones,25125.01,1,Yes,Inactive,Cash,2025-11-02,Chennai,4.9
C01028,46,Male,Beauty,Lipstick,1502.31,1,No,Active,UPI,2024-05-14,Ahmedabad,3.2
C00336,49,Female,Electronics,Smartwatch,8857.17,2,Yes,Inactive,Net Banking,2024-05-24,Delhi,4.7
C01818,48,Female,Beauty,Perfume,536.91,3,Yes,Active,UPI,2024-03-13,Mumbai,4.4
C01049,54,Other,Books,Fiction,1798.15,1,No,Active,Debit Card,2025-03-28,Mumbai,4.1
C00876,20,Male,Home & Kitchen,Cookware,3227.22,3,Yes,Active,UPI,2024-07-03,Hyderabad,3.7
C00259,36,Male,Sports,Running Shoes,8788.88,3,Yes,Inactive,UPI,2024-08-30,Chennai,4.0
C01675,23,Female,Electronics,Headphones,74831.46,3,No,Inactive,Net Banking,2024-04-05,Jaipur,4.6
C01784,20,Female,Sports,Dumbbells,11885.91,2,Yes,Inactive,Credit Card,2025-08-29,Hyderabad,4.1
C00604,21,Male,Sports,Cricket Bat,3659.29,2,No,Active,Credit Card,2025-06-11,Bengaluru,4.3
C00779,35,Female,Sports,Dumbbells,663.5,2,No,Inactive,Net Banking,2024-08-19,Jaipur,4.0
C00759,40,Female,Home & Kitchen,Lamp,9788.88,5,No,Active,Credit Card,2025-05-25,Kolkata,4.6
C01821,19,Female,Home & Kitchen,Storage Box,10915.96,1,Yes,Inactive,UPI,2025-01-07,Delhi,3.7
C00470,40,Female,Clothing,Sneakers,2335.08,3,No,Inactive,Wallet,2025-08-14,Hyderabad,4.5
C00242,55,Female,Home & Kitchen,Coffee Maker,7937.2,5,Yes,Active,UPI,2024-06-14,Bengaluru,3.7
C00073,23,Male,Clothing,Sneakers,4475.54,3,Yes,Inactive,Credit Card,2024-03-08,Jaipur,4.5
C00756,40,Female,Home & Kitchen,Cookware,11928.01,2,No,Active,UPI,2024-06-12,Delhi,4.2
C00739,55,Male,Clothing,T-Shirt,1660.03,3,No,Inactive,Credit Card,2025-01-08,Jaipur,4.5
C00035,22,Male,Electronics,Speaker,85238.19,4,Yes,Active,Net Banking,2025-01-24,Kolkata,4.5
C00876,38,Male,Home & Kitchen,Bedsheet,10526.98,3,No,Active,Debit Card,2024-04-09,Bengaluru,5.0
C00363,64,Female,Clothing,Jacket,1031.13,1,No,Active,Net Banking,2025-08-29,Kolkata,4.2
C00822,35,Female,Sports,Cricket Bat,2567.23,1,Yes,Active,Debit Card,2024-09-27,Mumbai,4.9
C00753,51,Male,Electronics,Headphones,48910.18,1,No,Inactive,UPI,2024-02-13,Ahmedabad,3.8
C01294,24,Male,Clothing,Sneakers,2143.36,5,No,Active,Credit Card,2025-10-12,Delhi,3.7
C01717,39,Female,Books,Business,845.99,2,No,Inactive,Debit Card,2024-04-25,Delhi,4.0
C01872,59,Female,Books,Comics,1272.74,5,No,Active,Debit Card,2025-08-12,Hyderabad,2.7
C00895,43,Male,Clothing,T-Shirt,1488.4,2,No,Inactive,Cash,2024-04-30,Chennai,3.5
C01249,47,Female,Beauty,Shampoo,597.09,3,No,Active,Debit Card,2025-05-13,Chennai,3.9
C00782,33,Male,Electronics,Headphones,48673.02,4,No,Inactive,Wallet,2025-07-21,Kolkata,4.4
C00161,24,Male,Sports,Running Shoes,9796.18,1,Yes,Inactive,Debit Card,2025-10-11,Chandigarh,4.8
C01367,38,Female,Clothing,Sneakers,3815.5,1,Yes,Active,Debit Card,2025-05-12,Delhi,2.7
C01123,43,Male,Beauty,Face Cream,3875.52,2,No,Inactive,Credit Card,2024-06-30,Hyderabad,4.1
C00389,26,Female,Sports,Football,11374.2,3,No,Active,Debit Card,2025-10-09,Bengaluru,4.5
C00179,41,Male,Clothing,Sneakers,795.18,1,Yes,Inactive,Cash,2024-10-25,Delhi,3.1
C01576,58,Female,Sports,Dumbbells,4869.26,3,No,Inactive,Cash,2025-04-23,Hyderabad,3.8
C00767,60,Female,Clothing,T-Shirt,3002.87,1,No,Active,Wallet,2024-11-02,Pune,3.6
C00848,48,Female,Sports,Dumbbells,10317.91,2,No,Inactive,UPI,2024-07-21,Chandigarh,5.0
C01791,61,Female,Electronics,Smartphone,52813.31,4,No,Inactive,Net Banking,2025-01-04,Jaipur,4.7
C00258,27,Male,Electronics,Speaker,6693.78,2,No,Active,Wallet,2025-08-17,Delhi,3.8
C00034,20,Male,Electronics,Speaker,49760.9,1,No,Inactive,UPI,2025-02-24,Jaipur,3.5
C01753,31,Male,Books,Fiction,1666.25,1,Yes,Inactive,Credit Card,2024-10-31,Chennai,4.1
C01696,35,Male,Books,Business,1161.41,2,Yes,Inactive,Net Banking,2025-01-06,Jaipur,3.3
C01888,46,Female,Sports,Yoga Mat,10674.96,3,Yes,Active,UPI,2024-04-08,Hyderabad,3.9
C01777,45,Female,Beauty,Skin Serum,2098.94,3,No,Active,Wallet,2025-03-08,Kolkata,4.0
C00010,60,Male,Books,Business,669.49,1,No,Inactive,UPI,2024-09-08,Delhi,2.6
C00687,64,Male,Books,Fiction,733.53,2,No,Active,UPI,2025-01-13,Bengaluru,3.5
C00412,24,Female,Electronics,Smartphone,17495.35,1,No,Inactive,Debit Card,2025-10-31,Ahmedabad,3.2
C00842,32,Female,Clothing,Sneakers,2874.96,3,No,Active,Net Banking,2025-04-26,Hyderabad,4.1
C01586,56,Female,Clothing,Jeans,4346.32,2,Yes,Active,Cash,2024-03-07,Pune,3.8
C01205,63,Male,Sports,Running Shoes,10262.78,2,No,Inactive,Net Banking,2024-10-12,Jaipur,4.2
C00590,64,Male,Books,Self-Help,1498.9,1,Yes,Inactive,Debit Card,2025-07-17,Mumbai,4.0
C01192,27,Male,Clothing,Jeans,511.05,2,No,Active,Cash,2025-01-17,Delhi,3.9
C01258,54,Female,Home & Kitchen,Coffee Maker,6868.81,1,No,Inactive,Net Banking,2025-08-08,Hyderabad,5.0
C01111,38,Other,Clothing,T-Shirt,3023.59,1,Yes,Inactive,Net Banking,2024-05-16,Chennai,3.3
C00140,43,Female,Clothing,Jeans,2514.16,2,Yes,Active,UPI,2025-03-28,Bengaluru,4.4
C01991,63,Female,Books,Technology,1205.09,4,Yes,Inactive,UPI,2025-09-13,Chennai,2.6
C00814,32,Female,Beauty,Skin Serum,4226.27,1,No,Inactive,Credit Card,2024-11-05,Delhi,3.2
C00235,36,Female,Sports,Yoga Mat,6118.2,2,No,Inactive,Net Banking,2024-05-05,Delhi,4.7
C00639,57,Male,Electronics,Headphones,42284.14,1,No,Inactive,Credit Card,2024-01-16,Chandigarh,4.8
C00862,49,Female,Clothing,Jacket,1752.0,1,No,Active,Debit Card,2024-03-29,Mumbai,2.8
C00401,53,Female,Home & Kitchen,Storage Box,13811.47,2,Yes,Inactive,UPI,2024-02-20,Delhi,3.7
C00650,20,Other,Clothing,Dress,3822.32,1,Yes,Active,Credit Card,2025-11-20,Pune,3.1
C00192,25,Male,Electronics,Smartwatch,22018.18,3,No,Active,Net Banking,2024-03-24,Mumbai,3.5
C01093,35,Female,Home & Kitchen,Cookware,12620.29,1,Yes,Active,Wallet,2024-03-21,Pune,5.0
C00950,40,Female,Electronics,Laptop,77860.1,5,No,Inactive,UPI,2025-09-27,Delhi,2.8
C01121,26,Female,Clothing,Sneakers,3900.6,2,No,Active,UPI,2025-07-03,Pune,4.3
C00780,38,Other,Beauty,Face Cream,1643.59,1,No,Inactive,Debit Card,2025-03-10,Delhi,4.3
C00960,43,Female,Home & Kitchen,Lamp,11418.05,1,No,Inactive,Debit Card,2024-08-31,Chandigarh,3.7
C01160,38,Male,Clothing,Sneakers,831.18,4,Yes,Active,Debit Card,2024-03-08,Mumbai,3.3
C00729,51,Male,Beauty,Perfume,2922.91,1,No,Active,Credit Card,2024-08-31,Hyderabad,3.2
C00902,35,Female,Books,Business,540.34,3,No,Inactive,UPI,2024-09-04,Chennai,4.7
C00753,56,Male,Beauty,Perfume,3720.05,2,Yes,Active,Cash,2024-12-09,Bengaluru,4.4
C01552,23,Other,Clothing,T-Shirt,1634.3,1,No,Active,Credit Card,2025-09-24,Mumbai,4.0
C01789,64,Male,Home & Kitchen,Bedsheet,9940.26,1,Yes,Inactive,Credit Card,2025-06-11,Chandigarh,3.7
C01580,38,Female,Electronics,Headphones,88724.18,1,No,Active,Net Banking,2025-07-09,Hyderabad,5.0
C00700,35,Male,Clothing,Jeans,4004.9,2,Yes,Active,Debit Card,2024-03-27,Chandigarh,3.1
C01409,50,Male,Electronics,Speaker,43362.76,4,No,Inactive,Cash,2025-02-11,Pune,3.8
C00429,42,Female,Beauty,Shampoo,3344.76,4,Yes,Active,UPI,2025-11-08,Pune,4.3
C00191,18,Female,Clothing,Jacket,4555.23,3,No,Inactive,Debit Card,2025-05-06,Bengaluru,4.9
C01836,56,Female,Clothing,Dress,325.3,1,No,Active,Credit Card,2024-11-26,Mumbai,3.6
C01814,61,Male,Electronics,Speaker,35434.22,2,No,Active,UPI,2024-12-09,Hyderabad,4.0
C01732,32,Female,Books,Technology,664.22,1,No,Inactive,Credit Card,2025-08-22,Hyderabad,4.4
C01644,62,Male,Clothing,Jacket,1340.25,1,No,Active,Debit Card,2025-03-12,Chandigarh,4.0
C01460,45,Female,Sports,Yoga Mat,7293.59,1,No,Inactive,Credit Card,2024-07-29,Jaipur,3.9
C01954,39,Male,Clothing,Jeans,393.11,1,No,Inactive,Cash,2025-11-30,Kolkata,4.4
C01595,50,Female,Electronics,Speaker,27812.4,1,Yes,Active,Net Banking,2025-11-26,Chandigarh,3.0
C01305,47,Female,Electronics,Headphones,25343.8,1,No,Inactive,Net Banking,2024-10-25,Mumbai,3.9
C00575,62,Female,Beauty,Perfume,4833.51,4,Yes,Inactive,Debit Card,2024-12-03,Ahmedabad,3.0
C01816,42,Male,Electronics,Smartwatch,57721.61,3,No,Inactive,UPI,2025-01-05,Pune,3.0
C01455,24,Other,Books,Business,972.12,1,No,Active,UPI,2025-07-02,Jaipur,4.9
C01663,41,Female,Home & Kitchen,Coffee Maker,8641.29,2,Yes,Inactive,UPI,2025-08-05,Mumbai,5.0
C01078,35,Female,Clothing,Sneakers,1733.24,1,No,Inactive,UPI,2024-08-29,Pune,4.8
C00327,54,Male,Books,Self-Help,580.14,5,No,Active,Net Banking,2024-12-18,Delhi,4.0
C00597,46,Other,Sports,Running Shoes,3356.96,4,No,Active,UPI,2024-10-30,Hyderabad,3.7
C00042,34,Male,Home & Kitchen,Coffee Maker,2265.31,3,No,Inactive,UPI,2024-10-14,Hyderabad,4.2
C00912,27,Female,Clothing,T-Shirt,4218.26,1,No,Inactive,UPI,2025-10-19,Mumbai,4.7
C00761,43,Male,Books,Fiction,1112.1,4,Yes,Inactive,Debit Card,2024-08-14,Mumbai,3.5
C00345,62,Female,Books,Self-Help,1189.76,2,No,Inactive,Debit Card,2025-04-17,Kolkata,3.1
C00387,65,Male,Clothing,T-Shirt,4667.74,5,No,Inactive,Debit Card,2024-01-15,Delhi,4.7
C01571,19,Female,Beauty,Skin Serum,4063.0,1,No,Active,UPI,2025-04-17,Hyderabad,4.0
C01154,46,Other,Clothing,Jeans,1245.92,2,Yes,Inactive,Debit Card,2024-10-14,Bengaluru,3.9
C01411,40,Male,Electronics,Smartphone,26819.07,4,Yes,Inactive,UPI,2025-06-12,Jaipur,3.5
C01260,28,Male,Sports,Dumbbells,7250.63,1,Yes,Inactive,UPI,2024-11-10,Ahmedabad,2.9
C01247,65,Female,Books,Comics,1106.24,4,Yes,Inactive,UPI,2024-08-12,Pune,3.5
C00273,44,Male,Electronics,Smartphone,64906.16,1,No,Inactive,Credit Card,2024-07-28,Pune,3.9
C01760,33,Female,Books,Comics,350.1,4,No,Active,UPI,2024-10-16,Ahmedabad,3.4
C00330,30,Male,Beauty,Shampoo,3505.49,1,No,Inactive,Wallet,2024-11-05,Chennai,4.4
C00704,47,Female,Clothing,Jeans,4974.6,2,No,Inactive,Credit Card,2024-09-08,Chandigarh,3.6
C00867,43,Male,Beauty,Face Cream,1047.19,3,No,Inactive,UPI,2025-08-15,Ahmedabad,3.6
C00742,19,Female,Books,Fiction,487.38,1,Yes,Inactive,UPI,2025-02-18,Bengaluru,4.6
C01307,43,Female,Home & Kitchen,Lamp,2085.43,2,Yes,Inactive,UPI,2025-04-28,Mumbai,3.1
C00383,54,Female,Beauty,Face Cream,1485.47,5,No,Inactive,Cash,2024-05-10,Chennai,4.5
C01395,40,Female,Clothing,Sneakers,692.66,1,No,Active,Debit Card,2025-07-05,Jaipur,4.7
C00575,65,Male,Beauty,Face Cream,1131.16,1,Yes,Active,Debit Card,2025-04-07,Chandigarh,4.9
C00845,61,Other,Home & Kitchen,Cookware,11928.27,4,No,Inactive,Credit Card,2025-07-03,Mumbai,4.6
C01118,35,Male,Clothing,Sneakers,2221.83,4,No,Inactive,Debit Card,2024-05-21,Kolkata,3.9
C01094,51,Female,Clothing,T-Shirt,1815.53,2,No,Inactive,Debit Card,2025-10-08,Chandigarh,4.9
C00499,38,Female,Books,Technology,561.93,1,Yes,Active,Credit Card,2024-06-28,Kolkata,4.9
C01238,62,Female,Sports,Running Shoes,10515.76,4,No,Active,Debit Card,2024-06-25,Delhi,2.9
C01549,54,Female,Home & Kitchen,Lamp,13658.34,1,No,Inactive,Net Banking,2025-11-10,Chennai,4.2
C01131,33,Male,Electronics,Smartwatch,14475.1,2,No,Inactive,UPI,2024-07-24,Mumbai,
C00531,43,Male,Electronics,Speaker,67698.47,3,Yes,Active,Credit Card,2024-08-04,Mumbai,4.2
C01367,29,Male,Beauty,Shampoo,476.81,1,Yes,Active,Credit Card,2025-10-24,Mumbai,3.3
C00648,46,Female,Home & Kitchen,Bedsheet,6943.89,4,Yes,Active,Wallet,2025-12-22,Pune,4.6
C00889,32,Female,Clothing,Jeans,4832.2,2,Yes,Inactive,Debit Card,2025-12-18,Delhi,3.9
C01939,62,Male,Sports,Dumbbells,10483.34,5,No,Inactive,UPI,2025-04-16,Pune,3.4
C00942,26,Female,Electronics,Headphones,48954.67,1,No,Inactive,UPI,2025-07-29,Pune,3.7
C00146,30,Male,Sports,Cricket Bat,3643.84,4,No,Inactive,Net Banking,2024-12-05,Chennai,3.8
C00644,40,Female,Electronics,Smartphone,31641.1,2,Yes,Active,Credit Card,2025-04-09,Jaipur,4.3
C00938,29,Male,Home & Kitchen,Cookware,7502.34,1,No,Inactive,Debit Card,2025-10-03,Chandigarh,3.1
C01907,56,Female,Home & Kitchen,Bedsheet,2417.99,4,No,Inactive,Cash,2024-03-06,Hyderabad,4.1
C00613,59,Female,Electronics,Smartwatch,89614.25,2,Yes,Inactive,Net Banking,2024-10-18,Ahmedabad,3.6
C00500,33,Female,Home & Kitchen,Coffee Maker,9222.9,3,No,Inactive,Debit Card,2025-05-04,Chennai,4.4
C01557,60,Female,Clothing,T-Shirt,843.03,2,Yes,Active,Debit Card,2025-06-06,Kolkata,3.9
C01417,41,Female,Electronics,Smartwatch,79922.69,1,Yes,Inactive,Debit Card,2025-12-21,Hyderabad,4.0
C01816,49,Other,Clothing,Jacket,3280.58,3,No,Active,UPI,2024-04-01,Kolkata,4.3
C00112,43,Female,Home & Kitchen,Storage Box,4065.67,4,No,Active,Credit Card,2024-03-08,Jaipur,
C01838,60,Male,Books,Self-Help,778.58,2,Yes,Inactive,Credit Card,2024-03-29,Chennai,4.5
C00595,20,Male,Clothing,Dress,3690.51,1,No,Active,UPI,2025-01-08,Bengaluru,4.2
C01122,35,Male,Sports,Football,9374.88,1,No,Inactive,UPI,2025-05-13,Hyderabad,5.0
C01846,43,Female,Sports,Running Shoes,6800.44,2,No,Inactive,Debit Card,2025-03-30,Hyderabad,
C00131,20,Male,Electronics,Smartwatch,55579.96,2,Yes,Inactive,Cash,2024-06-03,Chandigarh,4.1
C01424,20,Male,Electronics,Speaker,5042.94,3,No,Inactive,Wallet,2025-07-13,Chennai,3.6
C00157,54,Female,Clothing,Jeans,4995.82,1,No,Active,Credit Card,2025-04-16,Kolkata,3.9
C01557,22,Other,Books,Comics,1065.26,1,No,Inactive,UPI,2025-03-18,Hyderabad,4.8
C01498,23,Female,Electronics,Laptop,47621.55,4,No,Inactive,Net Banking,2025-09-15,Mumbai,4.0
C00021,61,Female,Electronics,Headphones,42566.96,4,No,Inactive,Net Banking,2025-05-03,Kolkata,4.3
C01518,63,Female,Sports,Running Shoes,5102.0,4,No,Inactive,Credit Card,2025-01-15,Chennai,4.2
C00106,25,Male,Sports,Yoga Mat,8195.93,2,No,Active,Net Banking,2025-03-17,Delhi,3.1
C00444,22,Female,Sports,Cricket Bat,9131.87,2,No,Active,UPI,2024-06-01,Kolkata,5.0
C00034,31,Female,Home & Kitchen,Lamp,2066.11,1,No,Active,Net Banking,2025-05-09,Ahmedabad,3.9
C01307,59,Female,Sports,Cricket Bat,4418.0,2,No,Inactive,Credit Card,2025-02-23,Bengaluru,3.8
C00036,52,Female,Home & Kitchen,Bedsheet,14695.38,3,No,Active,UPI,2024-03-08,Hyderabad,4.5
C00892,47,Female,Electronics,Laptop,82145.74,1,No,Active,Debit Card,2025-01-13,Jaipur,3.5
C01476,39,Female,Home & Kitchen,Coffee Maker,14743.49,1,No,Inactive,Debit Card,2024-10-17,Hyderabad,4.0
C01907,62,Female,Clothing,Sneakers,3352.72,3,No,Active,Credit Card,2025-12-16,Jaipur,3.7
C01957,58,Female,Home & Kitchen,Bedsheet,7741.24,3,No,Inactive,Debit Card,2025-04-30,Bengaluru,4.7
C00628,34,Female,Clothing,Sneakers,3187.79,1,No,Inactive,Credit Card,2025-12-29,Delhi,4.1
C00187,37,Male,Electronics,Smartwatch,34714.37,3,No,Inactive,Net Banking,2025-09-20,Chandigarh,4.1
C01797,43,Male,Clothing,Dress,4299.83,1,Yes,Inactive,UPI,2025-03-16,Ahmedabad,3.4
C00062,55,Female,Electronics,Headphones,11051.7,3,Yes,Active,Debit Card,2024-02-22,Mumbai,3.4
C01161,50,Female,Electronics,Smartphone,25312.68,4,No,Active,UPI,2025-12-11,Bengaluru,4.4
C01018,32,Female,Clothing,Dress,3413.33,2,No,Inactive,Debit Card,2025-05-31,Chandigarh,4.9
C01966,32,Female,Beauty,Skin Serum,3450.52,1,No,Inactive,Cash,2025-01-11,Kolkata,3.0
C00298,29,Female,Home & Kitchen,Bedsheet,1342.27,1,Yes,Inactive,Debit Card,2025-11-27,Pune,4.5
C00769,48,Female,Clothing,Dress,4307.56,3,No,Active,Credit Card,2024-06-14,Ahmedabad,3.6
C01703,18,Male,Home & Kitchen,Coffee Maker,5089.85,3,Yes,Inactive,Credit Card,2025-08-11,Mumbai,4.4
C01233,37,Other,Beauty,Perfume,202.53,1,Yes,Inactive,UPI,2024-10-30,Mumbai,3.5
C00049,48,Male,Home & Kitchen,Lamp,10161.82,5,No,Active,Debit Card,2025-03-17,Hyderabad,4.3
C00886,21,Male,Home & Kitchen,Bedsheet,8830.55,5,No,Inactive,Net Banking,2024-07-19,Bengaluru,3.9
C01334,26,Male,Clothing,Jeans,4153.6,2,No,Active,Debit Card,2024-08-23,Delhi,4.6
C00580,24,Female,Home & Kitchen,Storage Box,5162.65,3,No,Inactive,Credit Card,2025-05-15,Hyderabad,4.4
C00838,22,Male,Books,Fiction,934.49,2,No,Inactive,Cash,2024-12-27,Chandigarh,4.1
C00211,48,Female,Clothing,T-Shirt,1989.96,1,No,Active,Credit Card,2024-10-26,Chennai,4.4
C00313,63,Male,Home & Kitchen,Coffee Maker,10403.41,2,Yes,Active,UPI,2024-03-16,Chennai,3.6
C00237,30,Male,Sports,Yoga Mat,6010.02,3,No,Inactive,Net Banking,2025-07-11,Chennai,3.5
C00079,18,Female,Clothing,Sneakers,4757.3,3,Yes,Active,Debit Card,2024-04-12,Kolkata,3.9
C00155,18,Male,Electronics,Speaker,48145.02,1,Yes,Inactive,Wallet,2024-09-07,Hyderabad,3.9
C00989,41,Male,Clothing,Jacket,4614.33,2,Yes,Inactive,Debit Card,2024-01-07,Hyderabad,4.2
C00906,18,Male,Sports,Running Shoes,3218.54,3,No,Active,Cash,2025-02-21,Bengaluru,2.8
C01328,54,Female,Beauty,Lipstick,834.52,2,Yes,Active,Credit Card,2025-12-02,Jaipur,5.0
C01588,50,Female,Electronics,Smartphone,45927.21,3,Yes,Active,Cash,2024-02-27,Chennai,4.0
C00502,46,Male,Books,Comics,888.87,1,No,Inactive,Wallet,2024-10-27,Chandigarh,3.0
C01039,57,Female,Books,Business,417.1,2,No,Inactive,Credit Card,2025-03-09,Kolkata,3.4
C01393,35,Male,Electronics,Smartwatch,41527.42,3,No,Inactive,Debit Card,2024-07-30,Mumbai,4.8
C01120,24,Female,Clothing,Sneakers,2233.07,2,No,Inactive,UPI,2025-12-05,Jaipur,3.5
C00852,19,Male,Clothing,T-Shirt,4675.56,2,No,Inactive,UPI,2025-09-24,Delhi,3.1
C01997,20,Male,Sports,Yoga Mat,11082.8,2,Yes,Inactive,Credit Card,2024-12-29,Bengaluru,3.9
C01082,42,Male,Beauty,Shampoo,2228.84,1,Yes,Inactive,UPI,2025-02-07,Hyderabad,3.2
C00730,23,Other,Sports,Dumbbells,9946.28,1,Yes,Active,Net Banking,2024-10-14,Chennai,4.0
C00213,47,Male,Home & Kitchen,Coffee Maker,13256.03,1,No,Active,Credit Card,2024-07-19,Jaipur,5.0
C00889,55,Male,Sports,Yoga Mat,1466.75,2,Yes,Inactive,UPI,2024-09-08,Ahmedabad,4.9
C01796,42,Female,Home & Kitchen,Coffee Maker,14881.97,1,No,Inactive,Credit Card,2025-06-20,Jaipur,2.8
C01588,31,Female,Electronics,Smartphone,8772.23,5,Yes,Inactive,Debit Card,2025-03-17,Jaipur,3.9
C01096,43,Female,Home & Kitchen,Cookware,807.15,3,No,Inactive,UPI,2024-10-30,Mumbai,3.8
C01925,25,Female,Beauty,Face Cream,4881.39,3,No,Inactive,Net Banking,2025-06-05,Ahmedabad,4.2
C01174,41,Female,Electronics,Speaker,1140.17,2,No,Active,Net Banking,2025-11-03,Pune,4.7
C00149,63,Male,Beauty,Skin Serum,2441.34,4,Yes,Inactive,UPI,2025-03-03,Pune,3.7
C00858,33,Female,Electronics,Speaker,29316.26,2,No,Active,Credit Card,2024-04-12,Delhi,3.9
C01199,32,Male,Electronics,Smartphone,38408.51,1,No,Inactive,UPI,2025-04-10,Chennai,4.6
C01388,54,Female,Home & Kitchen,Storage Box,11543.6,1,Yes,Inactive,Credit Card,2025-01-29,Pune,2.6
C01280,54,Male,Clothing,Dress,4509.57,4,No,Inactive,UPI,2024-04-16,Ahmedabad,4.4
C01608,25,Male,Electronics,Speaker,33025.08,1,No,Active,Net Banking,2025-08-17,Delhi,3.7
C01448,52,Female,Home & Kitchen,Cookware,10244.6,3,No,Active,Debit Card,2025-11-23,Kolkata,3.5
C00199,47,Female,Beauty,Lipstick,4181.46,1,No,Inactive,UPI,2024-12-07,Delhi,3.0
C01246,21,Female,Electronics,Smartphone,68058.6,2,No,Active,UPI,2024-03-22,Hyderabad,4.2
C00310,31,Other,Home & Kitchen,Cookware,13379.52,2,Yes,Inactive,Credit Card,2025-06-08,Ahmedabad,4.0
C00881,52,Male,Clothing,Dress,1031.18,3,No,Active,Wallet,2024-07-17,Chandigarh,3.8
C01013,34,Male,Electronics,Speaker,24845.59,3,No,Active,Wallet,2024-12-11,Chennai,4.3
C00457,52,Female,Electronics,Speaker,39742.89,5,No,Active,UPI,2024-12-07,Delhi,3.8
C00019,38,Male,Home & Kitchen,Lamp,12088.52,4,Yes,Inactive,UPI,2025-12-26,Delhi,5.0
C01112,37,Male,Clothing,Sneakers,1148.21,1,Yes,Inactive,Debit Card,2024-04-27,Ahmedabad,3.1
C00308,33,Male,Beauty,Lipstick,1663.68,1,No,Inactive,Credit Card,2025-05-25,Hyderabad,4.4
C00988,57,Male,Sports,Cricket Bat,10438.9,3,No,Active,Net Banking,2024-03-07,Bengaluru,5.0
C00236,20,Other,Home & Kitchen,Bedsheet,4605.18,1,Yes,Inactive,Debit Card,2025-08-18,Chandigarh,3.3
C00997,58,Female,Clothing,Sneakers,3992.38,2,Yes,Active,UPI,2025-04-09,Pune,4.4
C01788,60,Female,Electronics,Laptop,63188.54,1,No,Active,Cash,2024-04-25,Kolkata,4.6
C00848,63,Female,Clothing,Sneakers,4410.18,2,Yes,Active,UPI,2025-10-28,Chennai,4.0
C01512,47,Female,Home & Kitchen,Cookware,11226.77,1,Yes,Inactive,Debit Card,2024-11-14,Hyderabad,3.8
C00309,26,Male,Clothing,Sneakers,4669.73,2,No,Inactive,Net Banking,2024-01-31,Jaipur,4.4
C00124,27,Female,Home & Kitchen,Cookware,2073.63,2,Yes,Active,Cash,2024-05-13,Chennai,3.9
C00382,28,Female,Electronics,Speaker,19747.44,2,Yes,Inactive,Credit Card,2024-01-02,Ahmedabad,3.6
C00719,30,Male,Clothing,T-Shirt,3903.64,3,Yes,Inactive,UPI,2025-02-19,Bengaluru,2.1
C00868,47,Female,Electronics,Laptop,34998.8,1,No,Inactive,Cash,2025-04-08,Ahmedabad,3.9
C00894,47,Female,Clothing,Jeans,3837.62,1,No,Active,Credit Card,2024-05-03,Delhi,4.4
C00954,53,Male,Clothing,Jacket,3933.67,2,No,Active,Credit Card,2025-06-03,Chandigarh,3.8
C00022,63,Male,Clothing,Dress,523.41,4,Yes,Active,Cash,2024-11-30,Pune,4.2
C00515,38,Female,Electronics,Speaker,44940.89,5,Yes,Inactive,UPI,2024-08-31,Chennai,4.2
C00618,46,Female,Electronics,Headphones,58189.86,1,Yes,Inactive,Debit Card,2025-01-25,Hyderabad,2.9
C01136,46,Female,Sports,Cricket Bat,5912.66,1,No,Active,Debit Card,2024-03-06,Kolkata,3.9
C01435,46,Female,Clothing,T-Shirt,4582.76,2,No,Active,UPI,2025-06-25,Jaipur,5.0
C00673,26,Male,Clothing,Jeans,2820.51,1,No,Active,Debit Card,2025-09-05,Pune,3.4
C00736,33,Female,Beauty,Perfume,2703.66,1,Yes,Active,UPI,2024-03-27,Hyderabad,3.4
C00489,54,Male,Beauty,Perfume,2455.98,1,No,Inactive,Wallet,2024-10-09,Chandigarh,3.7
C01965,36,Female,Electronics,Smartwatch,60202.8,2,No,Active,Debit Card,2024-05-26,Jaipur,3.3
C01382,57,Female,Home & Kitchen,Cookware,8481.95,3,No,Inactive,UPI,2024-07-22,Pune,4.5
C00715,44,Female,Sports,Running Shoes,1388.91,2,No,Inactive,Net Banking,2024-06-18,Kolkata,4.2
C01148,63,Other,Clothing,Sneakers,1155.51,2,No,Active,Debit Card,2024-02-22,Jaipur,3.8
C00703,22,Female,Beauty,Shampoo,1263.45,1,No,Active,UPI,2025-05-30,Mumbai,3.9
C01105,31,Male,Clothing,T-Shirt,4163.2,4,No,Inactive,Net Banking,2025-03-05,Ahmedabad,4.4
C01108,25,Female,Electronics,Speaker,73941.04,1,No,Inactive,UPI,2024-02-27,Pune,4.3
C01654,41,Male,Electronics,Laptop,73185.26,1,Yes,Inactive,UPI,2024-01-14,Mumbai,3.7
C01301,52,Male,Books,Business,983.21,5,No,Inactive,Credit Card,2024-08-19,Jaipur,4.3
C01457,65,Female,Beauty,Face Cream,1410.27,1,No,Inactive,Debit Card,2025-08-27,Chennai,3.3
C00327,46,Male,Books,Self-Help,386.23,2,No,Inactive,Debit Card,2024-01-06,Chandigarh,4.6
C01906,41,Female,Beauty,Face Cream,3051.55,2,No,Inactive,Net Banking,2024-05-18,Jaipur,3.8
C00242,37,Male,Clothing,Dress,938.92,1,No,Inactive,UPI,2025-04-23,Hyderabad,4.0
C00974,50,Female,Clothing,Jacket,1770.16,3,No,Inactive,UPI,2024-07-04,Chandigarh,3.4
C01368,20,Female,Electronics,Smartwatch,87742.0,2,No,Inactive,Debit Card,2024-12-06,Chandigarh,3.6
C00095,19,Female,Sports,Running Shoes,6842.92,2,No,Active,UPI,2025-09-07,Chandigarh,3.5
C00422,62,Male,Electronics,Smartwatch,12374.47,4,No,Active,Wallet,2025-12-03,Pune,
C01869,56,Female,Home & Kitchen,Storage Box,14695.09,1,Yes,Inactive,Debit Card,2025-08-15,Jaipur,2.4
C00870,49,Male,Clothing,Jeans,494.35,1,Yes,Inactive,Credit Card,2024-01-24,Pune,3.9
C00308,30,Male,Sports,Yoga Mat,6291.3,1,Yes,Active,Wallet,2025-03-12,Delhi,4.7
C01555,30,Female,Clothing,Dress,4482.16,1,Yes,Active,Debit Card,2025-12-27,Chandigarh,3.2
C00431,19,Male,Sports,Cricket Bat,9797.97,1,No,Inactive,Debit Card,2024-01-24,Mumbai,5.0
C01117,19,Male,Books,Fiction,1043.44,2,Yes,Inactive,Net Banking,2024-07-06,Jaipur,5.0
C00311,20,Male,Books,Self-Help,616.76,3,No,Inactive,Debit Card,2025-11-15,Chennai,3.3
C01414,27,Male,Home & Kitchen,Cookware,12493.36,3,No,Inactive,UPI,2024-01-27,Hyderabad,4.4
C00893,34,Male,Books,Fiction,1025.57,1,Yes,Inactive,UPI,2025-05-13,Ahmedabad,5.0
C00093,25,Male,Sports,Football,1832.54,1,No,Active,UPI,2025-07-03,Mumbai,4.6
C00664,38,Male,Sports,Running Shoes,7107.3,4,Yes,Inactive,Wallet,2024-02-12,Chennai,5.0
C01923,22,Female,Sports,Dumbbells,416.76,2,No,Inactive,Wallet,2025-12-17,Mumbai,4.7
C01523,37,Male,Clothing,Jacket,3374.85,1,No,Inactive,Debit Card,2024-12-15,Hyderabad,3.8
C01712,65,Other,Beauty,Face Cream,4374.2,1,No,Inactive,Cash,2024-10-24,Chandigarh,4.1
C00251,42,Other,Clothing,T-Shirt,4045.85,2,No,Active,Credit Card,2024-08-23,Pune,3.6
C01582,57,Male,Electronics,Smartwatch,55679.07,4,No,Inactive,Credit Card,2025-07-31,Jaipur,3.4
C01182,57,Female,Home & Kitchen,Bedsheet,4724.67,1,No,Inactive,Credit Card,2024-01-20,Kolkata,4.2
C01893,46,Female,Electronics,Speaker,51633.74,1,Yes,Inactive,UPI,2024-06-09,Ahmedabad,4.1
C00989,59,Female,Electronics,Speaker,22084.35,1,No,Active,UPI,2024-08-25,Mumbai,
C00339,47,Male,Electronics,Headphones,68561.04,1,No,Inactive,Credit Card,2024-03-15,Mumbai,3.8
C01447,45,Female,Books,Technology,1680.06,4,No,Inactive,Cash,2024-09-23,Chandigarh,4.6
C01616,26,Female,Beauty,Shampoo,315.69,1,No,Active,Cash,2025-10-05,Chennai,2.3
C00494,43,Female,Clothing,Jeans,2825.25,1,No,Inactive,Credit Card,2024-09-18,Bengaluru,5.0
C01464,35,Male,Home & Kitchen,Lamp,2544.88,1,No,Active,UPI,2024-05-01,Ahmedabad,3.7
C01701,57,Male,Electronics,Smartwatch,17398.63,1,No,Inactive,UPI,2025-06-03,Kolkata,3.6
C01633,54,Male,Sports,Yoga Mat,8062.52,2,No,Inactive,Debit Card,2024-01-06,Delhi,3.8
C01291,47,Female,Home & Kitchen,Coffee Maker,14484.11,1,No,Active,UPI,2024-02-12,Chennai,4.4
C01302,32,Female,Sports,Cricket Bat,10664.76,1,No,Inactive,Credit Card,2025-04-25,Jaipur,4.7
C00401,27,Male,Books,Business,898.42,2,No,Active,Wallet,2025-03-31,Chandigarh,3.6
C01190,27,Female,Clothing,Jeans,480.03,3,No,Inactive,Wallet,2024-02-14,Chennai,
C00300,62,Male,Home & Kitchen,Lamp,380.47,4,No,Inactive,Wallet,2024-03-04,Chennai,4.4
C01297,35,Female,Beauty,Shampoo,1618.17,2,No,Active,Cash,2025-09-19,Kolkata,4.4
C01015,32,Female,Sports,Yoga Mat,9992.8,1,Yes,Inactive,Credit Card,2025-05-13,Delhi,3.9
C00453,49,Female,Clothing,T-Shirt,3175.73,3,No,Inactive,Debit Card,2025-07-01,Hyderabad,3.1
C01950,56,Female,Clothing,Dress,381.0,3,Yes,Inactive,Wallet,2024-02-22,Delhi,5.0
C01378,36,Female,Electronics,Smartwatch,71441.63,5,Yes,Inactive,Credit Card,2025-06-03,Kolkata,4.3
C01721,54,Male,Books,Fiction,916.97,3,No,Active,Net Banking,2024-10-17,Bengaluru,3.3
C01099,53,Female,Books,Fiction,1261.59,2,Yes,Inactive,Credit Card,2024-06-12,Ahmedabad,3.2
C00289,32,Female,Home & Kitchen,Storage Box,6314.24,3,No,Inactive,Credit Card,2024-10-29,Pune,4.1
C01640,63,Female,Sports,Cricket Bat,8865.95,4,No,Inactive,UPI,2024-02-19,Hyderabad,4.3
C00913,34,Male,Sports,Yoga Mat,7598.15,1,Yes,Inactive,Cash,2025-04-13,Hyderabad,4.9
C00864,64,Male,Home & Kitchen,Lamp,7140.25,2,No,Inactive,Credit Card,2024-01-14,Jaipur,4.1
C00376,34,Male,Electronics,Smartphone,45032.12,2,No,Inactive,Credit Card,2024-07-25,Bengaluru,4.2
C00665,22,Male,Home & Kitchen,Cookware,8272.19,2,No,Active,Net Banking,2024-11-01,Bengaluru,5.0
C01762,56,Female,Clothing,Sneakers,3044.63,3,Yes,Inactive,UPI,2024-11-21,Mumbai,4.3
C00705,28,Other,Beauty,Skin Serum,3969.7,2,No,Inactive,UPI,2025-07-11,Chandigarh,5.0
C01013,27,Male,Clothing,Dress,1382.2,2,No,Inactive,Credit Card,2024-04-22,Bengaluru,3.0
C01037,55,Male,Sports,Yoga Mat,7308.61,1,Yes,Inactive,Wallet,2024-06-03,Bengaluru,4.4
C00896,42,Female,Books,Fiction,998.21,2,No,Inactive,Cash,2025-11-02,Chandigarh,3.3
C00096,33,Male,Books,Business,811.52,1,No,Active,UPI,2024-02-15,Chennai,4.1
C01507,21,Male,Electronics,Headphones,77490.73,3,Yes,Active,Cash,2024-09-10,Chandigarh,4.4
C01758,31,Female,Clothing,Dress,3877.66,4,Yes,Inactive,Net Banking,2025-06-14,Kolkata,4.3
C00129,64,Female,Home & Kitchen,Bedsheet,12317.11,2,Yes,Active,Credit Card,2025-04-02,Pune,3.2
C00192,46,Male,Beauty,Perfume,723.24,1,Yes,Active,UPI,2024-09-09,Hyderabad,3.1
C00800,65,Male,Beauty,Lipstick,616.27,3,No,Inactive,Credit Card,2025-11-29,Jaipur,4.3
C01520,24,Female,Beauty,Face Cream,2741.99,4,No,Inactive,Debit Card,2024-02-07,Bengaluru,4.4
C01804,31,Other,Electronics,Headphones,8143.6,1,No,Active,Credit Card,2024-05-10,Jaipur,5.0
C01706,44,Female,Beauty,Face Cream,824.93,1,No,Active,UPI,2024-05-21,Pune,2.9
C01036,20,Female,Clothing,T-Shirt,3149.93,2,No,Inactive,UPI,2025-02-15,Delhi,4.4
C00840,44,Female,Home & Kitchen,Coffee Maker,11771.28,1,Yes,Inactive,Credit Card,2024-08-14,Hyderabad,4.2
C00706,35,Male,Electronics,Smartwatch,10801.97,1,No,Inactive,Cash,2025-05-15,Chennai,2.9
C00946,45,Female,Electronics,Laptop,8829.7,1,No,Inactive,Credit Card,2024-06-06,Kolkata,4.2
C01059,26,Male,Beauty,Skin Serum,1928.19,3,No,Inactive,Cash,2025-06-04,Hyderabad,3.7
C01499,20,Male,Books,Fiction,1793.86,2,No,Active,Credit Card,2024-02-26,Jaipur,3.7
C01429,24,Male,Electronics,Headphones,14482.88,1,No,Inactive,Net Banking,2024-10-30,Pune,4.4
C01204,51,Male,Beauty,Shampoo,2342.92,3,Yes,Active,Debit Card,2025-05-14,Bengaluru,3.9
C00367,43,Male,Electronics,Smartwatch,24634.42,1,No,Inactive,Credit Card,2025-04-12,Chennai,4.7
C01957,58,Male,Home & Kitchen,Storage Box,14703.19,4,No,Inactive,UPI,2024-05-06,Chennai,4.7
C01312,22,Female,Clothing,Jacket,4491.7,2,No,Inactive,UPI,2024-04-29,Kolkata,
C01762,41,Male,Beauty,Perfume,380.92,4,No,Inactive,Debit Card,2024-06-19,Chennai,3.3
C00999,62,Female,Home & Kitchen,Cookware,10793.4,3,No,Active,Credit Card,2025-12-02,Mumbai,3.9
C01849,40,Male,Sports,Running Shoes,3074.91,2,No,Active,UPI,2025-08-25,Chennai,3.6
C01610,40,Female,Electronics,Smartphone,31675.95,4,No,Inactive,Net Banking,2024-07-23,Chandigarh,4.2
C01539,60,Female,Home & Kitchen,Storage Box,12887.84,1,No,Active,Cash,2025-05-20,Ahmedabad,4.2
C01049,60,Female,Clothing,T-Shirt,4687.59,3,Yes,Inactive,Cash,2025-07-07,Chandigarh,3.0
C01278,54,Male,Clothing,T-Shirt,3961.16,1,No,Active,Net Banking,2024-01-15,Bengaluru,3.8
C01346,56,Female,Books,Technology,1668.94,3,Yes,Active,Net Banking,2025-02-17,Kolkata,5.0
C00883,25,Female,Clothing,Jeans,3412.75,3,No,Inactive,UPI,2025-07-20,Hyderabad,4.2
C00474,36,Female,Electronics,Smartwatch,68158.11,1,No,Active,Cash,2024-03-08,Chandigarh,2.9
C00405,57,Male,Clothing,Jacket,435.49,1,No,Inactive,Cash,2024-03-19,Mumbai,3.6
C00026,35,Male,Sports,Yoga Mat,423.38,2,No,Active,UPI,2024-10-12,Pune,4.9
C01784,49,Female,Home & Kitchen,Bedsheet,11045.86,1,No,Inactive,Debit Card,2025-07-12,Chennai,4.4
C00105,46,Female,Clothing,Jeans,3083.6,3,Yes,Active,Debit Card,2024-06-01,Hyderabad,4.6
C00938,56,Male,Clothing,Jacket,1440.91,1,No,Active,Credit Card,2025-04-19,Pune,4.6
C00419,32,Female,Sports,Running Shoes,2225.17,1,No,Inactive,Cash,2024-06-22,Chennai,3.8
C00599,21,Female,Electronics,Smartphone,75206.27,4,No,Active,Net Banking,2024-12-18,Pune,4.6
C00595,36,Female,Clothing,Jacket,4538.97,1,No,Inactive,Cash,2024-08-29,Jaipur,4.4
C00434,41,Female,Books,Business,1102.88,2,Yes,Inactive,Cash,2025-02-12,Chennai,3.8
C00624,52,Male,Electronics,Smartphone,10286.3,1,Yes,Inactive,Debit Card,2024-04-26,Jaipur,4.9
C01914,51,Male,Clothing,Dress,958.55,1,Yes,Active,Credit Card,2024-12-27,Delhi,4.5
C00661,29,Female,Clothing,T-Shirt,4545.64,3,No,Inactive,Debit Card,2024-09-24,Jaipur,4.2
C00748,24,Male,Electronics,Speaker,64285.17,3,Yes,Active,Debit Card,2024-07-26,Chandigarh,4.5
C00561,43,Male,Clothing,Jeans,3874.11,1,No,Inactive,UPI,2024-12-02,Chandigarh,3.8
C00446,64,Male,Home & Kitchen,Coffee Maker,8550.98,1,No,Inactive,Debit Card,2025-02-19,Delhi,3.4
C00477,35,Female,Electronics,Laptop,16215.57,1,Yes,Inactive,Credit Card,2025-06-22,Mumbai,4.3
C00238,26,Female,Books,Comics,982.38,5,No,Active,UPI,2025-03-21,Jaipur,4.4
C01767,58,Female,Home & Kitchen,Lamp,7271.05,1,Yes,Active,Wallet,2024-04-20,Hyderabad,4.7
C00378,35,Male,Beauty,Lipstick,4736.63,2,No,Inactive,UPI,2024-09-28,Hyderabad,5.0
C01501,57,Female,Clothing,Dress,936.1,1,Yes,Inactive,UPI,2025-07-23,Hyderabad,4.3
C00614,43,Female,Books,Fiction,1017.7,1,Yes,Inactive,UPI,2024-05-01,Chennai,4.6
C00508,59,Female,Beauty,Shampoo,1511.12,2,Yes,Inactive,Debit Card,2024-02-25,Chandigarh,4.9
C00717,60,Male,Books,Fiction,705.37,1,Yes,Inactive,UPI,2024-11-06,Chandigarh,3.5
C00375,52,Male,Beauty,Lipstick,372.21,1,No,Active,Credit Card,2025-08-01,Pune,3.9
C00311,64,Female,Electronics,Smartwatch,60392.92,1,No,Active,Debit Card,2024-09-02,Bengaluru,3.7
C01329,65,Male,Sports,Running Shoes,3445.61,2,No,Inactive,UPI,2025-10-31,Hyderabad,2.0
C01320,64,Female,Clothing,Jacket,3503.79,2,No,Inactive,UPI,2024-08-07,Kolkata,5.0
C01789,43,Male,Clothing,Dress,3211.26,1,Yes,Inactive,Credit Card,2025-05-02,Jaipur,2.4
C00758,49,Female,Electronics,Speaker,27507.33,4,Yes,Inactive,Net Banking,2025-06-26,Ahmedabad,3.2
C00007,54,Female,Clothing,Dress,3696.13,3,No,Inactive,Credit Card,2025-12-18,Pune,3.7
C00284,18,Male,Home & Kitchen,Bedsheet,12796.62,3,No,Active,Debit Card,2025-06-26,Jaipur,4.1
C00911,57,Female,Home & Kitchen,Lamp,7032.92,2,Yes,Inactive,UPI,2024-10-09,Chandigarh,3.7
C01907,20,Female,Beauty,Perfume,4036.54,3,No,Active,UPI,2024-01-18,Bengaluru,3.7
C00360,60,Male,Clothing,Jacket,4148.92,2,Yes,Inactive,UPI,2025-11-09,Kolkata,4.5
C01208,25,Female,Clothing,T-Shirt,873.92,5,No,Active,Cash,2024-06-06,Chandigarh,4.7
C01672,51,Female,Clothing,Sneakers,1840.24,1,No,Inactive,Wallet,2024-05-27,Delhi,3.1
C01033,31,Male,Beauty,Shampoo,4972.85,3,Yes,Active,Debit Card,2025-03-02,Chandigarh,4.1
C00923,57,Female,Books,Self-Help,1669.37,1,No,Inactive,UPI,2025-01-09,Jaipur,3.8
C00053,44,Female,Electronics,Smartphone,48661.6,3,Yes,Active,Wallet,2025-07-19,Ahmedabad,3.1
C00894,26,Male,Sports,Dumbbells,1477.84,1,No,Inactive,Debit Card,2025-03-24,Hyderabad,4.7
C00367,40,Female,Sports,Cricket Bat,8581.65,1,Yes,Active,UPI,2024-03-17,Chandigarh,3.2
C01753,37,Male,Sports,Football,5006.08,1,No,Inactive,Credit Card,2025-12-01,Hyderabad,4.5
C01431,53,Male,Books,Business,1940.87,2,No,Inactive,UPI,2025-06-01,Bengaluru,3.8
C00341,33,Male,Clothing,Jeans,3845.0,1,No,Inactive,UPI,2025-10-19,Delhi,3.5
C01448,53,Male,Clothing,Jeans,4401.11,2,No,Inactive,UPI,2024-07-14,Mumbai,5.0
C01750,23,Female,Beauty,Shampoo,3337.23,2,No,Inactive,Net Banking,2024-08-15,Chennai,4.0
C00637,18,Other,Beauty,Skin Serum,3749.77,2,No,Active,UPI,2024-08-24,Delhi,3.6
C01347,23,Female,Electronics,Headphones,61288.87,5,No,Active,Wallet,2024-05-10,Pune,
C01009,27,Female,Electronics,Headphones,27898.75,4,Yes,Inactive,Net Banking,2025-07-26,Bengaluru,2.8
C01953,20,Male,Sports,Dumbbells,4529.1,2,No,Active,Credit Card,2025-06-24,Jaipur,5.0
C00138,26,Female,Books,Business,1559.74,1,No,Inactive,UPI,2025-07-15,Chandigarh,4.5
C01379,21,Male,Sports,Yoga Mat,6384.38,1,No,Active,Wallet,2025-02-05,Jaipur,2.9
C00408,31,Male,Books,Business,1831.52,4,No,Active,Cash,2025-07-29,Delhi,4.4
C00278,52,Male,Electronics,Headphones,1418.77,4,No,Inactive,Debit Card,2024-10-18,Chennai,4.7
C01556,55,Male,Beauty,Face Cream,4448.58,1,No,Inactive,Debit Card,2024-02-20,Jaipur,5.0
C00313,28,Male,Books,Comics,1761.71,1,No,Inactive,Credit Card,2024-06-30,Mumbai,4.0
C00870,62,Male,Sports,Yoga Mat,9369.63,1,Yes,Inactive,Credit Card,2024-09-24,Pune,4.6
C00956,36,Female,Sports,Running Shoes,3712.88,3,No,Inactive,Debit Card,2024-03-17,Pune,4.1
C01395,20,Female,Clothing,Jeans,2932.33,4,No,Inactive,Credit Card,2024-01-18,Delhi,3.7
C00999,23,Male,Home & Kitchen,Cookware,2177.64,1,No,Active,UPI,2025-09-18,Delhi,4.2
C01211,41,Male,Clothing,Dress,325.81,1,No,Inactive,UPI,2024-03-05,Pune,3.6
C00597,59,Female,Home & Kitchen,Cookware,4945.23,2,Yes,Inactive,UPI,2025-07-29,Kolkata,3.6
C00637,43,Male,Electronics,Smartphone,61255.31,1,No,Active,Wallet,2025-12-30,Bengaluru,4.3
C00934,59,Female,Electronics,Smartwatch,72954.0,3,No,Active,Credit Card,2025-05-12,Bengaluru,4.3
C00217,63,Male,Clothing,Sneakers,2873.65,5,No,Inactive,UPI,2025-04-28,Bengaluru,3.7
C00050,49,Male,Books,Comics,611.66,1,Yes,Active,Debit Card,2025-04-22,Bengaluru,4.2
C00628,62,Male,Beauty,Perfume,1531.21,1,No,Inactive,Wallet,2025-01-05,Ahmedabad,3.0
C00189,27,Female,Clothing,Jeans,4815.5,2,No,Active,Debit Card,2025-06-16,Hyderabad,2.9
C00553,39,Male,Books,Comics,1425.76,3,Yes,Inactive,UPI,2024-06-23,Ahmedabad,4.8
C01212,18,Female,Clothing,Sneakers,4524.24,1,No,Inactive,Net Banking,2024-11-09,Jaipur,3.2
C01095,25,Female,Electronics,Smartwatch,9174.82,3,Yes,Inactive,Debit Card,2024-06-30,Mumbai,3.8
C01169,46,Female,Home & Kitchen,Bedsheet,12554.48,2,No,Inactive,Net Banking,2024-07-17,Pune,2.9
C00936,62,Female,Home & Kitchen,Storage Box,2056.44,3,No,Inactive,UPI,2024-02-11,Hyderabad,3.7
C01284,36,Male,Books,Comics,1822.5,2,No,Active,Credit Card,2024-01-08,Ahmedabad,3.9
C01724,26,Male,Home & Kitchen,Bedsheet,12604.01,4,Yes,Inactive,Debit Card,2025-10-09,Ahmedabad,4.6
C00788,22,Male,Electronics,Headphones,39957.66,4,No,Inactive,Debit Card,2025-07-07,Jaipur,3.8
C01298,18,Male,Electronics,Smartphone,85636.68,1,No,Active,UPI,2025-02-23,Hyderabad,4.4
C01915,62,Male,Sports,Running Shoes,9071.09,3,No,Active,UPI,2024-11-02,Chennai,
C01723,55,Male,Beauty,Lipstick,2673.32,1,No,Active,UPI,2024-08-15,Hyderabad,3.8
C00192,53,Male,Clothing,Dress,4681.42,2,Yes,Active,Credit Card,2025-03-30,Pune,3.4
C00076,33,Female,Home & Kitchen,Cookware,4655.09,2,No,Inactive,Cash,2024-08-16,Mumbai,2.5
C00226,19,Male,Home & Kitchen,Cookware,4389.29,2,No,Inactive,UPI,2024-12-24,Hyderabad,4.4
C01002,22,Female,Clothing,Jacket,2252.36,1,No,Active,Debit Card,2025-07-09,Pune,3.5
C01611,58,Female,Clothing,Jeans,3943.13,2,Yes,Inactive,UPI,2024-10-29,Chandigarh,4.0
C01353,47,Female,Books,Self-Help,1105.53,3,No,Inactive,UPI,2024-03-26,Ahmedabad,3.8
C00472,33,Male,Electronics,Speaker,66535.52,2,No,Inactive,Credit Card,2024-11-28,Chandigarh,3.6
C01439,58,Male,Home & Kitchen,Cookware,14333.0,2,Yes,Inactive,Credit Card,2024-09-30,Mumbai,
C00123,51,Male,Books,Self-Help,845.89,1,No,Inactive,UPI,2024-11-27,Mumbai,4.1
C00341,58,Female,Beauty,Shampoo,681.49,1,No,Inactive,Credit Card,2024-06-21,Delhi,4.3
C01088,23,Female,Clothing,T-Shirt,3375.61,2,No,Inactive,UPI,2024-11-20,Bengaluru,3.5
C01363,55,Female,Electronics,Smartwatch,70380.64,5,Yes,Inactive,Net Banking,2024-01-30,Mumbai,3.9
C00557,44,Male,Sports,Running Shoes,842.29,4,Yes,Inactive,UPI,2025-08-18,Bengaluru,3.9
C00278,53,Female,Books,Self-Help,501.46,4,No,Inactive,Cash,2024-05-07,Jaipur,3.7
C01263,22,Male,Electronics,Smartwatch,14146.65,1,Yes,Active,Credit Card,2025-05-04,Delhi,3.9
C01093,56,Female,Books,Self-Help,929.72,2,No,Active,UPI,2024-02-04,Hyderabad,4.9
C01226,21,Female,Beauty,Shampoo,4634.01,2,Yes,Inactive,Debit Card,2024-10-28,Pune,3.8
C01618,31,Female,Books,Business,1682.98,4,Yes,Inactive,Debit Card,2024-01-04,Kolkata,3.6
C01905,45,Male,Books,Technology,1566.28,3,Yes,Inactive,Debit Card,2025-10-05,Chennai,3.4
C00930,59,Male,Books,Business,306.53,3,No,Inactive,UPI,2025-01-11,Ahmedabad,3.7
C01341,21,Female,Beauty,Shampoo,967.85,1,No,Inactive,Credit Card,2024-08-03,Ahmedabad,4.7
C00364,61,Female,Clothing,Sneakers,527.24,1,No,Inactive,Debit Card,2024-02-17,Kolkata,3.9
C00090,36,Female,Home & Kitchen,Bedsheet,2812.34,1,No,Inactive,Debit Card,2025-06-22,Mumbai,3.8
C00336,32,Male,Electronics,Smartwatch,52260.44,5,No,Inactive,Debit Card,2024-03-20,Jaipur,4.1
C00973,36,Female,Sports,Cricket Bat,1407.71,4,No,Active,Wallet,2024-12-30,Ahmedabad,5.0
C00063,59,Other,Books,Comics,840.03,1,Yes,Inactive,UPI,2024-12-26,Bengaluru,3.6
C00662,49,Male,Books,Technology,1925.81,1,Yes,Active,Debit Card,2024-05-12,Hyderabad,4.1
C00880,53,Other,Sports,Cricket Bat,10008.15,3,No,Inactive,Cash,2024-02-15,Jaipur,4.1
C01941,39,Female,Electronics,Speaker,45157.0,4,Yes,Inactive,Credit Card,2024-07-05,Hyderabad,4.0
C00814,51,Male,Beauty,Face Cream,1605.41,2,No,Inactive,UPI,2024-04-26,Jaipur,4.4
C01862,32,Female,Sports,Football,749.06,1,Yes,Inactive,Wallet,2025-04-25,Chandigarh,3.4
C01998,48,Male,Clothing,Dress,711.1,5,No,Active,Credit Card,2024-04-14,Chandigarh,3.0
C01719,24,Male,Clothing,Sneakers,4874.69,2,Yes,Inactive,UPI,2025-12-29,Pune,4.8
C01854,42,Female,Clothing,Sneakers,3352.69,1,Yes,Inactive,UPI,2024-03-28,Delhi,3.9
C01944,61,Male,Sports,Yoga Mat,2914.73,1,No,Inactive,UPI,2024-04-10,Hyderabad,4.5
C00833,60,Male,Clothing,Jacket,337.95,5,No,Active,UPI,2024-06-11,Mumbai,4.2
C00807,40,Male,Electronics,Smartwatch,75177.2,3,No,Inactive,Credit Card,2024-06-09,Jaipur,3.4
C00074,26,Male,Clothing,Jeans,4588.48,1,No,Inactive,Credit Card,2024-01-22,Delhi,4.3
C00758,37,Male,Books,Comics,1035.2,3,Yes,Active,UPI,2024-05-17,Bengaluru,3.6
C01974,35,Male,Clothing,Jacket,1724.74,2,Yes,Inactive,UPI,2024-10-12,Chennai,4.3
C00526,64,Male,Home & Kitchen,Cookware,7215.2,1,Yes,Active,Credit Card,2024-02-13,Chennai,4.0
C01125,53,Female,Sports,Running Shoes,5960.42,2,No,Inactive,UPI,2025-06-15,Mumbai,2.9
C00297,36,Male,Clothing,Jacket,3879.92,1,No,Active,Credit Card,2024-07-04,Delhi,4.3
C00459,39,Male,Clothing,Jacket,3703.96,2,Yes,Active,Debit Card,2025-09-23,Pune,3.6
C01523,42,Male,Clothing,Jacket,2902.83,2,No,Inactive,Cash,2024-08-07,Ahmedabad,3.4
C01620,45,Male,Books,Comics,1400.53,2,No,Inactive,UPI,2024-09-10,Pune,4.9
C01406,48,Male,Electronics,Speaker,80264.28,1,No,Inactive,Net Banking,2025-03-03,Hyderabad,3.3
C01956,37,Male,Books,Self-Help,1225.57,1,No,Inactive,Debit Card,2025-09-01,Mumbai,3.9
C01604,23,Male,Electronics,Smartwatch,39229.98,1,Yes,Active,Debit Card,2024-12-02,Mumbai,4.4
C01554,51,Male,Sports,Dumbbells,10155.07,1,Yes,Inactive,UPI,2024-04-20,Hyderabad,4.5
C00664,65,Female,Sports,Cricket Bat,6424.19,1,No,Inactive,UPI,2025-12-13,Delhi,4.7
C01142,65,Female,Sports,Dumbbells,2731.38,2,Yes,Active,Credit Card,2024-02-14,Bengaluru,4.5
C00312,55,Female,Clothing,Sneakers,3654.8,2,No,Inactive,Debit Card,2025-06-20,Chennai,3.9
C01308,44,Female,Clothing,Jeans,2082.44,1,No,Inactive,Net Banking,2025-11-12,Hyderabad,3.4
C00207,64,Female,Clothing,Sneakers,2710.6,1,No,Active,Credit Card,2025-06-08,Chandigarh,3.4
C01501,22,Female,Clothing,Jeans,1530.53,2,No,Inactive,UPI,2024-08-23,Ahmedabad,4.8
C01391,28,Male,Clothing,Dress,1582.86,1,No,Inactive,Debit Card,2025-05-08,Mumbai,3.1
C00894,57,Male,Sports,Running Shoes,8110.01,1,No,Inactive,Net Banking,2025-03-25,Delhi,3.5
C01011,30,Male,Electronics,Laptop,45362.0,3,No,Inactive,Credit Card,2025-06-21,Pune,3.2
C00208,38,Other,Sports,Dumbbells,8756.51,3,No,Inactive,Debit Card,2024-08-29,Kolkata,3.7
C00694,52,Female,Home & Kitchen,Storage Box,8488.72,3,No,Inactive,Debit Card,2025-05-26,Jaipur,3.2
C00538,29,Male,Clothing,Sneakers,3935.18,1,No,Inactive,Debit Card,2024-03-14,Mumbai,3.4
C01388,49,Female,Electronics,Headphones,6351.75,3,Yes,Inactive,Credit Card,2025-03-15,Bengaluru,5.0
C01714,38,Female,Beauty,Shampoo,4185.49,2,No,Active,Debit Card,2024-02-20,Chennai,4.3
C01986,26,Female,Beauty,Face Cream,1596.88,1,No,Inactive,Cash,2025-05-21,Chandigarh,3.9
C01537,38,Male,Electronics,Speaker,7439.77,1,No,Inactive,Credit Card,2025-08-02,Delhi,3.6
C00194,56,Male,Sports,Yoga Mat,8957.19,1,No,Active,Net Banking,2025-11-04,Jaipur,4.5
C01202,54,Male,Clothing,Jacket,3913.35,1,No,Active,Debit Card,2024-02-15,Chandigarh,4.6
C00729,21,Male,Clothing,T-Shirt,4000.82,2,No,Inactive,Debit Card,2024-12-11,Jaipur,4.6
C00693,25,Female,Books,Technology,418.1,1,No,Active,UPI,2025-01-11,Chandigarh,4.2
C01089,63,Female,Clothing,Dress,2122.93,4,No,Active,UPI,2024-05-15,Hyderabad,3.2
C00663,33,Female,Home & Kitchen,Storage Box,6999.09,3,Yes,Inactive,Wallet,2025-10-17,Delhi,4.3
C00018,61,Female,Books,Technology,830.75,5,No,Active,UPI,2024-07-05,Kolkata,2.1
C00947,45,Female,Books,Comics,450.45,2,No,Active,Credit Card,2024-02-18,Kolkata,4.0
C01217,23,Male,Home & Kitchen,Bedsheet,4973.25,3,No,Inactive,Debit Card,2024-12-23,Mumbai,3.3
C01847,54,Female,Books,Business,1214.59,4,No,Inactive,Debit Card,2024-01-07,Ahmedabad,3.4
C01536,61,Male,Clothing,T-Shirt,4638.27,4,Yes,Active,Credit Card,2024-08-16,Pune,4.4
C01701,46,Female,Sports,Football,3666.81,2,No,Active,Net Banking,2024-07-14,Mumbai,3.6
C00505,30,Male,Books,Technology,1539.17,1,No,Inactive,UPI,2024-01-22,Chandigarh,3.5
C01190,61,Male,Home & Kitchen,Bedsheet,2895.56,1,Yes,Inactive,Net Banking,2025-02-27,Chennai,3.7
C01620,39,Female,Beauty,Shampoo,1078.5,1,Yes,Inactive,Debit Card,2024-12-09,Hyderabad,4.1
C01189,32,Male,Home & Kitchen,Coffee Maker,2522.17,1,No,Active,UPI,2024-09-27,Hyderabad,3.9
C00460,41,Female,Beauty,Lipstick,3345.35,2,No,Active,UPI,2024-03-09,Ahmedabad,3.6
